target_id,shape,measure,leakage_family,pre_col,post_col,n_paired,group_pct_of_means,effect_size,abs_effect_size,pct_safe,recommended_scale,family_size,notes
s1_maxpower_w,1,MaxPower_W,BRSMVJ_CFT70_Vertical_Jump_Summary_obsv_ALL,,MaxPower_W::BRSMVJ_CFT70_Vertical_Jump_Summary_obsv_ALL::Visit=PRE2,38,,,,True,absolute,6,same-timepoint; 5 co-measured in this file at Visit=PRE2
s1_maxvelocity_ms,1,MaxVelocity_ms,BRSMVJ_CFT70_Vertical_Jump_Summary_obsv_ALL,,MaxVelocity_ms::BRSMVJ_CFT70_Vertical_Jump_Summary_obsv_ALL::Visit=PRE2,38,,,,True,absolute,6,same-timepoint; 5 co-measured in this file at Visit=PRE2
s1_maxaccel_g,1,MaxAccel_g,BRSMVJ_CFT70_Vertical_Jump_Summary_obsv_ALL,,MaxAccel_g::BRSMVJ_CFT70_Vertical_Jump_Summary_obsv_ALL::Visit=PRE2,38,,,,True,absolute,6,same-timepoint; 5 co-measured in this file at Visit=PRE2
s1_maxht_in,1,MaxHt_in,BRSMVJ_CFT70_Vertical_Jump_Summary_obsv_ALL,,MaxHt_in::BRSMVJ_CFT70_Vertical_Jump_Summary_obsv_ALL::Visit=PRE2,38,,,,True,absolute,6,same-timepoint; 5 co-measured in this file at Visit=PRE2
s1_maxpower_wkg,1,MaxPower_Wkg,BRSMVJ_CFT70_Vertical_Jump_Summary_obsv_ALL,,MaxPower_Wkg::BRSMVJ_CFT70_Vertical_Jump_Summary_obsv_ALL::Visit=PRE2,38,,,,True,absolute,6,same-timepoint; 5 co-measured in this file at Visit=PRE2
s1_maxht_cm,1,MaxHt_cm,BRSMVJ_CFT70_Vertical_Jump_Summary_obsv_ALL,,MaxHt_cm::BRSMVJ_CFT70_Vertical_Jump_Summary_obsv_ALL::Visit=PRE2,38,,,,True,absolute,6,same-timepoint; 5 co-measured in this file at Visit=PRE2
s1_total_fat_free,1,Total Fat Free,BEDREST_IRATS_iDXA_CFT70_Body_Composition_Total_obsv,,Total Fat Free::BEDREST_IRATS_iDXA_CFT70_Body_Composition_Total_obsv::Test=Post,38,,,,True,absolute,5,same-timepoint; 4 co-measured in this file at Test=Post
s1_total_tissue,1,Total Tissue,BEDREST_IRATS_iDXA_CFT70_Body_Composition_Total_obsv,,Total Tissue::BEDREST_IRATS_iDXA_CFT70_Body_Composition_Total_obsv::Test=Post,38,,,,True,absolute,5,same-timepoint; 4 co-measured in this file at Test=Post
s1_total_fat,1,Total Fat,BEDREST_IRATS_iDXA_CFT70_Body_Composition_Total_obsv,,Total Fat::BEDREST_IRATS_iDXA_CFT70_Body_Composition_Total_obsv::Test=Post,38,,,,True,absolute,5,same-timepoint; 4 co-measured in this file at Test=Post
s1_total_lean,1,Total Lean,BEDREST_IRATS_iDXA_CFT70_Body_Composition_Total_obsv,,Total Lean::BEDREST_IRATS_iDXA_CFT70_Body_Composition_Total_obsv::Test=Post,38,,,,True,absolute,5,same-timepoint; 4 co-measured in this file at Test=Post
s1_total_bmc,1,Total BMC,BEDREST_IRATS_iDXA_CFT70_Body_Composition_Total_obsv,,Total BMC::BEDREST_IRATS_iDXA_CFT70_Body_Composition_Total_obsv::Test=Pre,38,,,,True,absolute,5,same-timepoint; 4 co-measured in this file at Test=Pre
s1_total,1,Total,BEDREST_IRATS_iDXA_CFT70_Body_Composition_Gynoid_obsv,,Total::BEDREST_IRATS_iDXA_CFT70_Body_Composition_Gynoid_obsv::Test=Post,38,,,,True,absolute,5,same-timepoint; 4 co-measured in this file at Test=Post
s1_lean,1,Lean,BEDREST_IRATS_iDXA_CFT70_Body_Composition_Gynoid_obsv,,Lean::BEDREST_IRATS_iDXA_CFT70_Body_Composition_Gynoid_obsv::Test=Post,38,,,,True,absolute,5,same-timepoint; 4 co-measured in this file at Test=Post
s1_tissue,1,Tissue,BEDREST_IRATS_iDXA_CFT70_Body_Composition_Gynoid_obsv,,Tissue::BEDREST_IRATS_iDXA_CFT70_Body_Composition_Gynoid_obsv::Test=Post,38,,,,True,absolute,5,same-timepoint; 4 co-measured in this file at Test=Post
s1_fat,1,Fat,BEDREST_IRATS_iDXA_CFT70_Body_Composition_Gynoid_obsv,,Fat::BEDREST_IRATS_iDXA_CFT70_Body_Composition_Gynoid_obsv::Test=Post,38,,,,True,absolute,5,same-timepoint; 4 co-measured in this file at Test=Post
s1_bmc,1,BMC,BEDREST_IRATS_iDXA_CFT70_Body_Composition_Gynoid_obsv,,BMC::BEDREST_IRATS_iDXA_CFT70_Body_Composition_Gynoid_obsv::Test=Pre,38,,,,True,absolute,5,same-timepoint; 4 co-measured in this file at Test=Pre
s1_tdi_tricuspid_e_wave,1,TDI Tricuspid E Wave,BRSMCF_CFT70_2D_Echo_All,,TDI Tricuspid E Wave::BRSMCF_CFT70_2D_Echo_All::Test_Phase=IN_TEST|Day=7,37,,,,True,absolute,27,same-timepoint; 26 co-measured in this file at Test_Phase=IN_TEST|Day=7
s1_mitral_a_wave_velocity,1,Mitral A Wave Velocity,BRSMCF_CFT70_2D_Echo_All,,Mitral A Wave Velocity::BRSMCF_CFT70_2D_Echo_All::Test_Phase=IN_TEST|Day=7,37,,,,True,absolute,27,same-timepoint; 26 co-measured in this file at Test_Phase=IN_TEST|Day=7
s1_tdi_mitral_annular_e,1,TDI Mitral Annular E,BRSMCF_CFT70_2D_Echo_All,,TDI Mitral Annular E::BRSMCF_CFT70_2D_Echo_All::Test_Phase=IN_TEST|Day=7,37,,,,True,absolute,27,same-timepoint; 26 co-measured in this file at Test_Phase=IN_TEST|Day=7
s1_tdi_basal_septal_systole,1,TDI Basal Septal Systole,BRSMCF_CFT70_2D_Echo_All,,TDI Basal Septal Systole::BRSMCF_CFT70_2D_Echo_All::Test_Phase=IN_TEST|Day=7,37,,,,True,absolute,27,same-timepoint; 26 co-measured in this file at Test_Phase=IN_TEST|Day=7
s1_pulmonic_valve_acceleration_time,1,Pulmonic Valve Acceleration Time,BRSMCF_CFT70_2D_Echo_All,,Pulmonic Valve Acceleration Time::BRSMCF_CFT70_2D_Echo_All::Test_Phase=IN_TEST|Day=7,37,,,,True,absolute,27,same-timepoint; 26 co-measured in this file at Test_Phase=IN_TEST|Day=7
s1_tdi_tricuspid_systole,1,TDI Tricuspid Systole,BRSMCF_CFT70_2D_Echo_All,,TDI Tricuspid Systole::BRSMCF_CFT70_2D_Echo_All::Test_Phase=IN_TEST|Day=7,37,,,,True,absolute,27,same-timepoint; 26 co-measured in this file at Test_Phase=IN_TEST|Day=7
s1_tdi_basal_septal_a,1,TDI Basal Septal A,BRSMCF_CFT70_2D_Echo_All,,TDI Basal Septal A::BRSMCF_CFT70_2D_Echo_All::Test_Phase=IN_TEST|Day=7,37,,,,True,absolute,27,same-timepoint; 26 co-measured in this file at Test_Phase=IN_TEST|Day=7
s1_isovolumic_contraction_time,1,Isovolumic Contraction Time,BRSMCF_CFT70_2D_Echo_All,,Isovolumic Contraction Time::BRSMCF_CFT70_2D_Echo_All::Test_Phase=IN_TEST|Day=7,37,,,,True,absolute,27,same-timepoint; 26 co-measured in this file at Test_Phase=IN_TEST|Day=7
s1_left_ventricular_diameter_diastole,1,Left Ventricular Diameter Diastole,BRSMCF_CFT70_2D_Echo_All,,Left Ventricular Diameter Diastole::BRSMCF_CFT70_2D_Echo_All::Test_Phase=IN_TEST|Day=7,37,,,,True,absolute,27,same-timepoint; 26 co-measured in this file at Test_Phase=IN_TEST|Day=7
s1_aortic_valve_close_open,1,Aortic Valve Close Open,BRSMCF_CFT70_2D_Echo_All,,Aortic Valve Close Open::BRSMCF_CFT70_2D_Echo_All::Test_Phase=IN_TEST|Day=7,37,,,,True,absolute,27,same-timepoint; 26 co-measured in this file at Test_Phase=IN_TEST|Day=7
s1_tdi_right_heart_rate,1,TDI Right Heart Rate,BRSMCF_CFT70_2D_Echo_All,,TDI Right Heart Rate::BRSMCF_CFT70_2D_Echo_All::Test_Phase=IN_TEST|Day=7,37,,,,True,absolute,27,same-timepoint; 26 co-measured in this file at Test_Phase=IN_TEST|Day=7
s1_pulmonic_valve_ejection_time,1,Pulmonic Valve Ejection Time,BRSMCF_CFT70_2D_Echo_All,,Pulmonic Valve Ejection Time::BRSMCF_CFT70_2D_Echo_All::Test_Phase=IN_TEST|Day=7,37,,,,True,absolute,27,same-timepoint; 26 co-measured in this file at Test_Phase=IN_TEST|Day=7
s1_tdi_left_heart_rate,1,TDI Left Heart Rate,BRSMCF_CFT70_2D_Echo_All,,TDI Left Heart Rate::BRSMCF_CFT70_2D_Echo_All::Test_Phase=IN_TEST|Day=7,37,,,,True,absolute,27,same-timepoint; 26 co-measured in this file at Test_Phase=IN_TEST|Day=7
s1_mitral_e_wave_velocity,1,Mitral E Wave Velocity,BRSMCF_CFT70_2D_Echo_All,,Mitral E Wave Velocity::BRSMCF_CFT70_2D_Echo_All::Test_Phase=IN_TEST|Day=7,37,,,,True,absolute,27,same-timepoint; 26 co-measured in this file at Test_Phase=IN_TEST|Day=7
s1_tdi_mitral_annular_a,1,TDI Mitral Annular A,BRSMCF_CFT70_2D_Echo_All,,TDI Mitral Annular A::BRSMCF_CFT70_2D_Echo_All::Test_Phase=IN_TEST|Day=7,37,,,,True,absolute,27,same-timepoint; 26 co-measured in this file at Test_Phase=IN_TEST|Day=7
s1_tdi_tricuspid_a_wave,1,TDI Tricuspid A Wave,BRSMCF_CFT70_2D_Echo_All,,TDI Tricuspid A Wave::BRSMCF_CFT70_2D_Echo_All::Test_Phase=IN_TEST|Day=7,37,,,,True,absolute,27,same-timepoint; 26 co-measured in this file at Test_Phase=IN_TEST|Day=7
s1_tdi_basal_septal_e,1,TDI Basal Septal E,BRSMCF_CFT70_2D_Echo_All,,TDI Basal Septal E::BRSMCF_CFT70_2D_Echo_All::Test_Phase=IN_TEST|Day=7,37,,,,True,absolute,27,same-timepoint; 26 co-measured in this file at Test_Phase=IN_TEST|Day=7
s1_mitral_deceleration_time,1,Mitral Deceleration Time,BRSMCF_CFT70_2D_Echo_All,,Mitral Deceleration Time::BRSMCF_CFT70_2D_Echo_All::Test_Phase=IN_TEST|Day=7,37,,,,True,absolute,27,same-timepoint; 26 co-measured in this file at Test_Phase=IN_TEST|Day=7
s1_isovolumic_relaxation_time,1,Isovolumic Relaxation Time,BRSMCF_CFT70_2D_Echo_All,,Isovolumic Relaxation Time::BRSMCF_CFT70_2D_Echo_All::Test_Phase=IN_TEST|Day=7,37,,,,True,absolute,27,same-timepoint; 26 co-measured in this file at Test_Phase=IN_TEST|Day=7
s1_tdi_mitral_annular_systole,1,TDI Mitral Annular Systole,BRSMCF_CFT70_2D_Echo_All,,TDI Mitral Annular Systole::BRSMCF_CFT70_2D_Echo_All::Test_Phase=IN_TEST|Day=7,37,,,,True,absolute,27,same-timepoint; 26 co-measured in this file at Test_Phase=IN_TEST|Day=7
s1_lvot_velocity_time_integral,1,LVOT Velocity Time Integral,BRSMCF_CFT70_2D_Echo_All,,LVOT Velocity Time Integral::BRSMCF_CFT70_2D_Echo_All::Test_Phase=IN_TEST|Day=7,37,,,,True,absolute,27,same-timepoint; 26 co-measured in this file at Test_Phase=IN_TEST|Day=7
s1_ejection_time,1,Ejection Time,BRSMCF_CFT70_2D_Echo_All,,Ejection Time::BRSMCF_CFT70_2D_Echo_All::Test_Phase=IN_TEST|Day=7,37,,,,True,absolute,27,same-timepoint; 26 co-measured in this file at Test_Phase=IN_TEST|Day=7
s1_tricuspid_a_velocity,1,Tricuspid A Velocity,BRSMCF_CFT70_2D_Echo_All,,Tricuspid A Velocity::BRSMCF_CFT70_2D_Echo_All::Test_Phase=IN_TEST|Day=70,37,,,,True,absolute,27,same-timepoint; 26 co-measured in this file at Test_Phase=IN_TEST|Day=70
s1_tricuspid_e_velocity,1,Tricuspid E Velocity,BRSMCF_CFT70_2D_Echo_All,,Tricuspid E Velocity::BRSMCF_CFT70_2D_Echo_All::Test_Phase=IN_TEST|Day=70,37,,,,True,absolute,27,same-timepoint; 26 co-measured in this file at Test_Phase=IN_TEST|Day=70
s1_left_ventricular_diameter_systole,1,Left Ventricular Diameter Systole,BRSMCF_CFT70_2D_Echo_All,,Left Ventricular Diameter Systole::BRSMCF_CFT70_2D_Echo_All::Test_Phase=POST_TEST|Day=0 +4 hr,37,,,,True,absolute,27,same-timepoint; 26 co-measured in this file at Test_Phase=POST_TEST|Day=0 +4 hr
s1_color_m_mode_velocity_propagation_,1,Color M-Mode Velocity Propagation Time,BRSMCF_CFT70_2D_Echo_All,,Color M-Mode Velocity Propagation Time::BRSMCF_CFT70_2D_Echo_All::Test_Phase=POST_TEST|Day=0 +4 hr,37,,,,True,absolute,27,same-timepoint; 26 co-measured in this file at Test_Phase=POST_TEST|Day=0 +4 hr
s1_fallrecovery_stand,1,FallRecovery_Stand,BEDREST_FTT_CFT70_HR_AcrossTests_DataTable_obsv,,FallRecovery_Stand::BEDREST_FTT_CFT70_HR_AcrossTests_DataTable_obsv::Test_Phase=POST_TEST|BR_Day=0,36,,,,True,absolute,24,same-timepoint; 23 co-measured in this file at Test_Phase=POST_TEST|BR_Day=0
s1_fallrecovery_prone,1,FallRecovery_Prone,BEDREST_FTT_CFT70_HR_AcrossTests_DataTable_obsv,,FallRecovery_Prone::BEDREST_FTT_CFT70_HR_AcrossTests_DataTable_obsv::Test_Phase=POST_TEST|BR_Day=0,36,,,,True,absolute,24,same-timepoint; 23 co-measured in this file at Test_Phase=POST_TEST|BR_Day=0
s1_linetest_2,1,LineTest_2,BEDREST_FTT_CFT70_HR_AcrossTests_DataTable_obsv,,LineTest_2::BEDREST_FTT_CFT70_HR_AcrossTests_DataTable_obsv::Test_Phase=POST_TEST|BR_Day=0,36,,,,True,absolute,24,same-timepoint; 23 co-measured in this file at Test_Phase=POST_TEST|BR_Day=0
s1_linetest_3,1,LineTest_3,BEDREST_FTT_CFT70_HR_AcrossTests_DataTable_obsv,,LineTest_3::BEDREST_FTT_CFT70_HR_AcrossTests_DataTable_obsv::Test_Phase=POST_TEST|BR_Day=0,36,,,,True,absolute,24,same-timepoint; 23 co-measured in this file at Test_Phase=POST_TEST|BR_Day=0
s1_egress_recline,1,Egress_Recline,BEDREST_FTT_CFT70_HR_AcrossTests_DataTable_obsv,,Egress_Recline::BEDREST_FTT_CFT70_HR_AcrossTests_DataTable_obsv::Test_Phase=POST_TEST|BR_Day=0,36,,,,True,absolute,24,same-timepoint; 23 co-measured in this file at Test_Phase=POST_TEST|BR_Day=0
s1_egress_seated,1,Egress_Seated,BEDREST_FTT_CFT70_HR_AcrossTests_DataTable_obsv,,Egress_Seated::BEDREST_FTT_CFT70_HR_AcrossTests_DataTable_obsv::Test_Phase=POST_TEST|BR_Day=0,36,,,,True,absolute,24,same-timepoint; 23 co-measured in this file at Test_Phase=POST_TEST|BR_Day=0
s1_linetest_1,1,LineTest_1,BEDREST_FTT_CFT70_HR_AcrossTests_DataTable_obsv,,LineTest_1::BEDREST_FTT_CFT70_HR_AcrossTests_DataTable_obsv::Test_Phase=POST_TEST|BR_Day=0,36,,,,True,absolute,24,same-timepoint; 23 co-measured in this file at Test_Phase=POST_TEST|BR_Day=0
s1_benchpress_forcecontrol,1,BenchPress_ForceControl,BEDREST_FTT_CFT70_HR_AcrossTests_DataTable_obsv,,BenchPress_ForceControl::BEDREST_FTT_CFT70_HR_AcrossTests_DataTable_obsv::Test_Phase=POST_TEST|BR_Day=1,36,,,,True,absolute,24,same-timepoint; 23 co-measured in this file at Test_Phase=POST_TEST|BR_Day=1
s1_jumptask_2,1,JumpTask_2,BEDREST_FTT_CFT70_HR_AcrossTests_DataTable_obsv,,JumpTask_2::BEDREST_FTT_CFT70_HR_AcrossTests_DataTable_obsv::Test_Phase=POST_TEST|BR_Day=1,36,,,,True,absolute,24,same-timepoint; 23 co-measured in this file at Test_Phase=POST_TEST|BR_Day=1
s1_legpress_maxisoforce,1,LegPress_MaxIsoForce,BEDREST_FTT_CFT70_HR_AcrossTests_DataTable_obsv,,LegPress_MaxIsoForce::BEDREST_FTT_CFT70_HR_AcrossTests_DataTable_obsv::Test_Phase=POST_TEST|BR_Day=1,36,,,,True,absolute,24,same-timepoint; 23 co-measured in this file at Test_Phase=POST_TEST|BR_Day=1
s1_jumptask_1,1,JumpTask_1,BEDREST_FTT_CFT70_HR_AcrossTests_DataTable_obsv,,JumpTask_1::BEDREST_FTT_CFT70_HR_AcrossTests_DataTable_obsv::Test_Phase=POST_TEST|BR_Day=1,36,,,,True,absolute,24,same-timepoint; 23 co-measured in this file at Test_Phase=POST_TEST|BR_Day=1
s1_rocktranslation,1,RockTranslation,BEDREST_FTT_CFT70_HR_AcrossTests_DataTable_obsv,,RockTranslation::BEDREST_FTT_CFT70_HR_AcrossTests_DataTable_obsv::Test_Phase=POST_TEST|BR_Day=1,36,,,,True,absolute,24,same-timepoint; 23 co-measured in this file at Test_Phase=POST_TEST|BR_Day=1
s1_torquegeneration_isometric,1,TorqueGeneration_Isometric,BEDREST_FTT_CFT70_HR_AcrossTests_DataTable_obsv,,TorqueGeneration_Isometric::BEDREST_FTT_CFT70_HR_AcrossTests_DataTable_obsv::Test_Phase=POST_TEST|BR_Day=1,36,,,,True,absolute,24,same-timepoint; 23 co-measured in this file at Test_Phase=POST_TEST|BR_Day=1
s1_jumptask_3,1,JumpTask_3,BEDREST_FTT_CFT70_HR_AcrossTests_DataTable_obsv,,JumpTask_3::BEDREST_FTT_CFT70_HR_AcrossTests_DataTable_obsv::Test_Phase=POST_TEST|BR_Day=1,36,,,,True,absolute,24,same-timepoint; 23 co-measured in this file at Test_Phase=POST_TEST|BR_Day=1
s1_ladderclimb,1,LadderClimb,BEDREST_FTT_CFT70_HR_AcrossTests_DataTable_obsv,,LadderClimb::BEDREST_FTT_CFT70_HR_AcrossTests_DataTable_obsv::Test_Phase=POST_TEST|BR_Day=1,36,,,,True,absolute,24,same-timepoint; 23 co-measured in this file at Test_Phase=POST_TEST|BR_Day=1
s1_torquegeneration_isotonic,1,TorqueGeneration_Isotonic,BEDREST_FTT_CFT70_HR_AcrossTests_DataTable_obsv,,TorqueGeneration_Isotonic::BEDREST_FTT_CFT70_HR_AcrossTests_DataTable_obsv::Test_Phase=POST_TEST|BR_Day=1,36,,,,True,absolute,24,same-timepoint; 23 co-measured in this file at Test_Phase=POST_TEST|BR_Day=1
s1_benchpress_maxisoforce,1,BenchPress_MaxIsoForce,BEDREST_FTT_CFT70_HR_AcrossTests_DataTable_obsv,,BenchPress_MaxIsoForce::BEDREST_FTT_CFT70_HR_AcrossTests_DataTable_obsv::Test_Phase=POST_TEST|BR_Day=1,36,,,,True,absolute,24,same-timepoint; 23 co-measured in this file at Test_Phase=POST_TEST|BR_Day=1
s1_activityboard,1,ActivityBoard,BEDREST_FTT_CFT70_HR_AcrossTests_DataTable_obsv,,ActivityBoard::BEDREST_FTT_CFT70_HR_AcrossTests_DataTable_obsv::Test_Phase=POST_TEST|BR_Day=1,36,,,,True,absolute,24,same-timepoint; 23 co-measured in this file at Test_Phase=POST_TEST|BR_Day=1
s1_visualacuity_static,1,VisualAcuity_Static,BEDREST_FTT_CFT70_HR_AcrossTests_DataTable_obsv,,VisualAcuity_Static::BEDREST_FTT_CFT70_HR_AcrossTests_DataTable_obsv::Test_Phase=POST_TEST|BR_Day=1,36,,,,True,absolute,24,same-timepoint; 23 co-measured in this file at Test_Phase=POST_TEST|BR_Day=1
s1_benchpress_powerendurance,1,BenchPress_PowerEndurance,BEDREST_FTT_CFT70_HR_AcrossTests_DataTable_obsv,,BenchPress_PowerEndurance::BEDREST_FTT_CFT70_HR_AcrossTests_DataTable_obsv::Test_Phase=POST_TEST|BR_Day=1,36,,,,True,absolute,24,same-timepoint; 23 co-measured in this file at Test_Phase=POST_TEST|BR_Day=1
s1_post_cohgb_analysis_1,1,Post-COHgb Analysis 1 (%),BRSMPV_CFT70_PLASMA_VOLUME_all_subjects,,Post-COHgb Analysis 1 (%)::BRSMPV_CFT70_PLASMA_VOLUME_all_subjects::Test_Phase=POST_TEST|BR_Day=0|Session=BR+0,36,,,,True,absolute,13,same-timepoint; 12 co-measured in this file at Test_Phase=POST_TEST|BR_Day=0|Session=BR+0
s1_pvtot_l,1,PVtot (L),BRSMPV_CFT70_PLASMA_VOLUME_all_subjects,,PVtot (L)::BRSMPV_CFT70_PLASMA_VOLUME_all_subjects::Test_Phase=POST_TEST|BR_Day=0|Session=BR+0,36,,,,True,absolute,13,same-timepoint; 12 co-measured in this file at Test_Phase=POST_TEST|BR_Day=0|Session=BR+0
s1_post_hct,1,Post-Hct (%),BRSMPV_CFT70_PLASMA_VOLUME_all_subjects,,Post-Hct (%)::BRSMPV_CFT70_PLASMA_VOLUME_all_subjects::Test_Phase=POST_TEST|BR_Day=0|Session=BR+0,36,,,,True,absolute,13,same-timepoint; 12 co-measured in this file at Test_Phase=POST_TEST|BR_Day=0|Session=BR+0
s1_bvtot_l,1,BVtot (L),BRSMPV_CFT70_PLASMA_VOLUME_all_subjects,,BVtot (L)::BRSMPV_CFT70_PLASMA_VOLUME_all_subjects::Test_Phase=POST_TEST|BR_Day=0|Session=BR+0,36,,,,True,absolute,13,same-timepoint; 12 co-measured in this file at Test_Phase=POST_TEST|BR_Day=0|Session=BR+0
s1_pre_hgb_g_dl,1,Pre-Hgb (g/dL),BRSMPV_CFT70_PLASMA_VOLUME_all_subjects,,Pre-Hgb (g/dL)::BRSMPV_CFT70_PLASMA_VOLUME_all_subjects::Test_Phase=POST_TEST|BR_Day=0|Session=BR+0,36,,,,True,absolute,13,same-timepoint; 12 co-measured in this file at Test_Phase=POST_TEST|BR_Day=0|Session=BR+0
s1_pre_cohgb_analysis_1,1,Pre-COHgb Analysis 1 (%),BRSMPV_CFT70_PLASMA_VOLUME_all_subjects,,Pre-COHgb Analysis 1 (%)::BRSMPV_CFT70_PLASMA_VOLUME_all_subjects::Test_Phase=POST_TEST|BR_Day=0|Session=BR+0,36,,,,True,absolute,13,same-timepoint; 12 co-measured in this file at Test_Phase=POST_TEST|BR_Day=0|Session=BR+0
s1_pre_cohgb_analysis_2,1,Pre-COHgb Analysis 2 (%),BRSMPV_CFT70_PLASMA_VOLUME_all_subjects,,Pre-COHgb Analysis 2 (%)::BRSMPV_CFT70_PLASMA_VOLUME_all_subjects::Test_Phase=POST_TEST|BR_Day=0|Session=BR+0,36,,,,True,absolute,13,same-timepoint; 12 co-measured in this file at Test_Phase=POST_TEST|BR_Day=0|Session=BR+0
s1_post_hgb_g_dl,1,Post-Hgb (g/dL),BRSMPV_CFT70_PLASMA_VOLUME_all_subjects,,Post-Hgb (g/dL)::BRSMPV_CFT70_PLASMA_VOLUME_all_subjects::Test_Phase=POST_TEST|BR_Day=0|Session=BR+0,36,,,,True,absolute,13,same-timepoint; 12 co-measured in this file at Test_Phase=POST_TEST|BR_Day=0|Session=BR+0
s1_pre_hct,1,Pre-Hct (%),BRSMPV_CFT70_PLASMA_VOLUME_all_subjects,,Pre-Hct (%)::BRSMPV_CFT70_PLASMA_VOLUME_all_subjects::Test_Phase=POST_TEST|BR_Day=0|Session=BR+0,36,,,,True,absolute,13,same-timepoint; 12 co-measured in this file at Test_Phase=POST_TEST|BR_Day=0|Session=BR+0
s1_post_cohgb_analysis_2,1,Post-COHgb Analysis 2 (%),BRSMPV_CFT70_PLASMA_VOLUME_all_subjects,,Post-COHgb Analysis 2 (%)::BRSMPV_CFT70_PLASMA_VOLUME_all_subjects::Test_Phase=POST_TEST|BR_Day=0|Session=BR+0,36,,,,True,absolute,13,same-timepoint; 12 co-measured in this file at Test_Phase=POST_TEST|BR_Day=0|Session=BR+0
s1_pre_cohgb_analysis_3,1,Pre-COHgb Analysis 3 (%),BRSMPV_CFT70_PLASMA_VOLUME_all_subjects,,Pre-COHgb Analysis 3 (%)::BRSMPV_CFT70_PLASMA_VOLUME_all_subjects::Test_Phase=POST_TEST|BR_Day=0|Session=BR+0,36,,,,True,absolute,13,same-timepoint; 12 co-measured in this file at Test_Phase=POST_TEST|BR_Day=0|Session=BR+0
s1_post_cohgb_analysis_3,1,Post-COHgb Analysis 3 (%),BRSMPV_CFT70_PLASMA_VOLUME_all_subjects,,Post-COHgb Analysis 3 (%)::BRSMPV_CFT70_PLASMA_VOLUME_all_subjects::Test_Phase=POST_TEST|BR_Day=0|Session=BR+0,36,,,,True,absolute,13,same-timepoint; 12 co-measured in this file at Test_Phase=POST_TEST|BR_Day=0|Session=BR+0
s1_rbcvol,1,RBCvol,BRSMPV_CFT70_PLASMA_VOLUME_all_subjects,,RBCvol::BRSMPV_CFT70_PLASMA_VOLUME_all_subjects::Test_Phase=POST_TEST|BR_Day=0|Session=BR+0,36,,,,True,absolute,13,same-timepoint; 12 co-measured in this file at Test_Phase=POST_TEST|BR_Day=0|Session=BR+0
s1_dbppk,1,DBPPK,MR080G_CFT70_POST1_ALL,,DBPPK::MR080G_CFT70_POST1_ALL::TEST=POST1|TEST_PHASE=POST_TEST|BR DAY=0,36,,,,True,absolute,35,same-timepoint; 34 co-measured in this file at TEST=POST1|TEST_PHASE=POST_TEST|BR DAY=0
s1_br_freqpk,1,BR FREQPK,MR080G_CFT70_POST1_ALL,,BR FREQPK::MR080G_CFT70_POST1_ALL::TEST=POST1|TEST_PHASE=POST_TEST|BR DAY=0,36,,,,True,absolute,35,same-timepoint; 34 co-measured in this file at TEST=POST1|TEST_PHASE=POST_TEST|BR DAY=0
s1_hrsupine,1,HRsupine,MR080G_CFT70_POST1_ALL,,HRsupine::MR080G_CFT70_POST1_ALL::TEST=POST1|TEST_PHASE=POST_TEST|BR DAY=0,36,,,,True,absolute,35,same-timepoint; 34 co-measured in this file at TEST=POST1|TEST_PHASE=POST_TEST|BR DAY=0
s1_wkld_vo2pk,1,WKLD @ VO2PK,MR080G_CFT70_POST1_ALL,,WKLD @ VO2PK::MR080G_CFT70_POST1_ALL::TEST=POST1|TEST_PHASE=POST_TEST|BR DAY=0,36,,,,True,absolute,35,same-timepoint; 34 co-measured in this file at TEST=POST1|TEST_PHASE=POST_TEST|BR DAY=0
s1_feco2pk,1,FECO2PK,MR080G_CFT70_POST1_ALL,,FECO2PK::MR080G_CFT70_POST1_ALL::TEST=POST1|TEST_PHASE=POST_TEST|BR DAY=0,36,,,,True,absolute,35,same-timepoint; 34 co-measured in this file at TEST=POST1|TEST_PHASE=POST_TEST|BR DAY=0
s1_vepk,1,VEPK,MR080G_CFT70_POST1_ALL,,VEPK::MR080G_CFT70_POST1_ALL::TEST=POST1|TEST_PHASE=POST_TEST|BR DAY=0,36,,,,True,absolute,35,same-timepoint; 34 co-measured in this file at TEST=POST1|TEST_PHASE=POST_TEST|BR DAY=0
s1_rel_hum,1,REL HUM (%),MR080G_CFT70_POST1_ALL,,REL HUM (%)::MR080G_CFT70_POST1_ALL::TEST=POST1|TEST_PHASE=POST_TEST|BR DAY=0,36,,,,True,absolute,35,same-timepoint; 34 co-measured in this file at TEST=POST1|TEST_PHASE=POST_TEST|BR DAY=0
s1_temp_0c,1,TEMP (0C),MR080G_CFT70_POST1_ALL,,TEMP (0C)::MR080G_CFT70_POST1_ALL::TEST=POST1|TEST_PHASE=POST_TEST|BR DAY=0,36,,,,True,absolute,35,same-timepoint; 34 co-measured in this file at TEST=POST1|TEST_PHASE=POST_TEST|BR DAY=0
s1_rerpk,1,RERPK,MR080G_CFT70_POST1_ALL,,RERPK::MR080G_CFT70_POST1_ALL::TEST=POST1|TEST_PHASE=POST_TEST|BR DAY=0,36,,,,True,absolute,35,same-timepoint; 34 co-measured in this file at TEST=POST1|TEST_PHASE=POST_TEST|BR DAY=0
s1_sbpseated,1,SBPseated,MR080G_CFT70_POST1_ALL,,SBPseated::MR080G_CFT70_POST1_ALL::TEST=POST1|TEST_PHASE=POST_TEST|BR DAY=0,36,,,,True,absolute,35,same-timepoint; 34 co-measured in this file at TEST=POST1|TEST_PHASE=POST_TEST|BR DAY=0
s1_sbpsupine,1,SBPsupine,MR080G_CFT70_POST1_ALL,,SBPsupine::MR080G_CFT70_POST1_ALL::TEST=POST1|TEST_PHASE=POST_TEST|BR DAY=0,36,,,,True,absolute,35,same-timepoint; 34 co-measured in this file at TEST=POST1|TEST_PHASE=POST_TEST|BR DAY=0
s1_timetot,1,TIMETOT,MR080G_CFT70_POST1_ALL,,TIMETOT::MR080G_CFT70_POST1_ALL::TEST=POST1|TEST_PHASE=POST_TEST|BR DAY=0,36,,,,True,absolute,35,same-timepoint; 34 co-measured in this file at TEST=POST1|TEST_PHASE=POST_TEST|BR DAY=0
s1_feo2pk,1,FEO2PK,MR080G_CFT70_POST1_ALL,,FEO2PK::MR080G_CFT70_POST1_ALL::TEST=POST1|TEST_PHASE=POST_TEST|BR DAY=0,36,,,,True,absolute,35,same-timepoint; 34 co-measured in this file at TEST=POST1|TEST_PHASE=POST_TEST|BR DAY=0
s1_max_wkld,1,MAX WKLD,MR080G_CFT70_POST1_ALL,,MAX WKLD::MR080G_CFT70_POST1_ALL::TEST=POST1|TEST_PHASE=POST_TEST|BR DAY=0,36,,,,True,absolute,35,same-timepoint; 34 co-measured in this file at TEST=POST1|TEST_PHASE=POST_TEST|BR DAY=0
s1_vo2pk,1,VO2PK,MR080G_CFT70_POST1_ALL,,VO2PK::MR080G_CFT70_POST1_ALL::TEST=POST1|TEST_PHASE=POST_TEST|BR DAY=0,36,,,,True,absolute,35,same-timepoint; 34 co-measured in this file at TEST=POST1|TEST_PHASE=POST_TEST|BR DAY=0
s1_rel_vo2pk,1,REL VO2PK,MR080G_CFT70_POST1_ALL,,REL VO2PK::MR080G_CFT70_POST1_ALL::TEST=POST1|TEST_PHASE=POST_TEST|BR DAY=0,36,,,,True,absolute,35,same-timepoint; 34 co-measured in this file at TEST=POST1|TEST_PHASE=POST_TEST|BR DAY=0
s1_dbpsupine,1,DBPsupine,MR080G_CFT70_POST1_ALL,,DBPsupine::MR080G_CFT70_POST1_ALL::TEST=POST1|TEST_PHASE=POST_TEST|BR DAY=0,36,,,,True,absolute,35,same-timepoint; 34 co-measured in this file at TEST=POST1|TEST_PHASE=POST_TEST|BR DAY=0
s1_hrpk,1,HRPK,MR080G_CFT70_POST1_ALL,,HRPK::MR080G_CFT70_POST1_ALL::TEST=POST1|TEST_PHASE=POST_TEST|BR DAY=0,36,,,,True,absolute,35,same-timepoint; 34 co-measured in this file at TEST=POST1|TEST_PHASE=POST_TEST|BR DAY=0
s1_dbpseated,1,DBPseated,MR080G_CFT70_POST1_ALL,,DBPseated::MR080G_CFT70_POST1_ALL::TEST=POST1|TEST_PHASE=POST_TEST|BR DAY=0,36,,,,True,absolute,35,same-timepoint; 34 co-measured in this file at TEST=POST1|TEST_PHASE=POST_TEST|BR DAY=0
s1_sbppk,1,SBPPK,MR080G_CFT70_POST1_ALL,,SBPPK::MR080G_CFT70_POST1_ALL::TEST=POST1|TEST_PHASE=POST_TEST|BR DAY=0,36,,,,True,absolute,35,same-timepoint; 34 co-measured in this file at TEST=POST1|TEST_PHASE=POST_TEST|BR DAY=0
s1_pbar_mmhg,1,pBAR (mmHG),MR080G_CFT70_POST1_ALL,,pBAR (mmHG)::MR080G_CFT70_POST1_ALL::TEST=POST1|TEST_PHASE=POST_TEST|BR DAY=0,36,,,,True,absolute,35,same-timepoint; 34 co-measured in this file at TEST=POST1|TEST_PHASE=POST_TEST|BR DAY=0
s1_hrseated,1,HRseated,MR080G_CFT70_POST1_ALL,,HRseated::MR080G_CFT70_POST1_ALL::TEST=POST1|TEST_PHASE=POST_TEST|BR DAY=0,36,,,,True,absolute,35,same-timepoint; 34 co-measured in this file at TEST=POST1|TEST_PHASE=POST_TEST|BR DAY=0
s1_weight,1,WEIGHT,MR080G_CFT70_POST1_ALL,,WEIGHT::MR080G_CFT70_POST1_ALL::TEST=POST1|TEST_PHASE=POST_TEST|BR DAY=0,36,,,,True,absolute,35,same-timepoint; 34 co-measured in this file at TEST=POST1|TEST_PHASE=POST_TEST|BR DAY=0
s1_vtpk,1,VTPK,MR080G_CFT70_POST1_ALL,,VTPK::MR080G_CFT70_POST1_ALL::TEST=POST1|TEST_PHASE=POST_TEST|BR DAY=0,36,,,,True,absolute,35,same-timepoint; 34 co-measured in this file at TEST=POST1|TEST_PHASE=POST_TEST|BR DAY=0
s1_vco2pk,1,VCO2PK,MR080G_CFT70_POST1_ALL,,VCO2PK::MR080G_CFT70_POST1_ALL::TEST=POST1|TEST_PHASE=POST_TEST|BR DAY=0,36,,,,True,absolute,35,same-timepoint; 34 co-measured in this file at TEST=POST1|TEST_PHASE=POST_TEST|BR DAY=0
s1_tricuspid_regurgitation,1,Tricuspid Regurgitation,BRSMCF_CFT70_2D_Echo_All,,Tricuspid Regurgitation::BRSMCF_CFT70_2D_Echo_All::Test_Phase=IN_TEST|Day=7,36,,,,True,absolute,27,same-timepoint; 26 co-measured in this file at Test_Phase=IN_TEST|Day=7
s1_kneeextension_forcecontrol,1,KneeExtension_ForceControl,BEDREST_FTT_CFT70_HR_AcrossTests_DataTable_obsv,,KneeExtension_ForceControl::BEDREST_FTT_CFT70_HR_AcrossTests_DataTable_obsv::Test_Phase=POST_TEST|BR_Day=1,35,,,,True,absolute,24,same-timepoint; 23 co-measured in this file at Test_Phase=POST_TEST|BR_Day=1
s1_visualacuity_dynamic,1,VisualAcuity_Dynamic,BEDREST_FTT_CFT70_HR_AcrossTests_DataTable_obsv,,VisualAcuity_Dynamic::BEDREST_FTT_CFT70_HR_AcrossTests_DataTable_obsv::Test_Phase=POST_TEST|BR_Day=1,35,,,,True,absolute,24,same-timepoint; 23 co-measured in this file at Test_Phase=POST_TEST|BR_Day=1
s1_legpress_powerendurance,1,LegPress_PowerEndurance,BEDREST_FTT_CFT70_HR_AcrossTests_DataTable_obsv,,LegPress_PowerEndurance::BEDREST_FTT_CFT70_HR_AcrossTests_DataTable_obsv::Test_Phase=POST_TEST|BR_Day=1,35,,,,True,absolute,24,same-timepoint; 23 co-measured in this file at Test_Phase=POST_TEST|BR_Day=1
s1_rpepk,1,RPEPK,MR080G_CFT70_POST1_ALL,,RPEPK::MR080G_CFT70_POST1_ALL::TEST=POST1|TEST_PHASE=POST_TEST|BR DAY=0,35,,,,True,absolute,35,same-timepoint; 34 co-measured in this file at TEST=POST1|TEST_PHASE=POST_TEST|BR DAY=0
s1_max_ht_in,1,Max Ht (in),BRSMVJ_CFT70_Vertical_Jump_Post1_jumps_obsv_ALL,,Max Ht (in)::BRSMVJ_CFT70_Vertical_Jump_Post1_jumps_obsv_ALL::Test_Phase=POST_TEST|BR Day=0.0|Trial=1,34,,,,True,absolute,13,same-timepoint; 12 co-measured in this file at Test_Phase=POST_TEST|BR Day=0.0|Trial=1
s1_max_acceleration_g,1,Max Acceleration (g),BRSMVJ_CFT70_Vertical_Jump_Post1_jumps_obsv_ALL,,Max Acceleration (g)::BRSMVJ_CFT70_Vertical_Jump_Post1_jumps_obsv_ALL::Test_Phase=POST_TEST|BR Day=0.0|Trial=1,34,,,,True,absolute,13,same-timepoint; 12 co-measured in this file at Test_Phase=POST_TEST|BR Day=0.0|Trial=1
s1_max_power_w,1,Max Power (W),BRSMVJ_CFT70_Vertical_Jump_Post1_jumps_obsv_ALL,,Max Power (W)::BRSMVJ_CFT70_Vertical_Jump_Post1_jumps_obsv_ALL::Test_Phase=POST_TEST|BR Day=0.0|Trial=1,34,,,,True,absolute,13,same-timepoint; 12 co-measured in this file at Test_Phase=POST_TEST|BR Day=0.0|Trial=1
s1_max_velocity_m_s,1,Max Velocity (m/s),BRSMVJ_CFT70_Vertical_Jump_Post1_jumps_obsv_ALL,,Max Velocity (m/s)::BRSMVJ_CFT70_Vertical_Jump_Post1_jumps_obsv_ALL::Test_Phase=POST_TEST|BR Day=0.0|Trial=1,34,,,,True,absolute,13,same-timepoint; 12 co-measured in this file at Test_Phase=POST_TEST|BR Day=0.0|Trial=1
s1_max_ht_cm,1,Max Ht (cm),BRSMVJ_CFT70_Vertical_Jump_Post1_jumps_obsv_ALL,,Max Ht (cm)::BRSMVJ_CFT70_Vertical_Jump_Post1_jumps_obsv_ALL::Test_Phase=POST_TEST|BR Day=0.0|Trial=1,34,,,,True,absolute,13,same-timepoint; 12 co-measured in this file at Test_Phase=POST_TEST|BR Day=0.0|Trial=1
s1_max_power_w_kg,1,Max Power (W/kg),BRSMVJ_CFT70_Vertical_Jump_Post1_jumps_obsv_ALL,,Max Power (W/kg)::BRSMVJ_CFT70_Vertical_Jump_Post1_jumps_obsv_ALL::Test_Phase=POST_TEST|BR Day=0.0|Trial=1,34,,,,True,absolute,13,same-timepoint; 12 co-measured in this file at Test_Phase=POST_TEST|BR Day=0.0|Trial=1
s1_kneeextension_twitch,1,KneeExtension_Twitch,BEDREST_FTT_CFT70_HR_AcrossTests_DataTable_obsv,,KneeExtension_Twitch::BEDREST_FTT_CFT70_HR_AcrossTests_DataTable_obsv::Test_Phase=POST_TEST|BR_Day=1,34,,,,True,absolute,24,same-timepoint; 23 co-measured in this file at Test_Phase=POST_TEST|BR_Day=1
s1_vt3,1,VT3,MR080G_CFT70_POST1_ALL,,VT3::MR080G_CFT70_POST1_ALL::TEST=POST1|TEST_PHASE=POST_TEST|BR DAY=0,33,,,,True,absolute,35,same-timepoint; 34 co-measured in this file at TEST=POST1|TEST_PHASE=POST_TEST|BR DAY=0
s1_hr_vt,1,HR @ VT,MR080G_CFT70_POST1_ALL,,HR @ VT::MR080G_CFT70_POST1_ALL::TEST=POST1|TEST_PHASE=POST_TEST|BR DAY=0,33,,,,True,absolute,35,same-timepoint; 34 co-measured in this file at TEST=POST1|TEST_PHASE=POST_TEST|BR DAY=0
s1_vt_final,1,VT FINAL,MR080G_CFT70_POST1_ALL,,VT FINAL::MR080G_CFT70_POST1_ALL::TEST=POST1|TEST_PHASE=POST_TEST|BR DAY=0,32,,,,True,absolute,35,same-timepoint; 34 co-measured in this file at TEST=POST1|TEST_PHASE=POST_TEST|BR DAY=0
s1_vo2max_vt,1,%VO2MAX @ VT,MR080G_CFT70_POST1_ALL,,%VO2MAX @ VT::MR080G_CFT70_POST1_ALL::TEST=POST1|TEST_PHASE=POST_TEST|BR DAY=0,32,,,,True,absolute,35,same-timepoint; 34 co-measured in this file at TEST=POST1|TEST_PHASE=POST_TEST|BR DAY=0
s1_vt1,1,VT1,MR080G_CFT70_POST1_ALL,,VT1::MR080G_CFT70_POST1_ALL::TEST=POST1|TEST_PHASE=POST_TEST|BR DAY=0,32,,,,True,absolute,35,same-timepoint; 34 co-measured in this file at TEST=POST1|TEST_PHASE=POST_TEST|BR DAY=0
s1_vt2,1,VT2,MR080G_CFT70_POST1_ALL,,VT2::MR080G_CFT70_POST1_ALL::TEST=POST1|TEST_PHASE=POST_TEST|BR DAY=0,32,,,,True,absolute,35,same-timepoint; 34 co-measured in this file at TEST=POST1|TEST_PHASE=POST_TEST|BR DAY=0
s1_mhr_vt,1,%MHR @ VT,MR080G_CFT70_POST1_ALL,,%MHR @ VT::MR080G_CFT70_POST1_ALL::TEST=POST1|TEST_PHASE=POST_TEST|BR DAY=0,30,,,,True,absolute,35,same-timepoint; 34 co-measured in this file at TEST=POST1|TEST_PHASE=POST_TEST|BR DAY=0
s1_wt_kg,1,WT (kg),BEDREST_IRATS_iDXA_CFT70_Demographics_obsv,,WT (kg)::BEDREST_IRATS_iDXA_CFT70_Demographics_obsv::Test=POST|Test_Phase=IN_TEST|BR_Day=70,29,,,,True,absolute,2,same-timepoint; 1 co-measured in this file at Test=POST|Test_Phase=IN_TEST|BR_Day=70
s1_ht_cm,1,HT (cm),BEDREST_IRATS_iDXA_CFT70_Demographics_obsv,,HT (cm)::BEDREST_IRATS_iDXA_CFT70_Demographics_obsv::Test=POST|Test_Phase=IN_TEST|BR_Day=70,29,,,,True,absolute,2,same-timepoint; 1 co-measured in this file at Test=POST|Test_Phase=IN_TEST|BR_Day=70
s1_cd4_cd45ro,1,CD4+/CD45RO+ (%),BRSMIMMUNE_CFT70_obsv_All,,CD4+/CD45RO+ (%)::BRSMIMMUNE_CFT70_obsv_All::Test_Phase=IN_TEST|BR_Day=28,29,,,,True,absolute,37,same-timepoint; 36 co-measured in this file at Test_Phase=IN_TEST|BR_Day=28
s1_cd19,1,CD19+ (%),BRSMIMMUNE_CFT70_obsv_All,,CD19+ (%)::BRSMIMMUNE_CFT70_obsv_All::Test_Phase=IN_TEST|BR_Day=28,29,,,,True,absolute,37,same-timepoint; 36 co-measured in this file at Test_Phase=IN_TEST|BR_Day=28
s1_cd3_cd8,1,CD3+/CD8+ (%),BRSMIMMUNE_CFT70_obsv_All,,CD3+/CD8+ (%)::BRSMIMMUNE_CFT70_obsv_All::Test_Phase=IN_TEST|BR_Day=28,29,,,,True,absolute,37,same-timepoint; 36 co-measured in this file at Test_Phase=IN_TEST|BR_Day=28
s1_cd3,1,CD3+ (%),BRSMIMMUNE_CFT70_obsv_All,,CD3+ (%)::BRSMIMMUNE_CFT70_obsv_All::Test_Phase=IN_TEST|BR_Day=28,29,,,,True,absolute,37,same-timepoint; 36 co-measured in this file at Test_Phase=IN_TEST|BR_Day=28
s1_monocytes,1,MONOCYTES (%),BRSMIMMUNE_CFT70_obsv_All,,MONOCYTES (%)::BRSMIMMUNE_CFT70_obsv_All::Test_Phase=IN_TEST|BR_Day=28,29,,,,True,absolute,37,same-timepoint; 36 co-measured in this file at Test_Phase=IN_TEST|BR_Day=28
s1_granulocytes,1,GRANULOCYTES (%),BRSMIMMUNE_CFT70_obsv_All,,GRANULOCYTES (%)::BRSMIMMUNE_CFT70_obsv_All::Test_Phase=IN_TEST|BR_Day=28,29,,,,True,absolute,37,same-timepoint; 36 co-measured in this file at Test_Phase=IN_TEST|BR_Day=28
s1_lymphocytes,1,LYMPHOCYTES (%),BRSMIMMUNE_CFT70_obsv_All,,LYMPHOCYTES (%)::BRSMIMMUNE_CFT70_obsv_All::Test_Phase=IN_TEST|BR_Day=28,29,,,,True,absolute,37,same-timepoint; 36 co-measured in this file at Test_Phase=IN_TEST|BR_Day=28
s1_cd3_cd4,1,CD3+/CD4+ (%),BRSMIMMUNE_CFT70_obsv_All,,CD3+/CD4+ (%)::BRSMIMMUNE_CFT70_obsv_All::Test_Phase=IN_TEST|BR_Day=28,29,,,,True,absolute,37,same-timepoint; 36 co-measured in this file at Test_Phase=IN_TEST|BR_Day=28
s1_cd16_56,1,CD16/56+ (%),BRSMIMMUNE_CFT70_obsv_All,,CD16/56+ (%)::BRSMIMMUNE_CFT70_obsv_All::Test_Phase=IN_TEST|BR_Day=28,29,,,,True,absolute,37,same-timepoint; 36 co-measured in this file at Test_Phase=IN_TEST|BR_Day=28
s1_comments,1,COMMENTS,MR080G_CFT70_POST1_ALL,,COMMENTS::MR080G_CFT70_POST1_ALL::TEST=POST1|TEST_PHASE=POST_TEST|BR DAY=0,28,,,,True,absolute,35,same-timepoint; 34 co-measured in this file at TEST=POST1|TEST_PHASE=POST_TEST|BR DAY=0
s1_iteration,1,Iteration,MR079G_CFT70_Demographics_ALL,,Iteration::MR079G_CFT70_Demographics_ALL::Test=POST_TEST|BR_Day=2,27,,,,True,absolute,2,same-timepoint; 1 co-measured in this file at Test=POST_TEST|BR_Day=2
s1_lbm_trunk,1,LBM_Trunk,NNX10AP86G_CFT70_iDXA_avgs,,LBM_Trunk::NNX10AP86G_CFT70_iDXA_avgs::Test_Phase=IN_TEST|BR_Day=70,24,,,,True,absolute,109,same-timepoint; 108 co-measured in this file at Test_Phase=IN_TEST|BR_Day=70
s1_bmd_head,1,BMD_Head,NNX10AP86G_CFT70_iDXA_avgs,,BMD_Head::NNX10AP86G_CFT70_iDXA_avgs::Test_Phase=IN_TEST|BR_Day=70,24,,,,True,absolute,109,same-timepoint; 108 co-measured in this file at Test_Phase=IN_TEST|BR_Day=70
s1_tm_arms,1,TM_Arms,NNX10AP86G_CFT70_iDXA_avgs,,TM_Arms::NNX10AP86G_CFT70_iDXA_avgs::Test_Phase=IN_TEST|BR_Day=70,24,,,,True,absolute,109,same-timepoint; 108 co-measured in this file at Test_Phase=IN_TEST|BR_Day=70
s1_t_fat_right_leg,1,T%Fat_Right_Leg,NNX10AP86G_CFT70_iDXA_avgs,,T%Fat_Right_Leg::NNX10AP86G_CFT70_iDXA_avgs::Test_Phase=IN_TEST|BR_Day=70,24,,,,True,absolute,109,same-timepoint; 108 co-measured in this file at Test_Phase=IN_TEST|BR_Day=70
s1_tm_right_leg,1,TM_Right Leg,NNX10AP86G_CFT70_iDXA_avgs,,TM_Right Leg::NNX10AP86G_CFT70_iDXA_avgs::Test_Phase=IN_TEST|BR_Day=70,24,,,,True,absolute,109,same-timepoint; 108 co-measured in this file at Test_Phase=IN_TEST|BR_Day=70
s1_bmc_legs,1,BMC_Legs,NNX10AP86G_CFT70_iDXA_avgs,,BMC_Legs::NNX10AP86G_CFT70_iDXA_avgs::Test_Phase=IN_TEST|BR_Day=70,24,,,,True,absolute,109,same-timepoint; 108 co-measured in this file at Test_Phase=IN_TEST|BR_Day=70
s1_t_fat_right_trunk,1,T%Fat_Right_Trunk,NNX10AP86G_CFT70_iDXA_avgs,,T%Fat_Right_Trunk::NNX10AP86G_CFT70_iDXA_avgs::Test_Phase=IN_TEST|BR_Day=70,24,,,,True,absolute,109,same-timepoint; 108 co-measured in this file at Test_Phase=IN_TEST|BR_Day=70
s1_tm_legs,1,TM_Legs,NNX10AP86G_CFT70_iDXA_avgs,,TM_Legs::NNX10AP86G_CFT70_iDXA_avgs::Test_Phase=IN_TEST|BR_Day=70,24,,,,True,absolute,109,same-timepoint; 108 co-measured in this file at Test_Phase=IN_TEST|BR_Day=70
s1_lbm_right_total,1,LBM_Right_Total,NNX10AP86G_CFT70_iDXA_avgs,,LBM_Right_Total::NNX10AP86G_CFT70_iDXA_avgs::Test_Phase=IN_TEST|BR_Day=70,24,,,,True,absolute,109,same-timepoint; 108 co-measured in this file at Test_Phase=IN_TEST|BR_Day=70
s1_fat_left_arm,1,Fat_Left_Arm,NNX10AP86G_CFT70_iDXA_avgs,,Fat_Left_Arm::NNX10AP86G_CFT70_iDXA_avgs::Test_Phase=IN_TEST|BR_Day=70,24,,,,True,absolute,109,same-timepoint; 108 co-measured in this file at Test_Phase=IN_TEST|BR_Day=70
s1_t_fat_right_arm,1,T%Fat_Right_Arm,NNX10AP86G_CFT70_iDXA_avgs,,T%Fat_Right_Arm::NNX10AP86G_CFT70_iDXA_avgs::Test_Phase=IN_TEST|BR_Day=70,24,,,,True,absolute,109,same-timepoint; 108 co-measured in this file at Test_Phase=IN_TEST|BR_Day=70
s1_r_fat_right_leg,1,R%Fat_Right_Leg,NNX10AP86G_CFT70_iDXA_avgs,,R%Fat_Right_Leg::NNX10AP86G_CFT70_iDXA_avgs::Test_Phase=IN_TEST|BR_Day=70,24,,,,True,absolute,109,same-timepoint; 108 co-measured in this file at Test_Phase=IN_TEST|BR_Day=70
s1_fat_right_arm,1,Fat_Right_Arm,NNX10AP86G_CFT70_iDXA_avgs,,Fat_Right_Arm::NNX10AP86G_CFT70_iDXA_avgs::Test_Phase=IN_TEST|BR_Day=70,24,,,,True,absolute,109,same-timepoint; 108 co-measured in this file at Test_Phase=IN_TEST|BR_Day=70
s1_t_fat_left_total,1,T%Fat_Left_Total,NNX10AP86G_CFT70_iDXA_avgs,,T%Fat_Left_Total::NNX10AP86G_CFT70_iDXA_avgs::Test_Phase=IN_TEST|BR_Day=70,24,,,,True,absolute,109,same-timepoint; 108 co-measured in this file at Test_Phase=IN_TEST|BR_Day=70
s1_t_fat_left_trunk,1,T%Fat_Left_Trunk,NNX10AP86G_CFT70_iDXA_avgs,,T%Fat_Left_Trunk::NNX10AP86G_CFT70_iDXA_avgs::Test_Phase=IN_TEST|BR_Day=70,24,,,,True,absolute,109,same-timepoint; 108 co-measured in this file at Test_Phase=IN_TEST|BR_Day=70
s1_r_fat_left_total,1,R%Fat_Left_Total,NNX10AP86G_CFT70_iDXA_avgs,,R%Fat_Left_Total::NNX10AP86G_CFT70_iDXA_avgs::Test_Phase=IN_TEST|BR_Day=70,24,,,,True,absolute,109,same-timepoint; 108 co-measured in this file at Test_Phase=IN_TEST|BR_Day=70
s1_tissue_android,1,Tissue_Android,NNX10AP86G_CFT70_iDXA_avgs,,Tissue_Android::NNX10AP86G_CFT70_iDXA_avgs::Test_Phase=IN_TEST|BR_Day=70,24,,,,True,absolute,109,same-timepoint; 108 co-measured in this file at Test_Phase=IN_TEST|BR_Day=70
s1_lbm_gynoid,1,LBM_Gynoid,NNX10AP86G_CFT70_iDXA_avgs,,LBM_Gynoid::NNX10AP86G_CFT70_iDXA_avgs::Test_Phase=IN_TEST|BR_Day=70,24,,,,True,absolute,109,same-timepoint; 108 co-measured in this file at Test_Phase=IN_TEST|BR_Day=70
s1_r_fat_left_leg,1,R%Fat_Left_Leg,NNX10AP86G_CFT70_iDXA_avgs,,R%Fat_Left_Leg::NNX10AP86G_CFT70_iDXA_avgs::Test_Phase=IN_TEST|BR_Day=70,24,,,,True,absolute,109,same-timepoint; 108 co-measured in this file at Test_Phase=IN_TEST|BR_Day=70
s1_lbm_left_arm,1,LBM_Left_Arm,NNX10AP86G_CFT70_iDXA_avgs,,LBM_Left_Arm::NNX10AP86G_CFT70_iDXA_avgs::Test_Phase=IN_TEST|BR_Day=70,24,,,,True,absolute,109,same-timepoint; 108 co-measured in this file at Test_Phase=IN_TEST|BR_Day=70
s1_r_fat_legs,1,R%Fat_Legs,NNX10AP86G_CFT70_iDXA_avgs,,R%Fat_Legs::NNX10AP86G_CFT70_iDXA_avgs::Test_Phase=IN_TEST|BR_Day=70,24,,,,True,absolute,109,same-timepoint; 108 co-measured in this file at Test_Phase=IN_TEST|BR_Day=70
s1_fatmass_trunk_total,1,FatMass_Trunk/Total,NNX10AP86G_CFT70_iDXA_avgs,,FatMass_Trunk/Total::NNX10AP86G_CFT70_iDXA_avgs::Test_Phase=IN_TEST|BR_Day=70,24,,,,True,absolute,109,same-timepoint; 108 co-measured in this file at Test_Phase=IN_TEST|BR_Day=70
s1_r_fat_left_arm,1,R%Fat_Left_Arm,NNX10AP86G_CFT70_iDXA_avgs,,R%Fat_Left_Arm::NNX10AP86G_CFT70_iDXA_avgs::Test_Phase=IN_TEST|BR_Day=70,24,,,,True,absolute,109,same-timepoint; 108 co-measured in this file at Test_Phase=IN_TEST|BR_Day=70
s1_bmd_total,1,BMD_Total,NNX10AP86G_CFT70_iDXA_avgs,,BMD_Total::NNX10AP86G_CFT70_iDXA_avgs::Test_Phase=IN_TEST|BR_Day=70,24,,,,True,absolute,109,same-timepoint; 108 co-measured in this file at Test_Phase=IN_TEST|BR_Day=70
s1_bmd_pelvis,1,BMD_Pelvis,NNX10AP86G_CFT70_iDXA_avgs,,BMD_Pelvis::NNX10AP86G_CFT70_iDXA_avgs::Test_Phase=IN_TEST|BR_Day=70,24,,,,True,absolute,109,same-timepoint; 108 co-measured in this file at Test_Phase=IN_TEST|BR_Day=70
s1_tm_right_total,1,TM_Right_Total,NNX10AP86G_CFT70_iDXA_avgs,,TM_Right_Total::NNX10AP86G_CFT70_iDXA_avgs::Test_Phase=IN_TEST|BR_Day=70,24,,,,True,absolute,109,same-timepoint; 108 co-measured in this file at Test_Phase=IN_TEST|BR_Day=70
s1_tissue_right_leg,1,Tissue_Right_Leg,NNX10AP86G_CFT70_iDXA_avgs,,Tissue_Right_Leg::NNX10AP86G_CFT70_iDXA_avgs::Test_Phase=IN_TEST|BR_Day=70,24,,,,True,absolute,109,same-timepoint; 108 co-measured in this file at Test_Phase=IN_TEST|BR_Day=70
s1_bmc_right_total,1,BMC_Right_Total,NNX10AP86G_CFT70_iDXA_avgs,,BMC_Right_Total::NNX10AP86G_CFT70_iDXA_avgs::Test_Phase=IN_TEST|BR_Day=70,24,,,,True,absolute,109,same-timepoint; 108 co-measured in this file at Test_Phase=IN_TEST|BR_Day=70
s1_bmc_left_leg,1,BMC_Left_Leg,NNX10AP86G_CFT70_iDXA_avgs,,BMC_Left_Leg::NNX10AP86G_CFT70_iDXA_avgs::Test_Phase=IN_TEST|BR_Day=70,24,,,,True,absolute,109,same-timepoint; 108 co-measured in this file at Test_Phase=IN_TEST|BR_Day=70
s1_tissue_left_total,1,Tissue_Left_Total,NNX10AP86G_CFT70_iDXA_avgs,,Tissue_Left_Total::NNX10AP86G_CFT70_iDXA_avgs::Test_Phase=IN_TEST|BR_Day=70,24,,,,True,absolute,109,same-timepoint; 108 co-measured in this file at Test_Phase=IN_TEST|BR_Day=70
s1_fat_android,1,Fat_Android,NNX10AP86G_CFT70_iDXA_avgs,,Fat_Android::NNX10AP86G_CFT70_iDXA_avgs::Test_Phase=IN_TEST|BR_Day=70,24,,,,True,absolute,109,same-timepoint; 108 co-measured in this file at Test_Phase=IN_TEST|BR_Day=70
s1_r_fat_total,1,R%Fat_Total,NNX10AP86G_CFT70_iDXA_avgs,,R%Fat_Total::NNX10AP86G_CFT70_iDXA_avgs::Test_Phase=IN_TEST|BR_Day=70,24,,,,True,absolute,109,same-timepoint; 108 co-measured in this file at Test_Phase=IN_TEST|BR_Day=70
s1_bmc_left_trunk,1,BMC_Left_Trunk,NNX10AP86G_CFT70_iDXA_avgs,,BMC_Left_Trunk::NNX10AP86G_CFT70_iDXA_avgs::Test_Phase=IN_TEST|BR_Day=70,24,,,,True,absolute,109,same-timepoint; 108 co-measured in this file at Test_Phase=IN_TEST|BR_Day=70
s1_bmc_android,1,BMC_Android,NNX10AP86G_CFT70_iDXA_avgs,,BMC_Android::NNX10AP86G_CFT70_iDXA_avgs::Test_Phase=IN_TEST|BR_Day=70,24,,,,True,absolute,109,same-timepoint; 108 co-measured in this file at Test_Phase=IN_TEST|BR_Day=70
s1_t_fat_left_arm,1,T%Fat_Left_Arm,NNX10AP86G_CFT70_iDXA_avgs,,T%Fat_Left_Arm::NNX10AP86G_CFT70_iDXA_avgs::Test_Phase=IN_TEST|BR_Day=70,24,,,,True,absolute,109,same-timepoint; 108 co-measured in this file at Test_Phase=IN_TEST|BR_Day=70
s1_r_fat_right_arm,1,R%Fat_Right_Arm,NNX10AP86G_CFT70_iDXA_avgs,,R%Fat_Right_Arm::NNX10AP86G_CFT70_iDXA_avgs::Test_Phase=IN_TEST|BR_Day=70,24,,,,True,absolute,109,same-timepoint; 108 co-measured in this file at Test_Phase=IN_TEST|BR_Day=70
s1_fat_trunk,1,Fat_Trunk,NNX10AP86G_CFT70_iDXA_avgs,,Fat_Trunk::NNX10AP86G_CFT70_iDXA_avgs::Test_Phase=IN_TEST|BR_Day=70,24,,,,True,absolute,109,same-timepoint; 108 co-measured in this file at Test_Phase=IN_TEST|BR_Day=70
s1_fat_total,1,Fat_Total,NNX10AP86G_CFT70_iDXA_avgs,,Fat_Total::NNX10AP86G_CFT70_iDXA_avgs::Test_Phase=IN_TEST|BR_Day=70,24,,,,True,absolute,109,same-timepoint; 108 co-measured in this file at Test_Phase=IN_TEST|BR_Day=70
s1_bmd_legs,1,BMD_Legs,NNX10AP86G_CFT70_iDXA_avgs,,BMD_Legs::NNX10AP86G_CFT70_iDXA_avgs::Test_Phase=IN_TEST|BR_Day=70,24,,,,True,absolute,109,same-timepoint; 108 co-measured in this file at Test_Phase=IN_TEST|BR_Day=70
s1_t_fat_legs,1,T%Fat_Legs,NNX10AP86G_CFT70_iDXA_avgs,,T%Fat_Legs::NNX10AP86G_CFT70_iDXA_avgs::Test_Phase=IN_TEST|BR_Day=70,24,,,,True,absolute,109,same-timepoint; 108 co-measured in this file at Test_Phase=IN_TEST|BR_Day=70
s1_r_fat_android,1,R%Fat_Android,NNX10AP86G_CFT70_iDXA_avgs,,R%Fat_Android::NNX10AP86G_CFT70_iDXA_avgs::Test_Phase=IN_TEST|BR_Day=70,24,,,,True,absolute,109,same-timepoint; 108 co-measured in this file at Test_Phase=IN_TEST|BR_Day=70
s1_t_fat_arms,1,T%Fat_Arms,NNX10AP86G_CFT70_iDXA_avgs,,T%Fat_Arms::NNX10AP86G_CFT70_iDXA_avgs::Test_Phase=IN_TEST|BR_Day=70,24,,,,True,absolute,109,same-timepoint; 108 co-measured in this file at Test_Phase=IN_TEST|BR_Day=70
s1_tm_left_total,1,TM_Left_Total,NNX10AP86G_CFT70_iDXA_avgs,,TM_Left_Total::NNX10AP86G_CFT70_iDXA_avgs::Test_Phase=IN_TEST|BR_Day=70,24,,,,True,absolute,109,same-timepoint; 108 co-measured in this file at Test_Phase=IN_TEST|BR_Day=70
s1_fat_arms,1,Fat_Arms,NNX10AP86G_CFT70_iDXA_avgs,,Fat_Arms::NNX10AP86G_CFT70_iDXA_avgs::Test_Phase=IN_TEST|BR_Day=70,24,,,,True,absolute,109,same-timepoint; 108 co-measured in this file at Test_Phase=IN_TEST|BR_Day=70
s1_bmc_left_total,1,BMC_Left_Total,NNX10AP86G_CFT70_iDXA_avgs,,BMC_Left_Total::NNX10AP86G_CFT70_iDXA_avgs::Test_Phase=IN_TEST|BR_Day=70,24,,,,True,absolute,109,same-timepoint; 108 co-measured in this file at Test_Phase=IN_TEST|BR_Day=70
s1_fat_left_trunk,1,Fat_Left_Trunk,NNX10AP86G_CFT70_iDXA_avgs,,Fat_Left_Trunk::NNX10AP86G_CFT70_iDXA_avgs::Test_Phase=IN_TEST|BR_Day=70,24,,,,True,absolute,109,same-timepoint; 108 co-measured in this file at Test_Phase=IN_TEST|BR_Day=70
s1_t_fat_total,1,T%Fat_Total,NNX10AP86G_CFT70_iDXA_avgs,,T%Fat_Total::NNX10AP86G_CFT70_iDXA_avgs::Test_Phase=IN_TEST|BR_Day=70,24,,,,True,absolute,109,same-timepoint; 108 co-measured in this file at Test_Phase=IN_TEST|BR_Day=70
s1_lbm_left_leg,1,LBM_Left_Leg,NNX10AP86G_CFT70_iDXA_avgs,,LBM_Left_Leg::NNX10AP86G_CFT70_iDXA_avgs::Test_Phase=IN_TEST|BR_Day=70,24,,,,True,absolute,109,same-timepoint; 108 co-measured in this file at Test_Phase=IN_TEST|BR_Day=70
s1_tissue_total,1,Tissue_Total,NNX10AP86G_CFT70_iDXA_avgs,,Tissue_Total::NNX10AP86G_CFT70_iDXA_avgs::Test_Phase=IN_TEST|BR_Day=70,24,,,,True,absolute,109,same-timepoint; 108 co-measured in this file at Test_Phase=IN_TEST|BR_Day=70
s1_r_fat_right_total,1,R%Fat_Right_Total,NNX10AP86G_CFT70_iDXA_avgs,,R%Fat_Right_Total::NNX10AP86G_CFT70_iDXA_avgs::Test_Phase=IN_TEST|BR_Day=70,24,,,,True,absolute,109,same-timepoint; 108 co-measured in this file at Test_Phase=IN_TEST|BR_Day=70
s1_tissue_right_trunk,1,Tissue_Right_Trunk,NNX10AP86G_CFT70_iDXA_avgs,,Tissue_Right_Trunk::NNX10AP86G_CFT70_iDXA_avgs::Test_Phase=IN_TEST|BR_Day=70,24,,,,True,absolute,109,same-timepoint; 108 co-measured in this file at Test_Phase=IN_TEST|BR_Day=70
s1_tissue_legs,1,Tissue_Legs,NNX10AP86G_CFT70_iDXA_avgs,,Tissue_Legs::NNX10AP86G_CFT70_iDXA_avgs::Test_Phase=IN_TEST|BR_Day=70,24,,,,True,absolute,109,same-timepoint; 108 co-measured in this file at Test_Phase=IN_TEST|BR_Day=70
s1_fat_gynoid,1,Fat_Gynoid,NNX10AP86G_CFT70_iDXA_avgs,,Fat_Gynoid::NNX10AP86G_CFT70_iDXA_avgs::Test_Phase=IN_TEST|BR_Day=70,24,,,,True,absolute,109,same-timepoint; 108 co-measured in this file at Test_Phase=IN_TEST|BR_Day=70
s1_bmc_arms,1,BMC_Arms,NNX10AP86G_CFT70_iDXA_avgs,,BMC_Arms::NNX10AP86G_CFT70_iDXA_avgs::Test_Phase=IN_TEST|BR_Day=70,24,,,,True,absolute,109,same-timepoint; 108 co-measured in this file at Test_Phase=IN_TEST|BR_Day=70
s1_tissue_right_total,1,Tissue_Right_Total,NNX10AP86G_CFT70_iDXA_avgs,,Tissue_Right_Total::NNX10AP86G_CFT70_iDXA_avgs::Test_Phase=IN_TEST|BR_Day=70,24,,,,True,absolute,109,same-timepoint; 108 co-measured in this file at Test_Phase=IN_TEST|BR_Day=70
s1_lbm_android,1,LBM_Android,NNX10AP86G_CFT70_iDXA_avgs,,LBM_Android::NNX10AP86G_CFT70_iDXA_avgs::Test_Phase=IN_TEST|BR_Day=70,24,,,,True,absolute,109,same-timepoint; 108 co-measured in this file at Test_Phase=IN_TEST|BR_Day=70
s1_tissue_right_arm,1,Tissue_Right_Arm,NNX10AP86G_CFT70_iDXA_avgs,,Tissue_Right_Arm::NNX10AP86G_CFT70_iDXA_avgs::Test_Phase=IN_TEST|BR_Day=70,24,,,,True,absolute,109,same-timepoint; 108 co-measured in this file at Test_Phase=IN_TEST|BR_Day=70
s1_r_fat_left_trunk,1,R%Fat_Left_Trunk,NNX10AP86G_CFT70_iDXA_avgs,,R%Fat_Left_Trunk::NNX10AP86G_CFT70_iDXA_avgs::Test_Phase=IN_TEST|BR_Day=70,24,,,,True,absolute,109,same-timepoint; 108 co-measured in this file at Test_Phase=IN_TEST|BR_Day=70
s1_t_fat_trunk,1,T%Fat_Trunk,NNX10AP86G_CFT70_iDXA_avgs,,T%Fat_Trunk::NNX10AP86G_CFT70_iDXA_avgs::Test_Phase=IN_TEST|BR_Day=70,24,,,,True,absolute,109,same-timepoint; 108 co-measured in this file at Test_Phase=IN_TEST|BR_Day=70
s1_fat_right_trunk,1,Fat_Right_Trunk,NNX10AP86G_CFT70_iDXA_avgs,,Fat_Right_Trunk::NNX10AP86G_CFT70_iDXA_avgs::Test_Phase=IN_TEST|BR_Day=70,24,,,,True,absolute,109,same-timepoint; 108 co-measured in this file at Test_Phase=IN_TEST|BR_Day=70
s1_tm_left_leg,1,TM_Left_Leg,NNX10AP86G_CFT70_iDXA_avgs,,TM_Left_Leg::NNX10AP86G_CFT70_iDXA_avgs::Test_Phase=IN_TEST|BR_Day=70,24,,,,True,absolute,109,same-timepoint; 108 co-measured in this file at Test_Phase=IN_TEST|BR_Day=70
s1_bmc_trunk,1,BMC_Trunk,NNX10AP86G_CFT70_iDXA_avgs,,BMC_Trunk::NNX10AP86G_CFT70_iDXA_avgs::Test_Phase=IN_TEST|BR_Day=70,24,,,,True,absolute,109,same-timepoint; 108 co-measured in this file at Test_Phase=IN_TEST|BR_Day=70
s1_lbm_right_leg,1,LBM_Right_Leg,NNX10AP86G_CFT70_iDXA_avgs,,LBM_Right_Leg::NNX10AP86G_CFT70_iDXA_avgs::Test_Phase=IN_TEST|BR_Day=70,24,,,,True,absolute,109,same-timepoint; 108 co-measured in this file at Test_Phase=IN_TEST|BR_Day=70
s1_fatmass_legs_total,1,FatMass_Legs/Total,NNX10AP86G_CFT70_iDXA_avgs,,FatMass_Legs/Total::NNX10AP86G_CFT70_iDXA_avgs::Test_Phase=IN_TEST|BR_Day=70,24,,,,True,absolute,109,same-timepoint; 108 co-measured in this file at Test_Phase=IN_TEST|BR_Day=70
s1_bmd_arms,1,BMD_Arms,NNX10AP86G_CFT70_iDXA_avgs,,BMD_Arms::NNX10AP86G_CFT70_iDXA_avgs::Test_Phase=IN_TEST|BR_Day=70,24,,,,True,absolute,109,same-timepoint; 108 co-measured in this file at Test_Phase=IN_TEST|BR_Day=70
s1_bmc_left_arm,1,BMC_Left_Arm,NNX10AP86G_CFT70_iDXA_avgs,,BMC_Left_Arm::NNX10AP86G_CFT70_iDXA_avgs::Test_Phase=IN_TEST|BR_Day=70,24,,,,True,absolute,109,same-timepoint; 108 co-measured in this file at Test_Phase=IN_TEST|BR_Day=70
s1_tm_right_arm,1,TM_Right_Arm,NNX10AP86G_CFT70_iDXA_avgs,,TM_Right_Arm::NNX10AP86G_CFT70_iDXA_avgs::Test_Phase=IN_TEST|BR_Day=70,24,,,,True,absolute,109,same-timepoint; 108 co-measured in this file at Test_Phase=IN_TEST|BR_Day=70
s1_t_fat_gynoid,1,T%Fat_Gynoid,NNX10AP86G_CFT70_iDXA_avgs,,T%Fat_Gynoid::NNX10AP86G_CFT70_iDXA_avgs::Test_Phase=IN_TEST|BR_Day=70,24,,,,True,absolute,109,same-timepoint; 108 co-measured in this file at Test_Phase=IN_TEST|BR_Day=70
s1_bmc_right_arm,1,BMC_Right_Arm,NNX10AP86G_CFT70_iDXA_avgs,,BMC_Right_Arm::NNX10AP86G_CFT70_iDXA_avgs::Test_Phase=IN_TEST|BR_Day=70,24,,,,True,absolute,109,same-timepoint; 108 co-measured in this file at Test_Phase=IN_TEST|BR_Day=70
s1_tm_android,1,TM_Android,NNX10AP86G_CFT70_iDXA_avgs,,TM_Android::NNX10AP86G_CFT70_iDXA_avgs::Test_Phase=IN_TEST|BR_Day=70,24,,,,True,absolute,109,same-timepoint; 108 co-measured in this file at Test_Phase=IN_TEST|BR_Day=70
s1_fatmass_arms_legs_trunk,1,FatMass_(Arms+Legs)/Trunk,NNX10AP86G_CFT70_iDXA_avgs,,FatMass_(Arms+Legs)/Trunk::NNX10AP86G_CFT70_iDXA_avgs::Test_Phase=IN_TEST|BR_Day=70,24,,,,True,absolute,109,same-timepoint; 108 co-measured in this file at Test_Phase=IN_TEST|BR_Day=70
s1_tm_gynoid,1,TM_Gynoid,NNX10AP86G_CFT70_iDXA_avgs,,TM_Gynoid::NNX10AP86G_CFT70_iDXA_avgs::Test_Phase=IN_TEST|BR_Day=70,24,,,,True,absolute,109,same-timepoint; 108 co-measured in this file at Test_Phase=IN_TEST|BR_Day=70
s1_tissue_left_trunk,1,Tissue_Left_Trunk,NNX10AP86G_CFT70_iDXA_avgs,,Tissue_Left_Trunk::NNX10AP86G_CFT70_iDXA_avgs::Test_Phase=IN_TEST|BR_Day=70,24,,,,True,absolute,109,same-timepoint; 108 co-measured in this file at Test_Phase=IN_TEST|BR_Day=70
s1_t_fat_android,1,T%Fat_Android,NNX10AP86G_CFT70_iDXA_avgs,,T%Fat_Android::NNX10AP86G_CFT70_iDXA_avgs::Test_Phase=IN_TEST|BR_Day=70,24,,,,True,absolute,109,same-timepoint; 108 co-measured in this file at Test_Phase=IN_TEST|BR_Day=70
s1_t_fat_right_total,1,T%Fat_Right_Total,NNX10AP86G_CFT70_iDXA_avgs,,T%Fat_Right_Total::NNX10AP86G_CFT70_iDXA_avgs::Test_Phase=IN_TEST|BR_Day=70,24,,,,True,absolute,109,same-timepoint; 108 co-measured in this file at Test_Phase=IN_TEST|BR_Day=70
s1_bmc_gynoid,1,BMC_Gynoid,NNX10AP86G_CFT70_iDXA_avgs,,BMC_Gynoid::NNX10AP86G_CFT70_iDXA_avgs::Test_Phase=IN_TEST|BR_Day=70,24,,,,True,absolute,109,same-timepoint; 108 co-measured in this file at Test_Phase=IN_TEST|BR_Day=70
s1_lbm_right_trunk,1,LBM_Right_Trunk,NNX10AP86G_CFT70_iDXA_avgs,,LBM_Right_Trunk::NNX10AP86G_CFT70_iDXA_avgs::Test_Phase=IN_TEST|BR_Day=70,24,,,,True,absolute,109,same-timepoint; 108 co-measured in this file at Test_Phase=IN_TEST|BR_Day=70
s1_fat_right_total,1,Fat_Right_Total,NNX10AP86G_CFT70_iDXA_avgs,,Fat_Right_Total::NNX10AP86G_CFT70_iDXA_avgs::Test_Phase=IN_TEST|BR_Day=70,24,,,,True,absolute,109,same-timepoint; 108 co-measured in this file at Test_Phase=IN_TEST|BR_Day=70
s1_tm_left_arm,1,TM_Left_Arm,NNX10AP86G_CFT70_iDXA_avgs,,TM_Left_Arm::NNX10AP86G_CFT70_iDXA_avgs::Test_Phase=IN_TEST|BR_Day=70,24,,,,True,absolute,109,same-timepoint; 108 co-measured in this file at Test_Phase=IN_TEST|BR_Day=70
s1_fat_legs,1,Fat_Legs,NNX10AP86G_CFT70_iDXA_avgs,,Fat_Legs::NNX10AP86G_CFT70_iDXA_avgs::Test_Phase=IN_TEST|BR_Day=70,24,,,,True,absolute,109,same-timepoint; 108 co-measured in this file at Test_Phase=IN_TEST|BR_Day=70
s1_tissue_arms,1,Tissue_Arms,NNX10AP86G_CFT70_iDXA_avgs,,Tissue_Arms::NNX10AP86G_CFT70_iDXA_avgs::Test_Phase=IN_TEST|BR_Day=70,24,,,,True,absolute,109,same-timepoint; 108 co-measured in this file at Test_Phase=IN_TEST|BR_Day=70
s1_r_fat_right_trunk,1,R%Fat_Right_Trunk,NNX10AP86G_CFT70_iDXA_avgs,,R%Fat_Right_Trunk::NNX10AP86G_CFT70_iDXA_avgs::Test_Phase=IN_TEST|BR_Day=70,24,,,,True,absolute,109,same-timepoint; 108 co-measured in this file at Test_Phase=IN_TEST|BR_Day=70
s1_r_fat_trunk,1,R%Fat_Trunk,NNX10AP86G_CFT70_iDXA_avgs,,R%Fat_Trunk::NNX10AP86G_CFT70_iDXA_avgs::Test_Phase=IN_TEST|BR_Day=70,24,,,,True,absolute,109,same-timepoint; 108 co-measured in this file at Test_Phase=IN_TEST|BR_Day=70
s1_lbm_right_arm,1,LBM_Right_Arm,NNX10AP86G_CFT70_iDXA_avgs,,LBM_Right_Arm::NNX10AP86G_CFT70_iDXA_avgs::Test_Phase=IN_TEST|BR_Day=70,24,,,,True,absolute,109,same-timepoint; 108 co-measured in this file at Test_Phase=IN_TEST|BR_Day=70
s1_lbm_left_trunk,1,LBM_Left_Trunk,NNX10AP86G_CFT70_iDXA_avgs,,LBM_Left_Trunk::NNX10AP86G_CFT70_iDXA_avgs::Test_Phase=IN_TEST|BR_Day=70,24,,,,True,absolute,109,same-timepoint; 108 co-measured in this file at Test_Phase=IN_TEST|BR_Day=70
s1_tm_trunk,1,TM_Trunk,NNX10AP86G_CFT70_iDXA_avgs,,TM_Trunk::NNX10AP86G_CFT70_iDXA_avgs::Test_Phase=IN_TEST|BR_Day=70,24,,,,True,absolute,109,same-timepoint; 108 co-measured in this file at Test_Phase=IN_TEST|BR_Day=70
s1_r_fat_arms,1,R%Fat_Arms,NNX10AP86G_CFT70_iDXA_avgs,,R%Fat_Arms::NNX10AP86G_CFT70_iDXA_avgs::Test_Phase=IN_TEST|BR_Day=70,24,,,,True,absolute,109,same-timepoint; 108 co-measured in this file at Test_Phase=IN_TEST|BR_Day=70
s1_tissue_left_arm,1,Tissue_Left_Arm,NNX10AP86G_CFT70_iDXA_avgs,,Tissue_Left_Arm::NNX10AP86G_CFT70_iDXA_avgs::Test_Phase=IN_TEST|BR_Day=70,24,,,,True,absolute,109,same-timepoint; 108 co-measured in this file at Test_Phase=IN_TEST|BR_Day=70
s1_bmd_spine,1,BMD_Spine,NNX10AP86G_CFT70_iDXA_avgs,,BMD_Spine::NNX10AP86G_CFT70_iDXA_avgs::Test_Phase=IN_TEST|BR_Day=70,24,,,,True,absolute,109,same-timepoint; 108 co-measured in this file at Test_Phase=IN_TEST|BR_Day=70
s1_lbm_legs,1,LBM_Legs,NNX10AP86G_CFT70_iDXA_avgs,,LBM_Legs::NNX10AP86G_CFT70_iDXA_avgs::Test_Phase=IN_TEST|BR_Day=70,24,,,,True,absolute,109,same-timepoint; 108 co-measured in this file at Test_Phase=IN_TEST|BR_Day=70
s1_t_fat_left_leg,1,T%Fat_Left Leg,NNX10AP86G_CFT70_iDXA_avgs,,T%Fat_Left Leg::NNX10AP86G_CFT70_iDXA_avgs::Test_Phase=IN_TEST|BR_Day=70,24,,,,True,absolute,109,same-timepoint; 108 co-measured in this file at Test_Phase=IN_TEST|BR_Day=70
s1_bmc_total,1,BMC_Total,NNX10AP86G_CFT70_iDXA_avgs,,BMC_Total::NNX10AP86G_CFT70_iDXA_avgs::Test_Phase=IN_TEST|BR_Day=70,24,,,,True,absolute,109,same-timepoint; 108 co-measured in this file at Test_Phase=IN_TEST|BR_Day=70
s1_bmc_right_trunk,1,BMC_Right_Trunk,NNX10AP86G_CFT70_iDXA_avgs,,BMC_Right_Trunk::NNX10AP86G_CFT70_iDXA_avgs::Test_Phase=IN_TEST|BR_Day=70,24,,,,True,absolute,109,same-timepoint; 108 co-measured in this file at Test_Phase=IN_TEST|BR_Day=70
s1_fat_left_leg,1,Fat_Left_Leg,NNX10AP86G_CFT70_iDXA_avgs,,Fat_Left_Leg::NNX10AP86G_CFT70_iDXA_avgs::Test_Phase=IN_TEST|BR_Day=70,24,,,,True,absolute,109,same-timepoint; 108 co-measured in this file at Test_Phase=IN_TEST|BR_Day=70
s1_tissue_left_leg,1,Tissue_Left_Leg,NNX10AP86G_CFT70_iDXA_avgs,,Tissue_Left_Leg::NNX10AP86G_CFT70_iDXA_avgs::Test_Phase=IN_TEST|BR_Day=70,24,,,,True,absolute,109,same-timepoint; 108 co-measured in this file at Test_Phase=IN_TEST|BR_Day=70
s1_lbm_left_total,1,LBM_Left_Total,NNX10AP86G_CFT70_iDXA_avgs,,LBM_Left_Total::NNX10AP86G_CFT70_iDXA_avgs::Test_Phase=IN_TEST|BR_Day=70,24,,,,True,absolute,109,same-timepoint; 108 co-measured in this file at Test_Phase=IN_TEST|BR_Day=70
s1_lbm_arms,1,LBM_Arms,NNX10AP86G_CFT70_iDXA_avgs,,LBM_Arms::NNX10AP86G_CFT70_iDXA_avgs::Test_Phase=IN_TEST|BR_Day=70,24,,,,True,absolute,109,same-timepoint; 108 co-measured in this file at Test_Phase=IN_TEST|BR_Day=70
s1_bmc_right_leg,1,BMC_Right_Leg,NNX10AP86G_CFT70_iDXA_avgs,,BMC_Right_Leg::NNX10AP86G_CFT70_iDXA_avgs::Test_Phase=IN_TEST|BR_Day=70,24,,,,True,absolute,109,same-timepoint; 108 co-measured in this file at Test_Phase=IN_TEST|BR_Day=70
s1_tissue_gynoid,1,Tissue_Gynoid,NNX10AP86G_CFT70_iDXA_avgs,,Tissue_Gynoid::NNX10AP86G_CFT70_iDXA_avgs::Test_Phase=IN_TEST|BR_Day=70,24,,,,True,absolute,109,same-timepoint; 108 co-measured in this file at Test_Phase=IN_TEST|BR_Day=70
s1_r_fat_gynoid,1,R%Fat_Gynoid,NNX10AP86G_CFT70_iDXA_avgs,,R%Fat_Gynoid::NNX10AP86G_CFT70_iDXA_avgs::Test_Phase=IN_TEST|BR_Day=70,24,,,,True,absolute,109,same-timepoint; 108 co-measured in this file at Test_Phase=IN_TEST|BR_Day=70
s1_bmd_ribs,1,BMD_Ribs,NNX10AP86G_CFT70_iDXA_avgs,,BMD_Ribs::NNX10AP86G_CFT70_iDXA_avgs::Test_Phase=IN_TEST|BR_Day=70,24,,,,True,absolute,109,same-timepoint; 108 co-measured in this file at Test_Phase=IN_TEST|BR_Day=70
s1_tm_left_trunk,1,TM_Left_Trunk,NNX10AP86G_CFT70_iDXA_avgs,,TM_Left_Trunk::NNX10AP86G_CFT70_iDXA_avgs::Test_Phase=IN_TEST|BR_Day=70,24,,,,True,absolute,109,same-timepoint; 108 co-measured in this file at Test_Phase=IN_TEST|BR_Day=70
s1_tissue_trunk,1,Tissue_Trunk,NNX10AP86G_CFT70_iDXA_avgs,,Tissue_Trunk::NNX10AP86G_CFT70_iDXA_avgs::Test_Phase=IN_TEST|BR_Day=70,24,,,,True,absolute,109,same-timepoint; 108 co-measured in this file at Test_Phase=IN_TEST|BR_Day=70
s1_tm_right_trunk,1,TM_Right_Trunk,NNX10AP86G_CFT70_iDXA_avgs,,TM_Right_Trunk::NNX10AP86G_CFT70_iDXA_avgs::Test_Phase=IN_TEST|BR_Day=70,24,,,,True,absolute,109,same-timepoint; 108 co-measured in this file at Test_Phase=IN_TEST|BR_Day=70
s1_lbm_total,1,LBM_Total,NNX10AP86G_CFT70_iDXA_avgs,,LBM_Total::NNX10AP86G_CFT70_iDXA_avgs::Test_Phase=IN_TEST|BR_Day=70,24,,,,True,absolute,109,same-timepoint; 108 co-measured in this file at Test_Phase=IN_TEST|BR_Day=70
s1_fat_right_leg,1,Fat_Right_Leg,NNX10AP86G_CFT70_iDXA_avgs,,Fat_Right_Leg::NNX10AP86G_CFT70_iDXA_avgs::Test_Phase=IN_TEST|BR_Day=70,24,,,,True,absolute,109,same-timepoint; 108 co-measured in this file at Test_Phase=IN_TEST|BR_Day=70
s1_bmd_trunk,1,BMD_Trunk,NNX10AP86G_CFT70_iDXA_avgs,,BMD_Trunk::NNX10AP86G_CFT70_iDXA_avgs::Test_Phase=IN_TEST|BR_Day=70,24,,,,True,absolute,109,same-timepoint; 108 co-measured in this file at Test_Phase=IN_TEST|BR_Day=70
s1_fat_left_total,1,Fat_Left_Total,NNX10AP86G_CFT70_iDXA_avgs,,Fat_Left_Total::NNX10AP86G_CFT70_iDXA_avgs::Test_Phase=IN_TEST|BR_Day=70,24,,,,True,absolute,109,same-timepoint; 108 co-measured in this file at Test_Phase=IN_TEST|BR_Day=70
s1_tm_total,1,TM_Total,NNX10AP86G_CFT70_iDXA_avgs,,TM_Total::NNX10AP86G_CFT70_iDXA_avgs::Test_Phase=IN_TEST|BR_Day=70,24,,,,True,absolute,109,same-timepoint; 108 co-measured in this file at Test_Phase=IN_TEST|BR_Day=70
s2_hematocrit,2,Hematocrit,BEDREST_FTT_CFT70_Hematocrit_obsv,Hematocrit::BEDREST_FTT_CFT70_Hematocrit_obsv::Test_Phase=PRE_TEST|BR_Day=3|Session=C,Hematocrit::BEDREST_FTT_CFT70_Hematocrit_obsv::Test_Phase=POST_TEST|BR_Day=11|Session=G,34,-7.0,-1.861,1.861,True,percent,7,
s2_hemoglobin_g_dl,2,Hemoglobin_g_dl,BEDREST_FTT_CFT70 _Hemoglobin_obsv,Hemoglobin_g_dl::BEDREST_FTT_CFT70 _Hemoglobin_obsv::Test_Phase=PRE_TEST|BR_Day=3|Session=C,Hemoglobin_g_dl::BEDREST_FTT_CFT70 _Hemoglobin_obsv::Test_Phase=POST_TEST|BR_Day=6|Session=F,33,-7.49,-1.799,1.799,True,percent,7,
s2_ejection_time,2,Ejection Time,BRSMCF_CFT70_2D_Echo_All,Ejection Time::BRSMCF_CFT70_2D_Echo_All::Test_Phase=PRE_TEST|Day=2,Ejection Time::BRSMCF_CFT70_2D_Echo_All::Test_Phase=POST_TEST|Day=0 +4 hr,37,-13.08,-1.557,1.557,True,percent,5,
s2_tdi_basal_septal_e,2,TDI Basal Septal E,BRSMCF_CFT70_2D_Echo_All,TDI Basal Septal E::BRSMCF_CFT70_2D_Echo_All::Test_Phase=PRE_TEST|Day=2,TDI Basal Septal E::BRSMCF_CFT70_2D_Echo_All::Test_Phase=POST_TEST|Day=0 +4 hr,37,-24.18,-1.474,1.474,True,percent,5,
s2_time_sec,2,Time_sec,BEDREST_FTT_CFT70_ActBoardTime_obsv,Time_sec::BEDREST_FTT_CFT70_ActBoardTime_obsv::Test_Phase=PRE_TEST|BR_Day=11|Session=A,Time_sec::BEDREST_FTT_CFT70_ActBoardTime_obsv::Test_Phase=POST_TEST|BR_Day=11|Session=G,35,-21.49,-1.387,1.387,True,percent,7,
s2_heart_rate_bpm,2,Heart_Rate_BPM,BEDREST_FTT_CFT70_HR_FallRecovery_Diff_obsv,Heart_Rate_BPM::BEDREST_FTT_CFT70_HR_FallRecovery_Diff_obsv::Test_Phase=PRE_TEST|BR_Day=3|Session=C,Heart_Rate_BPM::BEDREST_FTT_CFT70_HR_FallRecovery_Diff_obsv::Test_Phase=POST_TEST|BR_Day=6|Session=F,33,77.17,1.292,1.292,False,absolute,7,
s2_mitral_e_wave_velocity,2,Mitral E Wave Velocity,BRSMCF_CFT70_2D_Echo_All,Mitral E Wave Velocity::BRSMCF_CFT70_2D_Echo_All::Test_Phase=PRE_TEST|Day=2,Mitral E Wave Velocity::BRSMCF_CFT70_2D_Echo_All::Test_Phase=POST_TEST|Day=0 +4 hr,37,-23.36,-1.233,1.233,True,percent,5,
s2_r_r_interval_msec,2,R_R_Interval_msec,BEDREST_FTT_CFT70_RR_Intv_FallRecSt_obsv,R_R_Interval_msec::BEDREST_FTT_CFT70_RR_Intv_FallRecSt_obsv::Test_Phase=PRE_TEST|BR_Day=3|Session=C,R_R_Interval_msec::BEDREST_FTT_CFT70_RR_Intv_FallRecSt_obsv::Test_Phase=POST_TEST|BR_Day=6|Session=F,33,-12.52,-1.212,1.212,True,percent,7,
s2_soleus,2,Soleus,BEDREST_IRATS_MRI_ULTRASOUND_CFT70_MRI_Soleus,Soleus::BEDREST_IRATS_MRI_ULTRASOUND_CFT70_MRI_Soleus::Test_Phase=PRE_TEST|BR_Day=6,Soleus::BEDREST_IRATS_MRI_ULTRASOUND_CFT70_MRI_Soleus::Test_Phase=POST_TEST|BR_Day=6,26,-7.16,-1.118,1.118,True,percent,13,
s2_maxht_in,2,MaxHt_in,BRSMVJ_CFT70_Vertical_Jump_Summary_obsv_ALL,MaxHt_in::BRSMVJ_CFT70_Vertical_Jump_Summary_obsv_ALL::Visit=PRE2,MaxHt_in::BRSMVJ_CFT70_Vertical_Jump_Summary_obsv_ALL::Visit=POST1,36,-12.22,-1.089,1.089,True,percent,4,
s2_maxht_cm,2,MaxHt_cm,BRSMVJ_CFT70_Vertical_Jump_Summary_obsv_ALL,MaxHt_cm::BRSMVJ_CFT70_Vertical_Jump_Summary_obsv_ALL::Visit=PRE2,MaxHt_cm::BRSMVJ_CFT70_Vertical_Jump_Summary_obsv_ALL::Visit=POST1,36,-12.22,-1.088,1.088,True,percent,4,
s2_tdi_left_heart_rate,2,TDI Left Heart Rate,BRSMCF_CFT70_2D_Echo_All,TDI Left Heart Rate::BRSMCF_CFT70_2D_Echo_All::Test_Phase=PRE_TEST|Day=2,TDI Left Heart Rate::BRSMCF_CFT70_2D_Echo_All::Test_Phase=POST_TEST|Day=0 +4 hr,37,25.03,1.083,1.083,True,percent,5,
s2_maxvelocity_ms,2,MaxVelocity_ms,BRSMVJ_CFT70_Vertical_Jump_Summary_obsv_ALL,MaxVelocity_ms::BRSMVJ_CFT70_Vertical_Jump_Summary_obsv_ALL::Visit=PRE2,MaxVelocity_ms::BRSMVJ_CFT70_Vertical_Jump_Summary_obsv_ALL::Visit=POST1,36,-6.66,-1.077,1.077,True,percent,4,
s2_lvot_velocity_time_integral,2,LVOT Velocity Time Integral,BRSMCF_CFT70_2D_Echo_All,LVOT Velocity Time Integral::BRSMCF_CFT70_2D_Echo_All::Test_Phase=PRE_TEST|Day=2,LVOT Velocity Time Integral::BRSMCF_CFT70_2D_Echo_All::Test_Phase=POST_TEST|Day=0 +4 hr,37,-17.79,-1.074,1.074,True,percent,5,
s2_pulmonic_valve_ejection_time,2,Pulmonic Valve Ejection Time,BRSMCF_CFT70_2D_Echo_All,Pulmonic Valve Ejection Time::BRSMCF_CFT70_2D_Echo_All::Test_Phase=PRE_TEST|Day=2,Pulmonic Valve Ejection Time::BRSMCF_CFT70_2D_Echo_All::Test_Phase=POST_TEST|Day=0 +4 hr,36,-10.92,-1.055,1.055,True,percent,5,
s2_completion_time_sec,2,Completion_Time_sec,BEDREST_FTT_CFT70_PegboardTime_obsv,Completion_Time_sec::BEDREST_FTT_CFT70_PegboardTime_obsv::Test_Phase=PRE_TEST|BR_Day=11|Session=A,Completion_Time_sec::BEDREST_FTT_CFT70_PegboardTime_obsv::Test_Phase=POST_TEST|BR_Day=11|Session=G,35,-13.67,-1.03,1.03,True,percent,7,
s2_total_score,2,Total Score,NNX10AP86G_CFT70_MFSI-SF_Total_Scale,Total Score::NNX10AP86G_CFT70_MFSI-SF_Total_Scale::Test_Phase=PRE-TEST|BR_Day=1,Total Score::NNX10AP86G_CFT70_MFSI-SF_Total_Scale::Test_Phase=POST_TEST|BR_Day=0,23,-105.5,1.021,1.021,False,absolute,17,
s2_work_joules,2,Work_Joules,BEDREST_FTT_CFT70_TorqGenWork_obsv,Work_Joules::BEDREST_FTT_CFT70_TorqGenWork_obsv::Test_Phase=PRE_TEST|BR_Day=11|Session=A,Work_Joules::BEDREST_FTT_CFT70_TorqGenWork_obsv::Test_Phase=POST_TEST|BR_Day=11|Session=G,35,22.32,1.004,1.004,True,percent,7,
s2_tdi_right_heart_rate,2,TDI Right Heart Rate,BRSMCF_CFT70_2D_Echo_All,TDI Right Heart Rate::BRSMCF_CFT70_2D_Echo_All::Test_Phase=PRE_TEST|Day=2,TDI Right Heart Rate::BRSMCF_CFT70_2D_Echo_All::Test_Phase=POST_TEST|Day=0 +4 hr,36,23.06,0.973,0.973,True,percent,5,
s2_mean_sway_speed_mm_sec,2,Mean_Sway_Speed_mm_sec,BEDREST_FTT_CFT70_StandTest_MSS_2D_obsv,Mean_Sway_Speed_mm_sec::BEDREST_FTT_CFT70_StandTest_MSS_2D_obsv::Test_Phase=PRE_TEST|BR_Day=7|Session=B,Mean_Sway_Speed_mm_sec::BEDREST_FTT_CFT70_StandTest_MSS_2D_obsv::Test_Phase=POST_TEST|BR_Day=6|Session=F,33,19.92,0.962,0.962,True,percent,7,
s2_physical_scale,2,Physical Scale,NNX10AP86G_CFT70_MFSI-SF_Physical_Scale,Physical Scale::NNX10AP86G_CFT70_MFSI-SF_Physical_Scale::Test_Phase=PRE-TEST|BR_Day=1,Physical Scale::NNX10AP86G_CFT70_MFSI-SF_Physical_Scale::Test_Phase=POST_TEST|BR_Day=0,23,445.45,0.94,0.94,False,absolute,17,
s2_central_activation_ratio,2,Central_Activation_Ratio,BEDREST_FTT_CFT70_InterpTwitch_CntrActvRatio_obsv,Central_Activation_Ratio::BEDREST_FTT_CFT70_InterpTwitch_CntrActvRatio_obsv::Test_Phase=PRE_TEST|BR_Day=11|Session=A,Central_Activation_Ratio::BEDREST_FTT_CFT70_InterpTwitch_CntrActvRatio_obsv::Test_Phase=POST_TEST|BR_Day=6|Session=F,28,-4.79,-0.925,0.925,True,percent,7,
s2_general_scale,2,General Scale,NNX10AP86G_CFT70_MFSI-SF_General_Scale,General Scale::NNX10AP86G_CFT70_MFSI-SF_General_Scale::Test_Phase=PRE-TEST|BR_Day=1,General Scale::NNX10AP86G_CFT70_MFSI-SF_General_Scale::Test_Phase=POST_TEST|BR_Day=0,23,629.17,0.914,0.914,False,absolute,17,
s2_tissue,2,Tissue,BEDREST_IRATS_iDXA_CFT70_Body_Composition_Gynoid_obsv,Tissue::BEDREST_IRATS_iDXA_CFT70_Body_Composition_Gynoid_obsv::Test=Pre,Tissue::BEDREST_IRATS_iDXA_CFT70_Body_Composition_Gynoid_obsv::Test=Post,38,4.86,0.91,0.91,True,percent,6,
s2_fat,2,Fat,BEDREST_IRATS_iDXA_CFT70_Body_Composition_Gynoid_obsv,Fat::BEDREST_IRATS_iDXA_CFT70_Body_Composition_Gynoid_obsv::Test=Pre,Fat::BEDREST_IRATS_iDXA_CFT70_Body_Composition_Gynoid_obsv::Test=Post,38,10.54,0.907,0.907,True,percent,6,
s2_total,2,Total,BEDREST_IRATS_iDXA_CFT70_Body_Composition_Gynoid_obsv,Total::BEDREST_IRATS_iDXA_CFT70_Body_Composition_Gynoid_obsv::Test=Pre,Total::BEDREST_IRATS_iDXA_CFT70_Body_Composition_Gynoid_obsv::Test=Post,38,4.73,0.906,0.906,True,percent,6,
s2_maxpower_wkg,2,MaxPower_Wkg,BRSMVJ_CFT70_Vertical_Jump_Summary_obsv_ALL,MaxPower_Wkg::BRSMVJ_CFT70_Vertical_Jump_Summary_obsv_ALL::Visit=PRE2,MaxPower_Wkg::BRSMVJ_CFT70_Vertical_Jump_Summary_obsv_ALL::Visit=POST1,36,-7.77,-0.871,0.871,True,percent,4,
s2_lateral_gastrocnemius,2,Lateral Gastrocnemius,BEDREST_IRATS_MRI_ULTRASOUND_CFT70_Ultrasound_Lateral_Gastrocnemius,Lateral Gastrocnemius::BEDREST_IRATS_MRI_ULTRASOUND_CFT70_Ultrasound_Lateral_Gastrocnemius::Test_Phase=PRE_TEST|BR_Day=6,Lateral Gastrocnemius::BEDREST_IRATS_MRI_ULTRASOUND_CFT70_Ultrasound_Lateral_Gastrocnemius::Test_Phase=POST_TEST|BR_Day=6,26,-9.73,-0.854,0.854,True,percent,13,
s2_tdi_tricuspid_e_wave,2,TDI Tricuspid E Wave,BRSMCF_CFT70_2D_Echo_All,TDI Tricuspid E Wave::BRSMCF_CFT70_2D_Echo_All::Test_Phase=PRE_TEST|Day=2,TDI Tricuspid E Wave::BRSMCF_CFT70_2D_Echo_All::Test_Phase=POST_TEST|Day=0 +4 hr,35,-19.74,-0.834,0.834,True,percent,5,
s2_diastolic_bp_mm_hg,2,Diastolic_BP_mm_Hg,BEDREST_FTT_CFT70_DBP_FallRecoveryPr_obsv,Diastolic_BP_mm_Hg::BEDREST_FTT_CFT70_DBP_FallRecoveryPr_obsv::Test_Phase=PRE_TEST|BR_Day=11|Session=A,Diastolic_BP_mm_Hg::BEDREST_FTT_CFT70_DBP_FallRecoveryPr_obsv::Test_Phase=POST_TEST|BR_Day=11|Session=G,34,-7.82,-0.832,0.832,True,percent,7,
s2_force_control_cv,2,Force_Control_CV,BEDREST_FTT_CFT70_UpperBodyForceControl_Visual_obsv,Force_Control_CV::BEDREST_FTT_CFT70_UpperBodyForceControl_Visual_obsv::Test_Phase=PRE_TEST|BR_Day=11|Session=A,Force_Control_CV::BEDREST_FTT_CFT70_UpperBodyForceControl_Visual_obsv::Test_Phase=POST_TEST|BR_Day=6|Session=F,32,-26.91,-0.824,0.824,True,percent,7,
s2_tdi_mitral_annular_e,2,TDI Mitral Annular E,BRSMCF_CFT70_2D_Echo_All,TDI Mitral Annular E::BRSMCF_CFT70_2D_Echo_All::Test_Phase=PRE_TEST|Day=2,TDI Mitral Annular E::BRSMCF_CFT70_2D_Echo_All::Test_Phase=POST_TEST|Day=0 +4 hr,37,-16.95,-0.819,0.819,True,percent,5,
s2_percent_correct_steps,2,Percent_Correct_Steps,BEDREST_FTT_CFT70_LineTest_PctCorrectSteps_obsv,Percent_Correct_Steps::BEDREST_FTT_CFT70_LineTest_PctCorrectSteps_obsv::Test_Phase=PRE_TEST|BR_Day=3|Session=C,Percent_Correct_Steps::BEDREST_FTT_CFT70_LineTest_PctCorrectSteps_obsv::Test_Phase=POST_TEST|BR_Day=6|Session=F,33,-15.14,-0.817,0.817,True,percent,7,
s2_total_mood_disturbance_tmd,2,Total Mood Disturbance (TMD),NNX10AP86G_CFT70_POMS_TMD,Total Mood Disturbance (TMD)::NNX10AP86G_CFT70_POMS_TMD::Test_Phase=PRE-TEST|BR_Day=1,Total Mood Disturbance (TMD)::NNX10AP86G_CFT70_POMS_TMD::Test_Phase=POST_TEST|BR_Day=0,24,-74.58,0.781,0.781,False,absolute,17,
s2_aortic_valve_close_open,2,Aortic Valve Close Open,BRSMCF_CFT70_2D_Echo_All,Aortic Valve Close Open::BRSMCF_CFT70_2D_Echo_All::Test_Phase=PRE_TEST|Day=2,Aortic Valve Close Open::BRSMCF_CFT70_2D_Echo_All::Test_Phase=POST_TEST|Day=0 +4 hr,37,-5.8,-0.776,0.776,True,percent,5,
s2_maxpower_w,2,MaxPower_W,BRSMVJ_CFT70_Vertical_Jump_Summary_obsv_ALL,MaxPower_W::BRSMVJ_CFT70_Vertical_Jump_Summary_obsv_ALL::Visit=PRE2,MaxPower_W::BRSMVJ_CFT70_Vertical_Jump_Summary_obsv_ALL::Visit=POST1,36,-7.89,-0.768,0.768,True,percent,4,
s2_medial_gastrocnemius,2,Medial Gastrocnemius,BEDREST_IRATS_MRI_ULTRASOUND_CFT70_Ultrasound_Medial_Gastrocnemius,Medial Gastrocnemius::BEDREST_IRATS_MRI_ULTRASOUND_CFT70_Ultrasound_Medial_Gastrocnemius::Test_Phase=PRE_TEST|BR_Day=6,Medial Gastrocnemius::BEDREST_IRATS_MRI_ULTRASOUND_CFT70_Ultrasound_Medial_Gastrocnemius::Test_Phase=POST_TEST|BR_Day=6,26,-7.83,-0.766,0.766,True,percent,13,
s2_force_n,2,Force_N,BEDREST_FTT_CFT70_KneeExt_MaxIsometricForce_obsv,Force_N::BEDREST_FTT_CFT70_KneeExt_MaxIsometricForce_obsv::Test_Phase=PRE_TEST|BR_Day=11|Session=A,Force_N::BEDREST_FTT_CFT70_KneeExt_MaxIsometricForce_obsv::Test_Phase=POST_TEST|BR_Day=6|Session=F,31,-15.01,-0.746,0.746,True,percent,7,
s2_central_activation_capacity,2,Central_Activation_Capacity,BEDREST_FTT_CFT70_InterpTwitch_CntrActvCapacity_obsv,Central_Activation_Capacity::BEDREST_FTT_CFT70_InterpTwitch_CntrActvCapacity_obsv::Test_Phase=PRE_TEST|BR_Day=11|Session=A,Central_Activation_Capacity::BEDREST_FTT_CFT70_InterpTwitch_CntrActvCapacity_obsv::Test_Phase=POST_TEST|BR_Day=6|Session=F,28,-6.3,-0.746,0.746,True,percent,7,
s2_fatigue,2,Fatigue,NNX10AP86G_CFT70_POMS_Fatigue,Fatigue::NNX10AP86G_CFT70_POMS_Fatigue::Test_Phase=PRE-TEST|BR_Day=1,Fatigue::NNX10AP86G_CFT70_POMS_Fatigue::Test_Phase=POST_TEST|BR_Day=0,24,403.33,0.735,0.735,False,absolute,17,
s2_turns,2,Turns,BEDREST_FTT_CFT70_TorqGenNmbrTurns_obsv,Turns::BEDREST_FTT_CFT70_TorqGenNmbrTurns_obsv::Test_Phase=PRE_TEST|BR_Day=11|Session=A,Turns::BEDREST_FTT_CFT70_TorqGenNmbrTurns_obsv::Test_Phase=POST_TEST|BR_Day=11|Session=G,35,22.15,0.713,0.713,True,percent,7,
s2_vigor_scale,2,Vigor Scale,NNX10AP86G_CFT70_MFSI-SF_Vigor_Scale,Vigor Scale::NNX10AP86G_CFT70_MFSI-SF_Vigor_Scale::Test_Phase=PRE-TEST|BR_Day=1,Vigor Scale::NNX10AP86G_CFT70_MFSI-SF_Vigor_Scale::Test_Phase=POST_TEST|BR_Day=0,23,-21.93,-0.708,0.708,False,absolute,17,
s2_pulmonic_valve_acceleration_time,2,Pulmonic Valve Acceleration Time,BRSMCF_CFT70_2D_Echo_All,Pulmonic Valve Acceleration Time::BRSMCF_CFT70_2D_Echo_All::Test_Phase=PRE_TEST|Day=2,Pulmonic Valve Acceleration Time::BRSMCF_CFT70_2D_Echo_All::Test_Phase=POST_TEST|Day=0 +4 hr,36,-12.58,-0.687,0.687,True,percent,5,
s2_r_r_interval_msec_2,2,R_R_Interval_msec_2,BEDREST_FTT_CFT70_RR_Intv_HighFreq_FallRecSt_obsv,R_R_Interval_msec_2::BEDREST_FTT_CFT70_RR_Intv_HighFreq_FallRecSt_obsv::Test_Phase=PRE_TEST|BR_Day=11|Session=A,R_R_Interval_msec_2::BEDREST_FTT_CFT70_RR_Intv_HighFreq_FallRecSt_obsv::Test_Phase=POST_TEST|BR_Day=6|Session=F,33,-62.25,-0.678,0.678,True,percent,7,
s2_total_frequency_power,2,Total_Frequency_Power,BEDREST_FTT_CFT70_DVA_Tpitch_FrqAnPsum_obsv,Total_Frequency_Power::BEDREST_FTT_CFT70_DVA_Tpitch_FrqAnPsum_obsv::Test_Phase=PRE_TEST|BR_Day=7|Session=B,Total_Frequency_Power::BEDREST_FTT_CFT70_DVA_Tpitch_FrqAnPsum_obsv::Test_Phase=POST_TEST|BR_Day=6|Session=F,33,20.04,0.651,0.651,True,percent,7,
s2_tricuspid_a_velocity,2,Tricuspid A Velocity,BRSMCF_CFT70_2D_Echo_All,Tricuspid A Velocity::BRSMCF_CFT70_2D_Echo_All::Test_Phase=PRE_TEST|Day=2,Tricuspid A Velocity::BRSMCF_CFT70_2D_Echo_All::Test_Phase=POST_TEST|Day=0 +4 hr,35,33.55,0.641,0.641,True,percent,5,
s2_twp,2,TWP,BEDREST_FTT_CFT70_LineTest_TWP_obsv,TWP::BEDREST_FTT_CFT70_LineTest_TWP_obsv::Test_Phase=PRE_TEST|BR_Day=7|Session=B,TWP::BEDREST_FTT_CFT70_LineTest_TWP_obsv::Test_Phase=POST_TEST|BR_Day=6|Session=F,33,-17.14,-0.621,0.621,False,absolute,7,
s2_tdi_basal_septal_a,2,TDI Basal Septal A,BRSMCF_CFT70_2D_Echo_All,TDI Basal Septal A::BRSMCF_CFT70_2D_Echo_All::Test_Phase=PRE_TEST|Day=2,TDI Basal Septal A::BRSMCF_CFT70_2D_Echo_All::Test_Phase=POST_TEST|Day=0 +4 hr,37,13.31,0.614,0.614,True,percent,5,
s2_rectus_femoris,2,Rectus Femoris,BEDREST_IRATS_MRI_ULTRASOUND_CFT70_MRI_Rectus_Femoris,Rectus Femoris::BEDREST_IRATS_MRI_ULTRASOUND_CFT70_MRI_Rectus_Femoris::Test_Phase=PRE_TEST|BR_Day=6,Rectus Femoris::BEDREST_IRATS_MRI_ULTRASOUND_CFT70_MRI_Rectus_Femoris::Test_Phase=POST_TEST|BR_Day=10,25,5.47,0.61,0.61,True,percent,13,
s2_tdi_mitral_annular_a,2,TDI Mitral Annular A,BRSMCF_CFT70_2D_Echo_All,TDI Mitral Annular A::BRSMCF_CFT70_2D_Echo_All::Test_Phase=PRE_TEST|Day=2,TDI Mitral Annular A::BRSMCF_CFT70_2D_Echo_All::Test_Phase=POST_TEST|Day=0 +4 hr,37,14.12,0.607,0.607,True,percent,5,
s2_rate_n_sec,2,Rate_N_sec,BEDREST_FTT_CFT70_LegPress_RateForceDev_obsv,Rate_N_sec::BEDREST_FTT_CFT70_LegPress_RateForceDev_obsv::Test_Phase=PRE_TEST|BR_Day=11|Session=A,Rate_N_sec::BEDREST_FTT_CFT70_LegPress_RateForceDev_obsv::Test_Phase=POST_TEST|BR_Day=6|Session=F,31,-12.36,-0.584,0.584,True,percent,7,
s2_mean_arterial_pressure_mm_hg,2,Mean_Arterial_Pressure_mm_Hg,BEDREST_FTT_CFT70_MAP_FallRecoverySt_obsv,Mean_Arterial_Pressure_mm_Hg::BEDREST_FTT_CFT70_MAP_FallRecoverySt_obsv::Test_Phase=PRE_TEST|BR_Day=11|Session=A,Mean_Arterial_Pressure_mm_Hg::BEDREST_FTT_CFT70_MAP_FallRecoverySt_obsv::Test_Phase=POST_TEST|BR_Day=11|Session=G,35,-6.37,-0.574,0.574,True,percent,7,
s2_mitral_a_wave_velocity,2,Mitral A Wave Velocity,BRSMCF_CFT70_2D_Echo_All,Mitral A Wave Velocity::BRSMCF_CFT70_2D_Echo_All::Test_Phase=PRE_TEST|Day=2,Mitral A Wave Velocity::BRSMCF_CFT70_2D_Echo_All::Test_Phase=POST_TEST|Day=0 +4 hr,37,20.65,0.549,0.549,True,percent,5,
s2_latency_msec,2,Latency_msec,BEDREST_FTT_CFT70_LC_StLatency_obsv,Latency_msec::BEDREST_FTT_CFT70_LC_StLatency_obsv::Test_Phase=PRE_TEST|BR_Day=10|Session=P,Latency_msec::BEDREST_FTT_CFT70_LC_StLatency_obsv::Test_Phase=POST_TEST|BR_Day=3|Session=W,33,-1.83,-0.548,0.548,True,percent,9,
s2_maxaccel_g,2,MaxAccel_g,BRSMVJ_CFT70_Vertical_Jump_Summary_obsv_ALL,MaxAccel_g::BRSMVJ_CFT70_Vertical_Jump_Summary_obsv_ALL::Visit=PRE2,MaxAccel_g::BRSMVJ_CFT70_Vertical_Jump_Summary_obsv_ALL::Visit=POST1,36,-5.82,-0.545,0.545,True,percent,4,
s2_cross_correlation,2,Cross_correlation,BEDREST_FTT_CFT70_DVA_HpitchTz_XcorrMxVal_obsv,Cross_correlation::BEDREST_FTT_CFT70_DVA_HpitchTz_XcorrMxVal_obsv::Test_Phase=PRE_TEST|BR_Day=3|Session=C,Cross_correlation::BEDREST_FTT_CFT70_DVA_HpitchTz_XcorrMxVal_obsv::Test_Phase=POST_TEST|BR_Day=6|Session=F,32,-15.23,-0.538,0.538,True,percent,7,
s2_adductors,2,Adductors,BEDREST_IRATS_MRI_ULTRASOUND_CFT70_MRI_Adductors,Adductors::BEDREST_IRATS_MRI_ULTRASOUND_CFT70_MRI_Adductors::Test_Phase=PRE_TEST|BR_Day=6,Adductors::BEDREST_IRATS_MRI_ULTRASOUND_CFT70_MRI_Adductors::Test_Phase=POST_TEST|BR_Day=6,26,4.41,0.537,0.537,False,absolute,13,
s2_rms,2,RMS,BEDREST_FTT_CFT70_Data_LineTest_TorsoAccRRMS_trial_obsv,RMS::BEDREST_FTT_CFT70_Data_LineTest_TorsoAccRRMS_trial_obsv::Trial=1|Test_Phase=PRE_TEST|BR_Day=11,RMS::BEDREST_FTT_CFT70_Data_LineTest_TorsoAccRRMS_trial_obsv::Trial=2|Test_Phase=POST_TEST|BR_Day=11,35,-18.31,-0.53,0.53,True,percent,21,
s2_total_work_j,2,Total_Work_J,BEDREST_FTT_CFT70_LegPress_TotalWork_obsv,Total_Work_J::BEDREST_FTT_CFT70_LegPress_TotalWork_obsv::Test_Phase=PRE_TEST|BR_Day=7|Session=B,Total_Work_J::BEDREST_FTT_CFT70_LegPress_TotalWork_obsv::Test_Phase=POST_TEST|BR_Day=6|Session=F,32,-7.37,-0.525,0.525,True,percent,7,
s2_conduction_velocity_m_sec,2,Conduction_Velocity_m_sec,BEDREST_FTT_CFT70_MSR_StCondVel_obsv,Conduction_Velocity_m_sec::BEDREST_FTT_CFT70_MSR_StCondVel_obsv::Test_Phase=PRE_TEST|BR_Day=10|Session=P,Conduction_Velocity_m_sec::BEDREST_FTT_CFT70_MSR_StCondVel_obsv::Test_Phase=POST_TEST|BR_Day=3|Session=W,33,1.77,0.524,0.524,True,percent,9,
s2_fatigue_index,2,Fatigue_Index,BEDREST_FTT_CFT70_LegPress_FatigueIndex_obsv,Fatigue_Index::BEDREST_FTT_CFT70_LegPress_FatigueIndex_obsv::Test_Phase=PRE_TEST|BR_Day=11|Session=A,Fatigue_Index::BEDREST_FTT_CFT70_LegPress_FatigueIndex_obsv::Test_Phase=POST_TEST|BR_Day=11|Session=G,33,-17.65,-0.5,0.5,True,percent,7,
s2_maximum_power_w,2,Maximum_Power_W,BEDREST_FTT_CFT70_LegPress_MaxPower_endurance_obsv,Maximum_Power_W::BEDREST_FTT_CFT70_LegPress_MaxPower_endurance_obsv::Test_Phase=PRE_TEST|BR_Day=7|Session=B,Maximum_Power_W::BEDREST_FTT_CFT70_LegPress_MaxPower_endurance_obsv::Test_Phase=POST_TEST|BR_Day=6|Session=F,32,-6.23,-0.499,0.499,True,percent,7,
s2_isovolumic_relaxation_time,2,Isovolumic Relaxation Time,BRSMCF_CFT70_2D_Echo_All,Isovolumic Relaxation Time::BRSMCF_CFT70_2D_Echo_All::Test_Phase=PRE_TEST|Day=2,Isovolumic Relaxation Time::BRSMCF_CFT70_2D_Echo_All::Test_Phase=POST_TEST|Day=0 +4 hr,37,6.83,0.478,0.478,True,percent,5,
s2_systolic_bp_mm_hg,2,Systolic_BP_mm_Hg,BEDREST_FTT_CFT70_SBP_FallRecoverySt_obsv,Systolic_BP_mm_Hg::BEDREST_FTT_CFT70_SBP_FallRecoverySt_obsv::Test_Phase=PRE_TEST|BR_Day=11|Session=A,Systolic_BP_mm_Hg::BEDREST_FTT_CFT70_SBP_FallRecoverySt_obsv::Test_Phase=POST_TEST|BR_Day=11|Session=G,35,-4.91,-0.477,0.477,True,percent,7,
s2_vigor,2,Vigor,NNX10AP86G_CFT70_POMS_Vigor,Vigor::NNX10AP86G_CFT70_POMS_Vigor::Test_Phase=PRE-TEST|BR_Day=1,Vigor::NNX10AP86G_CFT70_POMS_Vigor::Test_Phase=POST_TEST|BR_Day=0,24,-19.91,-0.477,0.477,False,absolute,17,
s2_ratio_n_kg,2,Ratio_N_kg,BEDREST_FTT_CFT70_LegPress_MaxIsoForceToBW_Ratio_obsv,Ratio_N_kg::BEDREST_FTT_CFT70_LegPress_MaxIsoForceToBW_Ratio_obsv::Test_Phase=PRE_TEST|BR_Day=11|Session=A,Ratio_N_kg::BEDREST_FTT_CFT70_LegPress_MaxIsoForceToBW_Ratio_obsv::Test_Phase=POST_TEST|BR_Day=6|Session=F,31,-6.08,-0.473,0.473,True,percent,7,
s2_tdi_mitral_annular_systole,2,TDI Mitral Annular Systole,BRSMCF_CFT70_2D_Echo_All,TDI Mitral Annular Systole::BRSMCF_CFT70_2D_Echo_All::Test_Phase=PRE_TEST|Day=2,TDI Mitral Annular Systole::BRSMCF_CFT70_2D_Echo_All::Test_Phase=POST_TEST|Day=0 +4 hr,37,11.76,0.47,0.47,True,percent,5,
s2_lean,2,Lean,BEDREST_IRATS_iDXA_CFT70_Body_Composition_Android_obsv,Lean::BEDREST_IRATS_iDXA_CFT70_Body_Composition_Android_obsv::Test=Pre,Lean::BEDREST_IRATS_iDXA_CFT70_Body_Composition_Android_obsv::Test=Post,38,-3.15,-0.466,0.466,True,percent,6,
s2_red_cell_volume_l,2,Red_Cell_Volume_L,BEDREST_FTT_CFT70_RedCellVolume_obsv,Red_Cell_Volume_L::BEDREST_FTT_CFT70_RedCellVolume_obsv::Test_Phase=PRE_TEST|BR_Day=7|Session=B,Red_Cell_Volume_L::BEDREST_FTT_CFT70_RedCellVolume_obsv::Test_Phase=POST_TEST|BR_Day=11|Session=G,33,-6.65,-0.455,0.455,True,percent,6,
s2_bmc,2,BMC,BEDREST_IRATS_iDXA_CFT70_Body_Composition_Trunk_obsv,BMC::BEDREST_IRATS_iDXA_CFT70_Body_Composition_Trunk_obsv::Test=Pre,BMC::BEDREST_IRATS_iDXA_CFT70_Body_Composition_Trunk_obsv::Test=Post,37,1.28,0.453,0.453,True,percent,7,
s2_total_fat,2,Total Fat,BEDREST_IRATS_iDXA_CFT70_Body_Composition_Total_obsv,Total Fat::BEDREST_IRATS_iDXA_CFT70_Body_Composition_Total_obsv::Test=Pre,Total Fat::BEDREST_IRATS_iDXA_CFT70_Body_Composition_Total_obsv::Test=Post,38,3.95,0.439,0.439,True,percent,6,
s2_left_ventricular_diameter_diastole,2,Left Ventricular Diameter Diastole,BRSMCF_CFT70_2D_Echo_All,Left Ventricular Diameter Diastole::BRSMCF_CFT70_2D_Echo_All::Test_Phase=PRE_TEST|Day=2,Left Ventricular Diameter Diastole::BRSMCF_CFT70_2D_Echo_All::Test_Phase=POST_TEST|Day=0 +4 hr,37,-2.68,-0.43,0.43,True,percent,5,
s2_vastus_lateralis,2,Vastus Lateralis,BEDREST_IRATS_MRI_ULTRASOUND_CFT70_MRI_Vastus_Lateralis,Vastus Lateralis::BEDREST_IRATS_MRI_ULTRASOUND_CFT70_MRI_Vastus_Lateralis::Test_Phase=PRE_TEST|BR_Day=6,Vastus Lateralis::BEDREST_IRATS_MRI_ULTRASOUND_CFT70_MRI_Vastus_Lateralis::Test_Phase=POST_TEST|BR_Day=10,25,3.54,0.423,0.423,True,percent,13,
s2_low_high_frequency_ratio,2,Low_High_Frequency_Ratio,BEDREST_FTT_CFT70_RR_Intv_LowHighRatio_FallRecSt_obsv,Low_High_Frequency_Ratio::BEDREST_FTT_CFT70_RR_Intv_LowHighRatio_FallRecSt_obsv::Test_Phase=PRE_TEST|BR_Day=3|Session=C,Low_High_Frequency_Ratio::BEDREST_FTT_CFT70_RR_Intv_LowHighRatio_FallRecSt_obsv::Test_Phase=POST_TEST|BR_Day=6|Session=F,33,49.7,0.412,0.412,True,percent,7,
s2_color_m_mode_velocity_propagation_,2,Color M-Mode Velocity Propagation Time,BRSMCF_CFT70_2D_Echo_All,Color M-Mode Velocity Propagation Time::BRSMCF_CFT70_2D_Echo_All::Test_Phase=PRE_TEST|Day=2,Color M-Mode Velocity Propagation Time::BRSMCF_CFT70_2D_Echo_All::Test_Phase=POST_TEST|Day=0 +4 hr,37,-7.96,-0.379,0.379,True,percent,5,
s2_lag_sec,2,Lag_sec,BEDREST_FTT_CFT70_sEgressHdTrYawLag_obsv,Lag_sec::BEDREST_FTT_CFT70_sEgressHdTrYawLag_obsv::Test_Phase=PRE_TEST|BR_Day=7|Session=B,Lag_sec::BEDREST_FTT_CFT70_sEgressHdTrYawLag_obsv::Test_Phase=POST_TEST|BR_Day=11|Session=G,29,-9.11,0.378,0.378,False,absolute,7,
s2_step_time_std_dev_sec,2,Step_Time_Std_Dev_sec,BEDREST_FTT_CFT70_DVA_StepTime_stdev_obsv,Step_Time_Std_Dev_sec::BEDREST_FTT_CFT70_DVA_StepTime_stdev_obsv::Test_Phase=PRE_TEST|BR_Day=7|Session=B,Step_Time_Std_Dev_sec::BEDREST_FTT_CFT70_DVA_StepTime_stdev_obsv::Test_Phase=POST_TEST|BR_Day=6|Session=F,33,10.76,0.373,0.373,True,percent,7,
s2_time_msec,2,Time (msec),BEDREST_FTT_CFT70_Data_Jump_TakeOffLatency_obsv,Time (msec)::BEDREST_FTT_CFT70_Data_Jump_TakeOffLatency_obsv::Trial=1|Test_Phase=PRE_TEST|BR_Day=7,Time (msec)::BEDREST_FTT_CFT70_Data_Jump_TakeOffLatency_obsv::Trial=1|Test_Phase=POST_TEST|BR_Day=11,33,-31.56,-0.37,0.37,True,percent,21,
s2_settling_time_sec,2,Settling Time (sec),BEDREST_FTT_CFT70_Data_Jump_SettlingTime_obsv,Settling Time (sec)::BEDREST_FTT_CFT70_Data_Jump_SettlingTime_obsv::Trial=1|Test_Phase=PRE_TEST|BR_Day=7,Settling Time (sec)::BEDREST_FTT_CFT70_Data_Jump_SettlingTime_obsv::Trial=1|Test_Phase=POST_TEST|BR_Day=11,33,-11.76,-0.36,0.36,True,percent,21,
s2_force_lbs,2,Force_lbs,BEDREST_FTT_CFT70_TorqGenMaxForce_obsv,Force_lbs::BEDREST_FTT_CFT70_TorqGenMaxForce_obsv::Test_Phase=PRE_TEST|BR_Day=11|Session=A,Force_lbs::BEDREST_FTT_CFT70_TorqGenMaxForce_obsv::Test_Phase=POST_TEST|BR_Day=6|Session=F,33,6.3,0.352,0.352,True,percent,7,
s2_cd3_cd8,2,CD3+/CD8+ (%),BRSMIMMUNE_CFT70_obsv_All,CD3+/CD8+ (%)::BRSMIMMUNE_CFT70_obsv_All::Test_Phase=PRE_TEST|BR_Day=10,CD3+/CD8+ (%)::BRSMIMMUNE_CFT70_obsv_All::Test_Phase=POST_TEST|BR_Day=5,29,2.04,0.345,0.345,True,percent,4,
s2_tdi_tricuspid_systole,2,TDI Tricuspid Systole,BRSMCF_CFT70_2D_Echo_All,TDI Tricuspid Systole::BRSMCF_CFT70_2D_Echo_All::Test_Phase=PRE_TEST|Day=2,TDI Tricuspid Systole::BRSMCF_CFT70_2D_Echo_All::Test_Phase=POST_TEST|Day=0 +4 hr,36,-6.41,-0.337,0.337,True,percent,5,
s2_hamstrings,2,Hamstrings,BEDREST_IRATS_MRI_ULTRASOUND_CFT70_MRI_Hamstrings,Hamstrings::BEDREST_IRATS_MRI_ULTRASOUND_CFT70_MRI_Hamstrings::Test_Phase=PRE_TEST|BR_Day=6,Hamstrings::BEDREST_IRATS_MRI_ULTRASOUND_CFT70_MRI_Hamstrings::Test_Phase=POST_TEST|BR_Day=6,26,-2.42,-0.312,0.312,True,percent,13,
s2_bmd_g_cm,2,BMD g/cm²,BEDREST_IRATS_iDXA_CFT70_Body_Composition_Hips_obsv,BMD g/cm²::BEDREST_IRATS_iDXA_CFT70_Body_Composition_Hips_obsv::Test=Pre,BMD g/cm²::BEDREST_IRATS_iDXA_CFT70_Body_Composition_Hips_obsv::Test=Post,38,-0.64,-0.299,0.299,True,percent,6,
s2_tension_anxiety,2,Tension-anxiety,NNX10AP86G_CFT70_POMS_Tension-anxiety,Tension-anxiety::NNX10AP86G_CFT70_POMS_Tension-anxiety::Test_Phase=PRE-TEST|BR_Day=1,Tension-anxiety::NNX10AP86G_CFT70_POMS_Tension-anxiety::Test_Phase=POST_TEST|BR_Day=0,24,32.76,0.298,0.298,False,absolute,17,
s2_mitral_deceleration_time,2,Mitral Deceleration Time,BRSMCF_CFT70_2D_Echo_All,Mitral Deceleration Time::BRSMCF_CFT70_2D_Echo_All::Test_Phase=PRE_TEST|Day=2,Mitral Deceleration Time::BRSMCF_CFT70_2D_Echo_All::Test_Phase=POST_TEST|Day=0 +4 hr,37,-7.4,-0.291,0.291,True,percent,5,
s2_peak_vertical_force_bw,2,Peak Vertical Force (BW),BEDREST_FTT_CFT70_Data_Jump_PeakVerticalForce_obsv,Peak Vertical Force (BW)::BEDREST_FTT_CFT70_Data_Jump_PeakVerticalForce_obsv::Trial=1|Test_Phase=PRE_TEST|BR_Day=3,Peak Vertical Force (BW)::BEDREST_FTT_CFT70_Data_Jump_PeakVerticalForce_obsv::Trial=1|Test_Phase=POST_TEST|BR_Day=11,33,-7.12,-0.271,0.271,True,percent,21,
s2_avg_step_time_sec,2,Avg_Step_Time_sec,BEDREST_FTT_CFT70_DVA_StepTime_avg_obsv,Avg_Step_Time_sec::BEDREST_FTT_CFT70_DVA_StepTime_avg_obsv::Test_Phase=PRE_TEST|BR_Day=7|Session=B,Avg_Step_Time_sec::BEDREST_FTT_CFT70_DVA_StepTime_avg_obsv::Test_Phase=POST_TEST|BR_Day=6|Session=F,33,-1.08,-0.269,0.269,True,percent,7,
s2_tricuspid_e_velocity,2,Tricuspid E Velocity,BRSMCF_CFT70_2D_Echo_All,Tricuspid E Velocity::BRSMCF_CFT70_2D_Echo_All::Test_Phase=PRE_TEST|Day=2,Tricuspid E Velocity::BRSMCF_CFT70_2D_Echo_All::Test_Phase=POST_TEST|Day=0 +4 hr,36,-6.53,-0.268,0.268,True,percent,5,
s2_systolic_bp_mm_hg_2,2,Systolic_BP_mm_Hg_2,BEDREST_FTT_CFT70_SBP_LowFrq_FallRecSt_obsv,Systolic_BP_mm_Hg_2::BEDREST_FTT_CFT70_SBP_LowFrq_FallRecSt_obsv::Test_Phase=PRE_TEST|BR_Day=11|Session=A,Systolic_BP_mm_Hg_2::BEDREST_FTT_CFT70_SBP_LowFrq_FallRecSt_obsv::Test_Phase=POST_TEST|BR_Day=11|Session=G,35,-26.59,-0.259,0.259,True,percent,7,
s2_diastolic_bp_mmhg,2,Diastolic_BP_mmHg,BEDREST_FTT_CFT70_DBP_FallRecovery_Diff_obsv,Diastolic_BP_mmHg::BEDREST_FTT_CFT70_DBP_FallRecovery_Diff_obsv::Test_Phase=PRE_TEST|BR_Day=7|Session=B,Diastolic_BP_mmHg::BEDREST_FTT_CFT70_DBP_FallRecovery_Diff_obsv::Test_Phase=POST_TEST|BR_Day=11|Session=G,35,-15.63,0.239,0.239,False,absolute,7,
s2_anger_hostility,2,Anger-hostility,NNX10AP86G_CFT70_POMS_Anger-hostility,Anger-hostility::NNX10AP86G_CFT70_POMS_Anger-hostility::Test_Phase=PRE-TEST|BR_Day=1,Anger-hostility::NNX10AP86G_CFT70_POMS_Anger-hostility::Test_Phase=POST_TEST|BR_Day=0,24,-70.0,-0.237,0.237,False,absolute,17,
s2_isovolumic_contraction_time,2,Isovolumic Contraction Time,BRSMCF_CFT70_2D_Echo_All,Isovolumic Contraction Time::BRSMCF_CFT70_2D_Echo_All::Test_Phase=PRE_TEST|Day=2,Isovolumic Contraction Time::BRSMCF_CFT70_2D_Echo_All::Test_Phase=POST_TEST|Day=0 +4 hr,37,9.04,0.236,0.236,True,percent,5,
s2_tdi_tricuspid_a_wave,2,TDI Tricuspid A Wave,BRSMCF_CFT70_2D_Echo_All,TDI Tricuspid A Wave::BRSMCF_CFT70_2D_Echo_All::Test_Phase=PRE_TEST|Day=2,TDI Tricuspid A Wave::BRSMCF_CFT70_2D_Echo_All::Test_Phase=POST_TEST|Day=3,36,5.62,0.226,0.226,True,percent,5,
s2_plasma_volume_l,2,Plasma_Volume_L,BEDREST_FTT_CFT70_PlasmaVolume_obsv,Plasma_Volume_L::BEDREST_FTT_CFT70_PlasmaVolume_obsv::Test_Phase=PRE_TEST|BR_Day=7|Session=B,Plasma_Volume_L::BEDREST_FTT_CFT70_PlasmaVolume_obsv::Test_Phase=POST_TEST|BR_Day=11|Session=G,33,2.79,0.211,0.211,True,percent,6,
s2_systolic_bp_mmhg,2,Systolic_BP_mmHg,BEDREST_FTT_CFT70_SBP_FallRecovery_Diff_obsv,Systolic_BP_mmHg::BEDREST_FTT_CFT70_SBP_FallRecovery_Diff_obsv::Test_Phase=PRE_TEST|BR_Day=11|Session=A,Systolic_BP_mmHg::BEDREST_FTT_CFT70_SBP_FallRecovery_Diff_obsv::Test_Phase=POST_TEST|BR_Day=11|Session=G,34,27.88,-0.191,0.191,False,absolute,7,
s2_mental_scale,2,Mental Scale,NNX10AP86G_CFT70_MFSI-SF_Mental_Scale,Mental Scale::NNX10AP86G_CFT70_MFSI-SF_Mental_Scale::Test_Phase=PRE-TEST|BR_Day=1,Mental Scale::NNX10AP86G_CFT70_MFSI-SF_Mental_Scale::Test_Phase=POST_TEST|BR_Day=12,23,-75.0,-0.188,0.188,False,absolute,17,
s2_pulse_pressure_mm_hg,2,Pulse_Pressure_mm_Hg,BEDREST_FTT_CFT70_PulsePressure_FallRecPr_obsv,Pulse_Pressure_mm_Hg::BEDREST_FTT_CFT70_PulsePressure_FallRecPr_obsv::Test_Phase=PRE_TEST|BR_Day=7|Session=B,Pulse_Pressure_mm_Hg::BEDREST_FTT_CFT70_PulsePressure_FallRecPr_obsv::Test_Phase=POST_TEST|BR_Day=11|Session=G,35,2.78,0.17,0.17,True,percent,7,
s2_emotional_scale,2,Emotional Scale,NNX10AP86G_CFT70_MFSI-SF_Emotional_Scale,Emotional Scale::NNX10AP86G_CFT70_MFSI-SF_Emotional_Scale::Test_Phase=PRE-TEST|BR_Day=1,Emotional Scale::NNX10AP86G_CFT70_MFSI-SF_Emotional_Scale::Test_Phase=POST_TEST|BR_Day=12,23,-46.67,-0.167,0.167,False,absolute,17,
s2_tricuspid_regurgitation,2,Tricuspid Regurgitation,BRSMCF_CFT70_2D_Echo_All,Tricuspid Regurgitation::BRSMCF_CFT70_2D_Echo_All::Test_Phase=PRE_TEST|Day=2,Tricuspid Regurgitation::BRSMCF_CFT70_2D_Echo_All::Test_Phase=POST_TEST|Day=0 +4 hr,28,-2.13,-0.163,0.163,True,percent,5,
s2_cd3,2,CD3+ (%),BRSMIMMUNE_CFT70_obsv_All,CD3+ (%)::BRSMIMMUNE_CFT70_obsv_All::Test_Phase=PRE_TEST|BR_Day=10,CD3+ (%)::BRSMIMMUNE_CFT70_obsv_All::Test_Phase=POST_TEST|BR_Day=5,29,1.1,0.162,0.162,True,percent,4,
s2_monocytes,2,MONOCYTES (%),BRSMIMMUNE_CFT70_obsv_All,MONOCYTES (%)::BRSMIMMUNE_CFT70_obsv_All::Test_Phase=PRE_TEST|BR_Day=10,MONOCYTES (%)::BRSMIMMUNE_CFT70_obsv_All::Test_Phase=POST_TEST|BR_Day=5,29,4.69,0.16,0.16,True,percent,4,
s2_left_ventricular_diameter_systole,2,Left Ventricular Diameter Systole,BRSMCF_CFT70_2D_Echo_All,Left Ventricular Diameter Systole::BRSMCF_CFT70_2D_Echo_All::Test_Phase=PRE_TEST|Day=2,Left Ventricular Diameter Systole::BRSMCF_CFT70_2D_Echo_All::Test_Phase=POST_TEST|Day=0 +4 hr,37,-1.52,-0.149,0.149,True,percent,5,
s2_plasma_volume_index_l_m_2,2,Plasma_Volume_Index_L_m_2,BEDREST_FTT_CFT70_PlasmaVolumeIndex_obsv,Plasma_Volume_Index_L_m_2::BEDREST_FTT_CFT70_PlasmaVolumeIndex_obsv::Test_Phase=PRE_TEST|BR_Day=7|Session=B,Plasma_Volume_Index_L_m_2::BEDREST_FTT_CFT70_PlasmaVolumeIndex_obsv::Test_Phase=POST_TEST|BR_Day=11|Session=G,33,1.8,0.145,0.145,True,percent,6,
s2_total_lean,2,Total Lean,BEDREST_IRATS_iDXA_CFT70_Body_Composition_Total_obsv,Total Lean::BEDREST_IRATS_iDXA_CFT70_Body_Composition_Total_obsv::Test=Pre,Total Lean::BEDREST_IRATS_iDXA_CFT70_Body_Composition_Total_obsv::Test=Post,38,-0.62,-0.134,0.134,True,percent,6,
s2_confusion,2,Confusion,NNX10AP86G_CFT70_POMS_Confusion,Confusion::NNX10AP86G_CFT70_POMS_Confusion::Test_Phase=PRE-TEST|BR_Day=1,Confusion::NNX10AP86G_CFT70_POMS_Confusion::Test_Phase=POST_TEST|BR_Day=0,24,13.64,0.134,0.134,False,absolute,17,
s2_cd3_cd4,2,CD3+/CD4+ (%),BRSMIMMUNE_CFT70_obsv_All,CD3+/CD4+ (%)::BRSMIMMUNE_CFT70_obsv_All::Test_Phase=PRE_TEST|BR_Day=10,CD3+/CD4+ (%)::BRSMIMMUNE_CFT70_obsv_All::Test_Phase=POST_TEST|BR_Day=5,29,-0.64,-0.13,0.13,True,percent,4,
s2_total_tissue,2,Total Tissue,BEDREST_IRATS_iDXA_CFT70_Body_Composition_Total_obsv,Total Tissue::BEDREST_IRATS_iDXA_CFT70_Body_Composition_Total_obsv::Test=Pre,Total Tissue::BEDREST_IRATS_iDXA_CFT70_Body_Composition_Total_obsv::Test=Post,38,0.44,0.128,0.128,True,percent,6,
s2_total_fat_free,2,Total Fat Free,BEDREST_IRATS_iDXA_CFT70_Body_Composition_Total_obsv,Total Fat Free::BEDREST_IRATS_iDXA_CFT70_Body_Composition_Total_obsv::Test=Pre,Total Fat Free::BEDREST_IRATS_iDXA_CFT70_Body_Composition_Total_obsv::Test=Post,38,0.42,0.127,0.127,True,percent,6,
s2_depression,2,Depression,NNX10AP86G_CFT70_POMS_Depression,Depression::NNX10AP86G_CFT70_POMS_Depression::Test_Phase=PRE-TEST|BR_Day=1,Depression::NNX10AP86G_CFT70_POMS_Depression::Test_Phase=POST_TEST|BR_Day=0,24,-26.67,-0.127,0.127,False,absolute,17,
s2_tdi_basal_septal_systole,2,TDI Basal Septal Systole,BRSMCF_CFT70_2D_Echo_All,TDI Basal Septal Systole::BRSMCF_CFT70_2D_Echo_All::Test_Phase=PRE_TEST|Day=2,TDI Basal Septal Systole::BRSMCF_CFT70_2D_Echo_All::Test_Phase=POST_TEST|Day=0 +4 hr,37,2.0,0.113,0.113,True,percent,5,
s2_quadriceps,2,Quadriceps,BEDREST_IRATS_MRI_ULTRASOUND_CFT70_MRI_Quadriceps,Quadriceps::BEDREST_IRATS_MRI_ULTRASOUND_CFT70_MRI_Quadriceps::Test_Phase=PRE_TEST|BR_Day=6,Quadriceps::BEDREST_IRATS_MRI_ULTRASOUND_CFT70_MRI_Quadriceps::Test_Phase=POST_TEST|BR_Day=10,25,0.75,0.109,0.109,True,percent,13,
s2_blood_volume_l,2,Blood_Volume_L,BEDREST_FTT_CFT70_BloodVolume_obsv,Blood_Volume_L::BEDREST_FTT_CFT70_BloodVolume_obsv::Test_Phase=PRE_TEST|BR_Day=7|Session=B,Blood_Volume_L::BEDREST_FTT_CFT70_BloodVolume_obsv::Test_Phase=POST_TEST|BR_Day=6|Session=F,30,-1.77,-0.108,0.108,True,percent,6,
s2_air_time_msec,2,Air Time (msec),BEDREST_FTT_CFT70_Data_Jump_AirTime_obsv,Air Time (msec)::BEDREST_FTT_CFT70_Data_Jump_AirTime_obsv::Trial=1|Test_Phase=PRE_TEST|BR_Day=7,Air Time (msec)::BEDREST_FTT_CFT70_Data_Jump_AirTime_obsv::Trial=1|Test_Phase=POST_TEST|BR_Day=11,33,1.44,0.105,0.105,True,percent,21,
s2_granulocytes,2,GRANULOCYTES (%),BRSMIMMUNE_CFT70_obsv_All,GRANULOCYTES (%)::BRSMIMMUNE_CFT70_obsv_All::Test_Phase=PRE_TEST|BR_Day=10,GRANULOCYTES (%)::BRSMIMMUNE_CFT70_obsv_All::Test_Phase=POST_TEST|BR_Day=5,29,-1.51,-0.084,0.084,True,percent,4,
s2_cd16_56,2,CD16/56+ (%),BRSMIMMUNE_CFT70_obsv_All,CD16/56+ (%)::BRSMIMMUNE_CFT70_obsv_All::Test_Phase=PRE_TEST|BR_Day=10,CD16/56+ (%)::BRSMIMMUNE_CFT70_obsv_All::Test_Phase=POST_TEST|BR_Day=5,29,-2.22,-0.067,0.067,True,percent,4,
s2_vastii_only,2,Vastii_Only,BEDREST_IRATS_MRI_ULTRASOUND_CFT70_MRI_Vastii_Only,Vastii_Only::BEDREST_IRATS_MRI_ULTRASOUND_CFT70_MRI_Vastii_Only::Test_Phase=PRE_TEST|BR_Day=6,Vastii_Only::BEDREST_IRATS_MRI_ULTRASOUND_CFT70_MRI_Vastii_Only::Test_Phase=POST_TEST|BR_Day=6,26,-0.37,-0.053,0.053,True,percent,13,
s2_lymphocytes,2,LYMPHOCYTES (%),BRSMIMMUNE_CFT70_obsv_All,LYMPHOCYTES (%)::BRSMIMMUNE_CFT70_obsv_All::Test_Phase=PRE_TEST|BR_Day=10,LYMPHOCYTES (%)::BRSMIMMUNE_CFT70_obsv_All::Test_Phase=POST_TEST|BR_Day=5,29,0.89,0.04,0.04,True,percent,4,
s2_cd19,2,CD19+ (%),BRSMIMMUNE_CFT70_obsv_All,CD19+ (%)::BRSMIMMUNE_CFT70_obsv_All::Test_Phase=PRE_TEST|BR_Day=10,CD19+ (%)::BRSMIMMUNE_CFT70_obsv_All::Test_Phase=POST_TEST|BR_Day=5,29,0.62,0.028,0.028,True,percent,4,
s2_total_bmc,2,Total BMC,BEDREST_IRATS_iDXA_CFT70_Body_Composition_Total_obsv,Total BMC::BEDREST_IRATS_iDXA_CFT70_Body_Composition_Total_obsv::Test=Pre,Total BMC::BEDREST_IRATS_iDXA_CFT70_Body_Composition_Total_obsv::Test=Post,37,-0.0,-0.005,0.005,True,percent,7,
s2_cd4_cd45ro,2,CD4+/CD45RO+ (%),BRSMIMMUNE_CFT70_obsv_All,CD4+/CD45RO+ (%)::BRSMIMMUNE_CFT70_obsv_All::Test_Phase=PRE_TEST|BR_Day=10,CD4+/CD45RO+ (%)::BRSMIMMUNE_CFT70_obsv_All::Test_Phase=POST_TEST|BR_Day=5,29,0.0,0.0,0.0,True,percent,4,
s3_rectus_femoris,3,Rectus Femoris,BEDREST_IRATS_MRI_ULTRASOUND_CFT70_Ultrasound_Rectus_Femoris,Rectus Femoris::BEDREST_IRATS_MRI_ULTRASOUND_CFT70_Ultrasound_Rectus_Femoris::Test_Phase=IN_TEST|BR_Day=3,Rectus Femoris::BEDREST_IRATS_MRI_ULTRASOUND_CFT70_Ultrasound_Rectus_Femoris::Test_Phase=IN_TEST|BR_Day=69,27,,,,True,absolute,9,"9 in-bedrest timepoints, days 3-69"
s3_vastus_lateralis,3,Vastus Lateralis,BEDREST_IRATS_MRI_ULTRASOUND_CFT70_MRI_Vastus_Lateralis,Vastus Lateralis::BEDREST_IRATS_MRI_ULTRASOUND_CFT70_MRI_Vastus_Lateralis::Test_Phase=IN_TEST|BR_Day=3,Vastus Lateralis::BEDREST_IRATS_MRI_ULTRASOUND_CFT70_MRI_Vastus_Lateralis::Test_Phase=IN_TEST|BR_Day=69,27,,,,True,absolute,9,"9 in-bedrest timepoints, days 3-69"
s3_hamstrings,3,Hamstrings,BEDREST_IRATS_MRI_ULTRASOUND_CFT70_MRI_Hamstrings,Hamstrings::BEDREST_IRATS_MRI_ULTRASOUND_CFT70_MRI_Hamstrings::Test_Phase=IN_TEST|BR_Day=3,Hamstrings::BEDREST_IRATS_MRI_ULTRASOUND_CFT70_MRI_Hamstrings::Test_Phase=IN_TEST|BR_Day=69,27,,,,True,absolute,9,"9 in-bedrest timepoints, days 3-69"
s3_vastii_only,3,Vastii_Only,BEDREST_IRATS_MRI_ULTRASOUND_CFT70_MRI_Vastii_Only,Vastii_Only::BEDREST_IRATS_MRI_ULTRASOUND_CFT70_MRI_Vastii_Only::Test_Phase=IN_TEST|BR_Day=3,Vastii_Only::BEDREST_IRATS_MRI_ULTRASOUND_CFT70_MRI_Vastii_Only::Test_Phase=IN_TEST|BR_Day=69,27,,,,True,absolute,9,"9 in-bedrest timepoints, days 3-69"
s3_medial_gastrocnemius,3,Medial Gastrocnemius,BEDREST_IRATS_MRI_ULTRASOUND_CFT70_MRI_Medial_Gastrocnemius,Medial Gastrocnemius::BEDREST_IRATS_MRI_ULTRASOUND_CFT70_MRI_Medial_Gastrocnemius::Test_Phase=IN_TEST|BR_Day=3,Medial Gastrocnemius::BEDREST_IRATS_MRI_ULTRASOUND_CFT70_MRI_Medial_Gastrocnemius::Test_Phase=IN_TEST|BR_Day=69,27,,,,True,absolute,9,"9 in-bedrest timepoints, days 3-69"
s3_adductors,3,Adductors,BEDREST_IRATS_MRI_ULTRASOUND_CFT70_MRI_Adductors,Adductors::BEDREST_IRATS_MRI_ULTRASOUND_CFT70_MRI_Adductors::Test_Phase=IN_TEST|BR_Day=3,Adductors::BEDREST_IRATS_MRI_ULTRASOUND_CFT70_MRI_Adductors::Test_Phase=IN_TEST|BR_Day=69,27,,,,True,absolute,9,"9 in-bedrest timepoints, days 3-69"
s3_quadriceps,3,Quadriceps,BEDREST_IRATS_MRI_ULTRASOUND_CFT70_MRI_Quadriceps,Quadriceps::BEDREST_IRATS_MRI_ULTRASOUND_CFT70_MRI_Quadriceps::Test_Phase=IN_TEST|BR_Day=3,Quadriceps::BEDREST_IRATS_MRI_ULTRASOUND_CFT70_MRI_Quadriceps::Test_Phase=IN_TEST|BR_Day=69,27,,,,True,absolute,9,"9 in-bedrest timepoints, days 3-69"
s3_soleus,3,Soleus,BEDREST_IRATS_MRI_ULTRASOUND_CFT70_MRI_Soleus,Soleus::BEDREST_IRATS_MRI_ULTRASOUND_CFT70_MRI_Soleus::Test_Phase=IN_TEST|BR_Day=3,Soleus::BEDREST_IRATS_MRI_ULTRASOUND_CFT70_MRI_Soleus::Test_Phase=IN_TEST|BR_Day=69,27,,,,True,absolute,9,"9 in-bedrest timepoints, days 3-69"
s3_lateral_gastrocnemius,3,Lateral Gastrocnemius,BEDREST_IRATS_MRI_ULTRASOUND_CFT70_Ultrasound_Lateral_Gastrocnemius,Lateral Gastrocnemius::BEDREST_IRATS_MRI_ULTRASOUND_CFT70_Ultrasound_Lateral_Gastrocnemius::Test_Phase=IN_TEST|BR_Day=3,Lateral Gastrocnemius::BEDREST_IRATS_MRI_ULTRASOUND_CFT70_Ultrasound_Lateral_Gastrocnemius::Test_Phase=IN_TEST|BR_Day=69,27,,,,True,absolute,9,"9 in-bedrest timepoints, days 3-69"
s3_fatigue,3,Fatigue,NNX10AP86G_CFT70_POMS_Fatigue,Fatigue::NNX10AP86G_CFT70_POMS_Fatigue::Test_Phase=IN_TEST|BR_Day=3,Fatigue::NNX10AP86G_CFT70_POMS_Fatigue::Test_Phase=IN_TEST|BR_Day=66,24,,,,True,absolute,10,"10 in-bedrest timepoints, days 3-66"
s3_depression,3,Depression,NNX10AP86G_CFT70_POMS_Depression,Depression::NNX10AP86G_CFT70_POMS_Depression::Test_Phase=IN_TEST|BR_Day=3,Depression::NNX10AP86G_CFT70_POMS_Depression::Test_Phase=IN_TEST|BR_Day=66,24,,,,True,absolute,10,"10 in-bedrest timepoints, days 3-66"
s3_vigor,3,Vigor,NNX10AP86G_CFT70_POMS_Vigor,Vigor::NNX10AP86G_CFT70_POMS_Vigor::Test_Phase=IN_TEST|BR_Day=3,Vigor::NNX10AP86G_CFT70_POMS_Vigor::Test_Phase=IN_TEST|BR_Day=66,24,,,,True,absolute,10,"10 in-bedrest timepoints, days 3-66"
s3_anger_hostility,3,Anger-hostility,NNX10AP86G_CFT70_POMS_Anger-hostility,Anger-hostility::NNX10AP86G_CFT70_POMS_Anger-hostility::Test_Phase=IN_TEST|BR_Day=3,Anger-hostility::NNX10AP86G_CFT70_POMS_Anger-hostility::Test_Phase=IN_TEST|BR_Day=66,24,,,,True,absolute,10,"10 in-bedrest timepoints, days 3-66"
s3_tension_anxiety,3,Tension-anxiety,NNX10AP86G_CFT70_POMS_Tension-anxiety,Tension-anxiety::NNX10AP86G_CFT70_POMS_Tension-anxiety::Test_Phase=IN_TEST|BR_Day=3,Tension-anxiety::NNX10AP86G_CFT70_POMS_Tension-anxiety::Test_Phase=IN_TEST|BR_Day=66,23,,,,True,absolute,10,"10 in-bedrest timepoints, days 3-66"
s3_confusion,3,Confusion,NNX10AP86G_CFT70_POMS_Confusion,Confusion::NNX10AP86G_CFT70_POMS_Confusion::Test_Phase=IN_TEST|BR_Day=3,Confusion::NNX10AP86G_CFT70_POMS_Confusion::Test_Phase=IN_TEST|BR_Day=66,23,,,,True,absolute,10,"10 in-bedrest timepoints, days 3-66"
s3_total_mood_disturbance_tmd,3,Total Mood Disturbance (TMD),NNX10AP86G_CFT70_POMS_TMD,Total Mood Disturbance (TMD)::NNX10AP86G_CFT70_POMS_TMD::Test_Phase=IN_TEST|BR_Day=3,Total Mood Disturbance (TMD)::NNX10AP86G_CFT70_POMS_TMD::Test_Phase=IN_TEST|BR_Day=66,23,,,,True,absolute,10,"10 in-bedrest timepoints, days 3-66"
s3_physical_scale,3,Physical Scale,NNX10AP86G_CFT70_MFSI-SF_Physical_Scale,Physical Scale::NNX10AP86G_CFT70_MFSI-SF_Physical_Scale::Test_Phase=IN_TEST|BR_Day=3,Physical Scale::NNX10AP86G_CFT70_MFSI-SF_Physical_Scale::Test_Phase=IN_TEST|BR_Day=66,22,,,,True,absolute,10,"10 in-bedrest timepoints, days 3-66"
s3_mental_scale,3,Mental Scale,NNX10AP86G_CFT70_MFSI-SF_Mental_Scale,Mental Scale::NNX10AP86G_CFT70_MFSI-SF_Mental_Scale::Test_Phase=IN_TEST|BR_Day=3,Mental Scale::NNX10AP86G_CFT70_MFSI-SF_Mental_Scale::Test_Phase=IN_TEST|BR_Day=66,22,,,,True,absolute,10,"10 in-bedrest timepoints, days 3-66"
s3_emotional_scale,3,Emotional Scale,NNX10AP86G_CFT70_MFSI-SF_Emotional_Scale,Emotional Scale::NNX10AP86G_CFT70_MFSI-SF_Emotional_Scale::Test_Phase=IN_TEST|BR_Day=3,Emotional Scale::NNX10AP86G_CFT70_MFSI-SF_Emotional_Scale::Test_Phase=IN_TEST|BR_Day=66,22,,,,True,absolute,10,"10 in-bedrest timepoints, days 3-66"
s3_total_score,3,Total Score,NNX10AP86G_CFT70_MFSI-SF_Total_Scale,Total Score::NNX10AP86G_CFT70_MFSI-SF_Total_Scale::Test_Phase=IN_TEST|BR_Day=3,Total Score::NNX10AP86G_CFT70_MFSI-SF_Total_Scale::Test_Phase=IN_TEST|BR_Day=66,22,,,,True,absolute,10,"10 in-bedrest timepoints, days 3-66"
s3_vigor_scale,3,Vigor Scale,NNX10AP86G_CFT70_MFSI-SF_Vigor_Scale,Vigor Scale::NNX10AP86G_CFT70_MFSI-SF_Vigor_Scale::Test_Phase=IN_TEST|BR_Day=3,Vigor Scale::NNX10AP86G_CFT70_MFSI-SF_Vigor_Scale::Test_Phase=IN_TEST|BR_Day=66,22,,,,True,absolute,10,"10 in-bedrest timepoints, days 3-66"
s3_general_scale,3,General Scale,NNX10AP86G_CFT70_MFSI-SF_General_Scale,General Scale::NNX10AP86G_CFT70_MFSI-SF_General_Scale::Test_Phase=IN_TEST|BR_Day=3,General Scale::NNX10AP86G_CFT70_MFSI-SF_General_Scale::Test_Phase=IN_TEST|BR_Day=66,22,,,,True,absolute,10,"10 in-bedrest timepoints, days 3-66"
