"","baseMean","log2FoldChange","lfcSE","stat","pvalue","padj"
"ENSMUSG00000000202",0.30881025281684,-1.72502604588146,3.06715443518544,-0.5624190376893,0.573830551167177,0.876098704580508
"ENSMUSG00000000214",1.57215763091061,-1.53884594207542,2.73738360824229,-0.562159405587853,0.574007416691739,0.876098704580508
"ENSMUSG00000000411",0.0986383360988006,-1.72502604588146,3.06715443518544,-0.5624190376893,0.573830551167177,0.876098704580508
"ENSMUSG00000000544",7.90295667332514e-05,-1.28357969332704,3.06913877993551,-0.418221457341208,0.675785208891514,0.876098704580508
"ENSMUSG00000000730",0.311220654602204,-1.67800784521211,3.0671536261222,-0.547089598291044,0.584317178058041,0.876098704580508
"ENSMUSG00000001021",0.15481972028324,-1.97647658497433,3.06404624092385,-0.645054424628525,0.518891917027491,0.876098704580508
"ENSMUSG00000001655",0.228399399337433,-1.72502604588146,3.06715443518544,-0.5624190376893,0.573830551167177,0.876098704580508
"ENSMUSG00000002664",0.228399399337433,-1.72502604588146,3.06715443518544,-0.5624190376893,0.573830551167177,0.876098704580508
"ENSMUSG00000002791",0.274642048583684,-1.72502604588146,3.06715443518544,-0.5624190376893,0.573830551167177,0.876098704580508
"ENSMUSG00000003341",0.000197573916833128,-1.28119991226544,3.06913873852723,-0.417446072470561,0.676352161440574,0.876098704580508
"ENSMUSG00000003436",0.228399399337433,-1.72502604588146,3.06715443518544,-0.5624190376893,0.573830551167177,0.876098704580508
"ENSMUSG00000003974",3.95147833666257e-05,-1.28437469997752,3.06913879378388,-0.418480487939758,0.675595849628591,0.876098704580508
"ENSMUSG00000004892",0.328250903532161,-2.10105407526148,3.05760435094927,-0.687156948415901,0.491983830582726,0.876098704580508
"ENSMUSG00000005917",0.274642048583684,-1.72502604588146,3.06715443518544,-0.5624190376893,0.573830551167177,0.876098704580508
"ENSMUSG00000006056",3.95147833666257e-05,-1.28437469997752,3.06913879378388,-0.418480487939758,0.675595849628591,0.876098704580508
"ENSMUSG00000006143",0.30881025281684,-1.72502604588146,3.06715443518544,-0.5624190376893,0.573830551167177,0.876098704580508
"ENSMUSG00000006204",0.30881025281684,-2.25679853636401,3.05984996089455,-0.737552025493509,0.460786717503522,0.876098704580508
"ENSMUSG00000006216",0.30881025281684,-1.72502604588146,3.06715443518544,-0.5624190376893,0.573830551167177,0.876098704580508
"ENSMUSG00000006270",0.30881025281684,-1.72502604588146,3.06715443518544,-0.5624190376893,0.573830551167177,0.876098704580508
"ENSMUSG00000006469",0.274642048583684,-1.72502604588146,3.06715443518544,-0.5624190376893,0.573830551167177,0.876098704580508
"ENSMUSG00000006546",0.000158059133466503,-1.281992301629,3.06913875230725,-0.417704250309718,0.676163364361256,0.876098704580508
"ENSMUSG00000007946",0.933187786406214,-2.75731249830004,3.04952877029184,-0.904176581366099,0.365901775906688,0.876098704580508
"ENSMUSG00000009214",0.549284097167367,-2.25679853636401,3.05984996089455,-0.737552025493509,0.460786717503522,0.876098704580508
"ENSMUSG00000009551",0.0774098601416201,-1.67784611285302,3.06756075417554,-0.546964264870432,0.584403283013636,0.876098704580508
"ENSMUSG00000009900",1.23524101126736,-3.63412723896647,3.02910877412275,-1.19973480979366,0.230242349311484,0.876098704580508
"ENSMUSG00000010505",0.00114592871763214,-1.26243835572177,3.06913841445554,-0.411333144760018,0.680828268950283,0.876098704580508
"ENSMUSG00000010529",0.30881025281684,-1.72502604588146,3.06715443518544,-0.5624190376893,0.573830551167177,0.876098704580508
"ENSMUSG00000011463",0.0013830174178319,-1.25782269784336,3.0691383353721,-0.409829261635697,0.681931199330171,0.876098704580508
"ENSMUSG00000012520",0.62805240844247,-2.07185916990371,3.05984691208134,-0.677112035155515,0.498334873447521,0.876098704580508
"ENSMUSG00000013418",0.274642048583684,-1.72502604588146,3.06715443518544,-0.5624190376893,0.573830551167177,0.876098704580508
"ENSMUSG00000013928",0.549284097167367,-2.25679853636401,3.05984996089455,-0.737552025493509,0.460786717503522,0.876098704580508
"ENSMUSG00000014725",1.5440512640842,-3.96773747015156,3.01726877725869,-1.3150096206399,0.188506669184869,0.876098704580508
"ENSMUSG00000015709",1.54672248026773,-1.65007078036869,2.56025453854215,-0.64449481703029,0.519254617483871,0.876098704580508
"ENSMUSG00000015787",0.617620505633681,-2.25679853636401,3.05984996089455,-0.737552025493509,0.460786717503522,0.876098704580508
"ENSMUSG00000016179",1.5440512640842,-3.96773747015156,3.01726877725869,-1.3150096206399,0.188506669184869,0.876098704580508
"ENSMUSG00000016346",0.31197143548617,-1.66396017692091,3.06715338941797,-0.542509606028104,0.587467491767894,0.876098704580508
"ENSMUSG00000016524",0.0986383360988006,-1.72502604588146,3.06715443518544,-0.5624190376893,0.573830551167177,0.876098704580508
"ENSMUSG00000017311",0.30881025281684,-1.72502604588146,3.06715443518544,-0.5624190376893,0.573830551167177,0.876098704580508
"ENSMUSG00000018259",0.000513692183766134,-1.27489211485564,3.06913862910109,-0.415390853566311,0.677855801235412,0.876098704580508
"ENSMUSG00000018589",0.274642048583684,-1.72502604588146,3.06715443518544,-0.5624190376893,0.573830551167177,0.876098704580508
"ENSMUSG00000018634",0.228399399337433,-1.72502604588146,3.06715443518544,-0.5624190376893,0.573830551167177,0.876098704580508
"ENSMUSG00000018973",0.30963944056648,-2.40819674058621,3.05785988987547,-0.787543192727605,0.430963954181161,0.876098704580508
"ENSMUSG00000019102",0.807547971487068,-1.56321174232092,2.42019978204942,-0.645901943267345,0.518342861039192,0.876098704580508
"ENSMUSG00000019146",0.000632236533866011,-1.2725406853908,3.06913858843128,-0.414624706159402,0.678416659085567,0.876098704580508
"ENSMUSG00000019429",7.90295667332514e-05,-1.28357969332704,3.06913877993551,-0.418221457341208,0.675785208891514,0.876098704580508
"ENSMUSG00000019888",0.101483400501198,-1.66984228555822,3.06715348825237,-0.544427363010672,0.586147420392489,0.876098704580508
"ENSMUSG00000019893",3.95147833666257e-05,-1.28437469997752,3.06913879378388,-0.418480487939758,0.675595849628591,0.876098704580508
"ENSMUSG00000019894",0.00221282786853104,-1.24189418400409,3.06913806439157,-0.404639399710511,0.685742592958499,0.876098704580508
"ENSMUSG00000019909",0.15481972028324,-1.97647658497433,3.06404624092385,-0.645054424628525,0.518891917027491,0.876098704580508
"ENSMUSG00000019932",2.47048202253472,-4.66364020938154,2.99964979750409,-1.55472822636229,0.120010809178471,0.876098704580508
"ENSMUSG00000019936",0.926430758450521,-2.88219348658732,3.04953088018298,-0.945126840759975,0.344594123762453,0.876098704580508
"ENSMUSG00000020000",3.0881025281684,-4.99159306147439,2.99381585319375,-1.66730129915955,0.0954545084568293,0.876098704580508
"ENSMUSG00000020007",0.000395147833666257,-1.27725094473747,3.06913866996552,-0.416159412162312,0.677293357584023,0.876098704580508
"ENSMUSG00000020020",0.15440512640842,-1.72502604588146,3.06715443518544,-0.5624190376893,0.573830551167177,0.876098704580508
"ENSMUSG00000020214",0.228399399337433,-1.72502604588146,3.06715443518544,-0.5624190376893,0.573830551167177,0.876098704580508
"ENSMUSG00000020299",0.549284097167367,-2.25679853636401,3.05984996089455,-0.737552025493509,0.460786717503522,0.876098704580508
"ENSMUSG00000020323",0.00027660348356638,-1.2796177357824,3.06913871103506,-0.416930564650449,0.676729196457013,0.876098704580508
"ENSMUSG00000020332",7.90295667332514e-05,-1.28357969332704,3.06913877993551,-0.418221457341208,0.675785208891514,0.876098704580508
"ENSMUSG00000020383",0.456798798674866,-2.25679853636401,3.05984996089455,-0.737552025493509,0.460786717503522,0.876098704580508
"ENSMUSG00000020405",0.30881025281684,-1.72502604588146,3.06715443518544,-0.5624190376893,0.573830551167177,0.876098704580508
"ENSMUSG00000020436",0.000513692183766134,-1.27489211485564,3.06913862910109,-0.415390853566311,0.677855801235412,0.876098704580508
"ENSMUSG00000020562",7.90295667332514e-05,-1.28357969332704,3.06913877993551,-0.418221457341208,0.675785208891514,0.876098704580508
"ENSMUSG00000020723",3.95147833666257e-05,-1.28437469997752,3.06913879378388,-0.418480487939758,0.675595849628591,0.876098704580508
"ENSMUSG00000020872",0.30881025281684,-1.72502604588146,3.06715443518544,-0.5624190376893,0.573830551167177,0.876098704580508
"ENSMUSG00000020890",0.30881025281684,-1.72502604588146,3.06715443518544,-0.5624190376893,0.573830551167177,0.876098704580508
"ENSMUSG00000020907",0.274642048583684,-1.72502604588146,3.06715443518544,-0.5624190376893,0.573830551167177,0.876098704580508
"ENSMUSG00000021086",0.30881025281684,-2.25679853636401,3.05984996089455,-0.737552025493509,0.460786717503522,0.876098704580508
"ENSMUSG00000021216",0.30881025281684,-2.25679853636401,3.05984996089455,-0.737552025493509,0.460786717503522,0.876098704580508
"ENSMUSG00000021337",0.000434662617032883,-1.2764637322467,3.06913865632041,-0.415902921042041,0.677481041964446,0.876098704580508
"ENSMUSG00000021342",0.0774098601416201,-1.67784611285302,3.06756075417554,-0.546964264870432,0.584403283013636,0.876098704580508
"ENSMUSG00000021506",0.187506488631237,-1.267540796417,3.06558675825418,-0.413474123022,0.679259277591022,0.876098704580508
"ENSMUSG00000021541",0.000237088700199754,-1.28040839102891,3.06913872476985,-0.417188177482894,0.676540771995111,0.876098704580508
"ENSMUSG00000021587",1.43657767407692,-3.18918692079912,2.73014694266941,-1.16813746211069,0.242751321378489,0.876098704580508
"ENSMUSG00000021612",0.30881025281684,-1.72502604588146,3.06715443518544,-0.5624190376893,0.573830551167177,0.876098704580508
"ENSMUSG00000021647",0.310944051118638,-1.6832518584812,3.06715371507484,-0.54879931521141,0.583143180300327,0.876098704580508
"ENSMUSG00000021718",0.15440512640842,-1.72502604588146,3.06715443518544,-0.5624190376893,0.573830551167177,0.876098704580508
"ENSMUSG00000021933",0.000118544350099877,-1.28278556126495,3.06913876610999,-0.417962711699356,0.675974380323377,0.876098704580508
"ENSMUSG00000021953",0.30881025281684,-1.72502604588146,3.06715443518544,-0.5624190376893,0.573830551167177,0.876098704580508
"ENSMUSG00000021961",0.274642048583684,-1.72502604588146,3.06715443518544,-0.5624190376893,0.573830551167177,0.876098704580508
"ENSMUSG00000022061",0.000118544350099877,-1.28278556126495,3.06913876610999,-0.417962711699356,0.675974380323377,0.876098704580508
"ENSMUSG00000022144",7.90295667332514e-05,-1.28357969332704,3.06913877993551,-0.418221457341208,0.675785208891514,0.876098704580508
"ENSMUSG00000022187",0.228399399337433,-1.72502604588146,3.06715443518544,-0.5624190376893,0.573830551167177,0.876098704580508
"ENSMUSG00000022212",0.30881025281684,-2.25679853636401,3.05984996089455,-0.737552025493509,0.460786717503522,0.876098704580508
"ENSMUSG00000022229",0.30881025281684,-1.72502604588146,3.06715443518544,-0.5624190376893,0.573830551167177,0.876098704580508
"ENSMUSG00000022245",0.30881025281684,-1.72502604588146,3.06715443518544,-0.5624190376893,0.573830551167177,0.876098704580508
"ENSMUSG00000022366",0.15440512640842,-1.72502604588146,3.06715443518544,-0.5624190376893,0.573830551167177,0.876098704580508
"ENSMUSG00000022367",2.77929227535156,-4.83690734328542,2.99640625413319,-1.61423616594495,0.106476210144033,0.876098704580508
"ENSMUSG00000022375",0.000237088700199754,-1.28040839102891,3.06913872476985,-0.417188177482894,0.676540771995111,0.876098704580508
"ENSMUSG00000022577",0.000237088700199754,-1.28040839102891,3.06913872476985,-0.417188177482894,0.676540771995111,0.876098704580508
"ENSMUSG00000022595",2.47048202253472,-4.66364020938154,2.99964979750409,-1.55472822636229,0.120010809178471,0.876098704580508
"ENSMUSG00000022596",3.70572303380208,-5.25866613465345,2.98993771533565,-1.75878785289784,0.0786135487509678,0.876098704580508
"ENSMUSG00000022619",0.58712717625362,-2.186470098431,2.9719276623264,-0.735707711243366,0.461908595798041,0.876098704580508
"ENSMUSG00000022715",0.30881025281684,-1.72502604588146,3.06715443518544,-0.5624190376893,0.573830551167177,0.876098704580508
"ENSMUSG00000022753",0.15481972028324,-1.97647658497433,3.06404624092385,-0.645054424628525,0.518891917027491,0.876098704580508
"ENSMUSG00000023041",4.32334353943576,-5.48395400440415,2.98717315188434,-1.83583398938384,0.0663822128627225,0.876098704580508
"ENSMUSG00000023159",0.000118544350099877,-1.28278556126495,3.06913876610999,-0.417962711699356,0.675974380323377,0.876098704580508
"ENSMUSG00000023391",0.000158059133466503,-1.281992301629,3.06913875230725,-0.417704250309718,0.676163364361256,0.876098704580508
"ENSMUSG00000023433",7.90295667332514e-05,-1.28357969332704,3.06913877993551,-0.418221457341208,0.675785208891514,0.876098704580508
"ENSMUSG00000023443",0.30881025281684,-2.25679853636401,3.05984996089455,-0.737552025493509,0.460786717503522,0.876098704580508
"ENSMUSG00000023914",3.95147833666257e-05,-1.28437469997752,3.06913879378388,-0.418480487939758,0.675595849628591,0.876098704580508
"ENSMUSG00000023949",0.197276672197601,-2.10120506970855,3.06209288870195,-0.686198997248339,0.49258763003571,0.876098704580508
"ENSMUSG00000023964",1.23524101126736,-3.63412723896647,3.02910877412275,-1.19973480979366,0.230242349311484,0.876098704580508
"ENSMUSG00000024105",0.274642048583684,-1.72502604588146,3.06715443518544,-0.5624190376893,0.573830551167177,0.876098704580508
"ENSMUSG00000024184",0.000434662617032883,-1.2764637322467,3.06913865632041,-0.415902921042041,0.677481041964446,0.876098704580508
"ENSMUSG00000024225",0.000118544350099877,-1.28278556126495,3.06913876610999,-0.417962711699356,0.675974380323377,0.876098704580508
"ENSMUSG00000024266",0.274642048583684,-1.72502604588146,3.06715443518544,-0.5624190376893,0.573830551167177,0.876098704580508
"ENSMUSG00000024512",0.926430758450521,-2.88219348658732,3.04953088018298,-0.945126840759975,0.344594123762453,0.876098704580508
"ENSMUSG00000024530",7.90295667332514e-05,-1.28357969332704,3.06913877993551,-0.418221457341208,0.675785208891514,0.876098704580508
"ENSMUSG00000024546",0.15440512640842,-1.72502604588146,3.06715443518544,-0.5624190376893,0.573830551167177,0.876098704580508
"ENSMUSG00000024552",0.228399399337433,-1.72502604588146,3.06715443518544,-0.5624190376893,0.573830551167177,0.876098704580508
"ENSMUSG00000024553",3.95147833666257e-05,-1.28437469997752,3.06913879378388,-0.418480487939758,0.675595849628591,0.876098704580508
"ENSMUSG00000024565",0.295915008296402,-2.36313470922624,3.05843324320251,-0.772661857007471,0.439722525956278,0.876098704580508
"ENSMUSG00000024647",3.95147833666257e-05,-1.28437469997752,3.06913879378388,-0.418480487939758,0.675595849628591,0.876098704580508
"ENSMUSG00000024653",2.16167176971788,-4.46671642559448,3.00382902268338,-1.487007546656,0.137012817783412,0.876098704580508
"ENSMUSG00000024681",0.274642048583684,-1.72502604588146,3.06715443518544,-0.5624190376893,0.573830551167177,0.876098704580508
"ENSMUSG00000024731",0.000869325234065765,-1.26786059188275,3.06913850768234,-0.413099828733431,0.679533474895376,0.876098704580508
"ENSMUSG00000024738",0.15440512640842,-1.72502604588146,3.06715443518544,-0.5624190376893,0.573830551167177,0.876098704580508
"ENSMUSG00000024749",0.197276672197601,-2.10120506970855,3.06209288870195,-0.686198997248339,0.49258763003571,0.876098704580508
"ENSMUSG00000024868",0.0774098601416201,-1.67784611285302,3.06756075417554,-0.546964264870432,0.584403283013636,0.876098704580508
"ENSMUSG00000024907",0.158889742970003,-1.8987570501303,3.06404490741798,-0.619689693690015,0.535462102308511,0.876098704580508
"ENSMUSG00000025056",0.00466274443726183,-1.19678744012789,3.06913731305218,-0.389942618415372,0.696578978523585,0.876098704580508
"ENSMUSG00000025219",0.197276672197601,-2.10120506970855,3.06209288870195,-0.686198997248339,0.49258763003571,0.876098704580508
"ENSMUSG00000025318",0.000592721750499385,-1.27332364726349,3.06913860196586,-0.414879812351223,0.678229888915514,0.876098704580508
"ENSMUSG00000025380",7.90295667332514e-05,-1.28357969332704,3.06913877993551,-0.418221457341208,0.675785208891514,0.876098704580508
"ENSMUSG00000025431",3.70572303380208,-5.25866613465345,2.98993771533565,-1.75878785289784,0.0786135487509678,0.876098704580508
"ENSMUSG00000025475",0.00158059133466503,-1.25399854185806,3.06913827004136,-0.408583267198698,0.682845512312921,0.876098704580508
"ENSMUSG00000025551",0.000118544350099877,-1.28278556126495,3.06913876610999,-0.417962711699356,0.675974380323377,0.876098704580508
"ENSMUSG00000025652",0.0986383360988006,-1.72502604588146,3.06715443518544,-0.5624190376893,0.573830551167177,0.876098704580508
"ENSMUSG00000025777",0.310311814584772,-1.69538131453186,3.06715392206246,-0.552753907241742,0.58043193459623,0.876098704580508
"ENSMUSG00000025927",0.00462322965389521,-1.1974935607567,3.06913732463396,-0.390172688313814,0.696408855927934,0.876098704580508
"ENSMUSG00000025946",0.30881025281684,-1.72502604588146,3.06715443518544,-0.5624190376893,0.573830551167177,0.876098704580508
"ENSMUSG00000026051",0.941248802213006,-2.63124327260336,3.049526811132,-0.86283657615282,0.388227325948371,0.876098704580508
"ENSMUSG00000026065",2.16167176971788,-4.46671642559448,3.00382902268338,-1.487007546656,0.137012817783412,0.876098704580508
"ENSMUSG00000026085",3.0881025281684,-4.99159306147439,2.99381585319375,-1.66730129915955,0.0954545084568293,0.876098704580508
"ENSMUSG00000026163",0.00466274443726183,-1.19678744012789,3.06913731305218,-0.389942618415372,0.696578978523585,0.876098704580508
"ENSMUSG00000026226",1.3703963960246,-3.8299643520143,3.02184207713679,-1.26742703763104,0.205002637140512,0.876098704580508
"ENSMUSG00000026241",0.617620505633681,-2.25679853636401,3.05984996089455,-0.737552025493509,0.460786717503522,0.876098704580508
"ENSMUSG00000026253",0.926430758450521,-2.88219348658732,3.04953088018298,-0.945126840759975,0.344594123762453,0.876098704580508
"ENSMUSG00000026468",7.90295667332514e-05,-1.28357969332704,3.06913877993551,-0.418221457341208,0.675785208891514,0.876098704580508
"ENSMUSG00000026497",0.0986383360988006,-1.72502604588146,3.06715443518544,-0.5624190376893,0.573830551167177,0.876098704580508
"ENSMUSG00000026602",0.000158059133466503,-1.281992301629,3.06913875230725,-0.417704250309718,0.676163364361256,0.876098704580508
"ENSMUSG00000026668",0.549284097167367,-2.25679853636401,3.05984996089455,-0.737552025493509,0.460786717503522,0.876098704580508
"ENSMUSG00000026686",0.000118544350099877,-1.28278556126495,3.06913876610999,-0.417962711699356,0.675974380323377,0.876098704580508
"ENSMUSG00000026725",0.000395147833666257,-1.27725094473747,3.06913866996552,-0.416159412162312,0.677293357584023,0.876098704580508
"ENSMUSG00000026818",7.90295667332514e-05,-1.28357969332704,3.06913877993551,-0.418221457341208,0.675785208891514,0.876098704580508
"ENSMUSG00000026828",2.47048202253472,-4.66364020938154,2.99964979750409,-1.55472822636229,0.120010809178471,0.876098704580508
"ENSMUSG00000026841",3.95147833666257e-05,-1.28437469997752,3.06913879378388,-0.418480487939758,0.675595849628591,0.876098704580508
"ENSMUSG00000026934",0.000434662617032883,-1.2764637322467,3.06913865632041,-0.415902921042041,0.677481041964446,0.876098704580508
"ENSMUSG00000026983",3.39691278098524,-5.13129731540902,2.99169938966561,-1.71517811352783,0.0863125762856628,0.876098704580508
"ENSMUSG00000026984",3.39691278098524,-5.13129731540902,2.99169938966561,-1.71517811352783,0.0863125762856628,0.876098704580508
"ENSMUSG00000026985",0.926430758450521,-2.88219348658732,3.04953088018298,-0.945126840759975,0.344594123762453,0.876098704580508
"ENSMUSG00000027072",0.0774098601416201,-1.67784611285302,3.06756075417554,-0.546964264870432,0.584403283013636,0.876098704580508
"ENSMUSG00000027209",0.197276672197601,-2.10120506970855,3.06209288870195,-0.686198997248339,0.49258763003571,0.876098704580508
"ENSMUSG00000027238",0.869465734547489,-1.78913913607275,2.2954914371102,-0.779414423921836,0.435735629849263,0.876098704580508
"ENSMUSG00000027273",0.931488650721449,-2.78678626809645,3.04952925332589,-0.913841460958969,0.360800156982199,0.876098704580508
"ENSMUSG00000027434",0.15440512640842,-1.72502604588146,3.06715443518544,-0.5624190376893,0.573830551167177,0.876098704580508
"ENSMUSG00000027442",0.00146204698456515,-1.25629062611657,3.06913830917786,-0.409330078856271,0.682297444585565,0.876098704580508
"ENSMUSG00000027443",3.95147833666257e-05,-1.28437469997752,3.06913879378388,-0.418480487939758,0.675595849628591,0.876098704580508
"ENSMUSG00000027446",7.90295667332514e-05,-1.28357969332704,3.06913877993551,-0.418221457341208,0.675785208891514,0.876098704580508
"ENSMUSG00000027484",2.47048202253472,-4.66364020938154,2.99964979750409,-1.55472822636229,0.120010809178471,0.876098704580508
"ENSMUSG00000027744",0.228399399337433,-1.72502604588146,3.06715443518544,-0.5624190376893,0.573830551167177,0.876098704580508
"ENSMUSG00000027794",0.000237088700199754,-1.28040839102891,3.06913872476985,-0.417188177482894,0.676540771995111,0.876098704580508
"ENSMUSG00000027869",0.00450468530379533,-1.19961596047045,3.06913735947965,-0.390864213608815,0.695897607296458,0.876098704580508
"ENSMUSG00000027912",2.77929227535156,-4.83690734328542,2.99640625413319,-1.61423616594495,0.106476210144033,0.876098704580508
"ENSMUSG00000027913",0.274642048583684,-1.72502604588146,3.06715443518544,-0.5624190376893,0.573830551167177,0.876098704580508
"ENSMUSG00000028004",0.00272652005229717,-1.2322046934487,3.06913790100822,-0.401482348852396,0.688065031163909,0.876098704580508
"ENSMUSG00000028172",0.0774098601416201,-1.67784611285302,3.06756075417554,-0.546964264870432,0.584403283013636,0.876098704580508
"ENSMUSG00000028236",3.70572303380208,-5.25866613465345,2.98993771533565,-1.75878785289784,0.0786135487509678,0.876098704580508
"ENSMUSG00000028294",3.95147833666257e-05,-1.28437469997752,3.06913879378388,-0.418480487939758,0.675595849628591,0.876098704580508
"ENSMUSG00000028351",0.000869325234065765,-1.26786059188275,3.06913850768234,-0.413099828733431,0.679533474895376,0.876098704580508
"ENSMUSG00000028360",0.15440512640842,-1.72502604588146,3.06715443518544,-0.5624190376893,0.573830551167177,0.876098704580508
"ENSMUSG00000028386",3.70572303380208,-5.25866613465345,2.98993771533565,-1.75878785289784,0.0786135487509678,0.876098704580508
"ENSMUSG00000028546",0.000790295667332514,-1.26941726944563,3.06913853451173,-0.413607028542811,0.679161925009562,0.876098704580508
"ENSMUSG00000028591",0.617620505633681,-2.25679853636401,3.05984996089455,-0.737552025493509,0.460786717503522,0.876098704580508
"ENSMUSG00000028661",0.000118544350099877,-1.28278556126495,3.06913876610999,-0.417962711699356,0.675974380323377,0.876098704580508
"ENSMUSG00000028730",0.617620505633681,-2.25679853636401,3.05984996089455,-0.737552025493509,0.460786717503522,0.876098704580508
"ENSMUSG00000028804",7.90295667332514e-05,-1.28357969332704,3.06913877993551,-0.418221457341208,0.675785208891514,0.876098704580508
"ENSMUSG00000028876",0.00027660348356638,-1.2796177357824,3.06913871103506,-0.416930564650449,0.676729196457013,0.876098704580508
"ENSMUSG00000029015",0.228399399337433,-1.72502604588146,3.06715443518544,-0.5624190376893,0.573830551167177,0.876098704580508
"ENSMUSG00000029154",0.30881025281684,-1.72502604588146,3.06715443518544,-0.5624190376893,0.573830551167177,0.876098704580508
"ENSMUSG00000029184",0.463215379225261,-2.67598741681572,3.05321667632186,-0.876448578827828,0.38078621906369,0.876098704580508
"ENSMUSG00000029193",0.000750780883965888,-1.2701968627858,3.06913854795893,-0.413861037205543,0.678975879914326,0.876098704580508
"ENSMUSG00000029211",0.000197573916833128,-1.28119991226544,3.06913873852723,-0.417446072470561,0.676352161440574,0.876098704580508
"ENSMUSG00000029236",2.47048202253472,-4.66364020938154,2.99964979750409,-1.55472822636229,0.120010809178471,0.876098704580508
"ENSMUSG00000029255",0.000118544350099877,-1.28278556126495,3.06913876610999,-0.417962711699356,0.675974380323377,0.876098704580508
"ENSMUSG00000029306",0.000434662617032883,-1.2764637322467,3.06913865632041,-0.415902921042041,0.677481041964446,0.876098704580508
"ENSMUSG00000029420",0.00193622438496466,-1.24716518477784,3.06913815373249,-0.406356808428814,0.684480450319143,0.876098704580508
"ENSMUSG00000029423",0.617620505633681,-2.25679853636401,3.05984996089455,-0.737552025493509,0.460786717503522,0.876098704580508
"ENSMUSG00000029431",7.90295667332514e-05,-1.28357969332704,3.06913877993551,-0.418221457341208,0.675785208891514,0.876098704580508
"ENSMUSG00000029541",0.30881025281684,-1.72502604588146,3.06715443518544,-0.5624190376893,0.573830551167177,0.876098704580508
"ENSMUSG00000029595",0.549284097167367,-2.25679853636401,3.05984996089455,-0.737552025493509,0.460786717503522,0.876098704580508
"ENSMUSG00000029608",0.00201525395169791,-1.2456553042046,3.06913812810738,-0.405864855933593,0.684841901791289,0.876098704580508
"ENSMUSG00000029671",0.926430758450521,-2.88219348658732,3.04953088018298,-0.945126840759975,0.344594123762453,0.876098704580508
"ENSMUSG00000029697",0.15440512640842,-1.72502604588146,3.06715443518544,-0.5624190376893,0.573830551167177,0.876098704580508
"ENSMUSG00000029712",0.000474177400399508,-1.27567737518481,3.06913864269755,-0.415646708636004,0.677668542388739,0.876098704580508
"ENSMUSG00000029788",0.197276672197601,-2.10120506970855,3.06209288870195,-0.686198997248339,0.49258763003571,0.876098704580508
"ENSMUSG00000029830",0.000118544350099877,-1.28278556126495,3.06913876610999,-0.417962711699356,0.675974380323377,0.876098704580508
"ENSMUSG00000029848",0.228399399337433,-1.72502604588146,3.06715443518544,-0.5624190376893,0.573830551167177,0.876098704580508
"ENSMUSG00000030017",0.926430758450521,-2.88219348658732,3.04953088018298,-0.945126840759975,0.344594123762453,0.876098704580508
"ENSMUSG00000030226",0.000237088700199754,-1.28040839102891,3.06913872476985,-0.417188177482894,0.676540771995111,0.876098704580508
"ENSMUSG00000030350",3.95147833666257e-05,-1.28437469997752,3.06913879378388,-0.418480487939758,0.675595849628591,0.876098704580508
"ENSMUSG00000030450",0.00142253220119852,-1.25705625915987,3.06913832226462,-0.409579538999836,0.682114408891727,0.876098704580508
"ENSMUSG00000030484",0.330349219153789,-1.20948352177016,3.06510832279655,-0.394597317417693,0.693140093605466,0.876098704580508
"ENSMUSG00000030500",0.000197573916833128,-1.28119991226544,3.06913873852723,-0.417446072470561,0.676352161440574,0.876098704580508
"ENSMUSG00000030525",0.311655317219237,-2.20161475261623,3.05984901209858,-0.719517448054165,0.471822155615775,0.876098704580508
"ENSMUSG00000030549",0.000592721750499385,-1.27332364726349,3.06913860196586,-0.414879812351223,0.678229888915514,0.876098704580508
"ENSMUSG00000030607",0.000355633050299631,-1.27803901475298,3.06913868363296,-0.416416182679681,0.677105488823372,0.876098704580508
"ENSMUSG00000030617",0.30881025281684,-1.72502604588146,3.06715443518544,-0.5624190376893,0.573830551167177,0.876098704580508
"ENSMUSG00000030650",0.228399399337433,-1.72502604588146,3.06715443518544,-0.5624190376893,0.573830551167177,0.876098704580508
"ENSMUSG00000030666",1.23524101126736,-3.63412723896647,3.02910877412275,-1.19973480979366,0.230242349311484,0.876098704580508
"ENSMUSG00000030804",1.09856819433473,-3.48152640544173,3.03528348872783,-1.14701853002236,0.25137396265467,0.876098704580508
"ENSMUSG00000030898",3.95147833666257e-05,-1.28437469997752,3.06913879378388,-0.418480487939758,0.675595849628591,0.876098704580508
"ENSMUSG00000030954",0.295915008296402,-2.36313470922624,3.05843324320251,-0.772661857007471,0.439722525956278,0.876098704580508
"ENSMUSG00000030963",0.0986383360988006,-1.72502604588146,3.06715443518544,-0.5624190376893,0.573830551167177,0.876098704580508
"ENSMUSG00000030976",3.95147833666257e-05,-1.28437469997752,3.06913879378388,-0.418480487939758,0.675595849628591,0.876098704580508
"ENSMUSG00000031022",0.30881025281684,-1.72502604588146,3.06715443518544,-0.5624190376893,0.573830551167177,0.876098704580508
"ENSMUSG00000031027",0.000158059133466503,-1.281992301629,3.06913875230725,-0.417704250309718,0.676163364361256,0.876098704580508
"ENSMUSG00000031028",1.46734432035234,-3.00444930348856,2.30117996649196,-1.30561248891311,0.191684371083959,0.876098704580508
"ENSMUSG00000031073",7.90295667332514e-05,-1.28357969332704,3.06913877993551,-0.418221457341208,0.675785208891514,0.876098704580508
"ENSMUSG00000031074",0.000237088700199754,-1.28040839102891,3.06913872476985,-0.417188177482894,0.676540771995111,0.876098704580508
"ENSMUSG00000031098",0.926430758450521,-2.88219348658732,3.04953088018298,-0.945126840759975,0.344594123762453,0.876098704580508
"ENSMUSG00000031210",3.95147833666257e-05,-1.28437469997752,3.06913879378388,-0.418480487939758,0.675595849628591,0.876098704580508
"ENSMUSG00000031212",3.95147833666257e-05,-1.28437469997752,3.06913879378388,-0.418480487939758,0.675595849628591,0.876098704580508
"ENSMUSG00000031230",1.23524101126736,-3.63412723896647,3.02910877412275,-1.19973480979366,0.230242349311484,0.876098704580508
"ENSMUSG00000031323",0.000158059133466503,-1.281992301629,3.06913875230725,-0.417704250309718,0.676163364361256,0.876098704580508
"ENSMUSG00000031354",0.456798798674866,-2.25679853636401,3.05984996089455,-0.737552025493509,0.460786717503522,0.876098704580508
"ENSMUSG00000031364",0.000592721750499385,-1.27332364726349,3.06913860196586,-0.414879812351223,0.678229888915514,0.876098704580508
"ENSMUSG00000031374",0.000197573916833128,-1.28119991226544,3.06913873852723,-0.417446072470561,0.676352161440574,0.876098704580508
"ENSMUSG00000031394",3.95147833666257e-05,-1.28437469997752,3.06913879378388,-0.418480487939758,0.675595849628591,0.876098704580508
"ENSMUSG00000031450",0.197276672197601,-2.10120506970855,3.06209288870195,-0.686198997248339,0.49258763003571,0.876098704580508
"ENSMUSG00000031518",7.90295667332514e-05,-1.28357969332704,3.06913877993551,-0.418221457341208,0.675785208891514,0.876098704580508
"ENSMUSG00000031574",98.2495485966507,-1.27491850300159,1.14474701165938,-1.11371201673068,0.265402752405808,0.876098704580508
"ENSMUSG00000031610",0.0986383360988006,-1.72502604588146,3.06715443518544,-0.5624190376893,0.573830551167177,0.876098704580508
"ENSMUSG00000031651",0.274642048583684,-1.72502604588146,3.06715443518544,-0.5624190376893,0.573830551167177,0.876098704580508
"ENSMUSG00000031654",0.000197573916833128,-1.28119991226544,3.06913873852723,-0.417446072470561,0.676352161440574,0.876098704580508
"ENSMUSG00000031757",0.0774098601416201,-1.67784611285302,3.06756075417554,-0.546964264870432,0.584403283013636,0.876098704580508
"ENSMUSG00000031772",0.617620505633681,-2.25679853636401,3.05984996089455,-0.737552025493509,0.460786717503522,0.876098704580508
"ENSMUSG00000031876",7.90295667332514e-05,-1.28357969332704,3.06913877993551,-0.418221457341208,0.675785208891514,0.876098704580508
"ENSMUSG00000031893",3.95147833666257e-05,-1.28437469997752,3.06913879378388,-0.418480487939758,0.675595849628591,0.876098704580508
"ENSMUSG00000031927",0.30881025281684,-1.72502604588146,3.06715443518544,-0.5624190376893,0.573830551167177,0.876098704580508
"ENSMUSG00000032013",3.95147833666257e-05,-1.28437469997752,3.06913879378388,-0.418480487939758,0.675595849628591,0.876098704580508
"ENSMUSG00000032110",0.15440512640842,-1.72502604588146,3.06715443518544,-0.5624190376893,0.573830551167177,0.876098704580508
"ENSMUSG00000032259",0.000474177400399508,-1.27567737518481,3.06913864269755,-0.415646708636004,0.677668542388739,0.876098704580508
"ENSMUSG00000032269",0.00114592871763214,-1.26243835572177,3.06913841445554,-0.411333144760018,0.680828268950283,0.876098704580508
"ENSMUSG00000032297",0.00126447306773202,-1.26012686684749,3.0691383748195,-0.410580010724216,0.681380523559033,0.876098704580508
"ENSMUSG00000032303",1.24195852443969,-3.50990379809596,3.02910725667816,-1.15872549258789,0.246568096220785,0.876098704580508
"ENSMUSG00000032343",0.274642048583684,-1.72502604588146,3.06715443518544,-0.5624190376893,0.573830551167177,0.876098704580508
"ENSMUSG00000032394",0.000316118266933005,-1.27882794439723,3.06913869732279,-0.416673233279665,0.676917435256799,0.876098704580508
"ENSMUSG00000032494",0.0986383360988006,-1.72502604588146,3.06715443518544,-0.5624190376893,0.573830551167177,0.876098704580508
"ENSMUSG00000032769",0.549284097167367,-2.25679853636401,3.05984996089455,-0.737552025493509,0.460786717503522,0.876098704580508
"ENSMUSG00000032900",0.0986383360988006,-1.72502604588146,3.06715443518544,-0.5624190376893,0.573830551167177,0.876098704580508
"ENSMUSG00000032921",7.90295667332514e-05,-1.28357969332704,3.06913877993551,-0.418221457341208,0.675785208891514,0.876098704580508
"ENSMUSG00000032988",0.30881025281684,-1.72502604588146,3.06715443518544,-0.5624190376893,0.573830551167177,0.876098704580508
"ENSMUSG00000032999",0.000158059133466503,-1.281992301629,3.06913875230725,-0.417704250309718,0.676163364361256,0.876098704580508
"ENSMUSG00000033007",0.00213379830179779,-1.243396312829,3.0691380898187,-0.40512882654376,0.685382818243154,0.876098704580508
"ENSMUSG00000033036",0.394553344395202,-2.57706962205662,3.05515824203595,-0.843514285642783,0.398940879583754,0.876098704580508
"ENSMUSG00000033061",0.00979966627492317,-1.11023090896739,3.06913593542683,-0.361740545979757,0.71754592472824,0.876098704580508
"ENSMUSG00000033419",0.00837713407372464,-1.13322332983187,3.06913629335113,-0.369231999337027,0.711954806366018,0.876098704580508
"ENSMUSG00000033578",2.36097577583317,-2.15236534512933,1.98056526440719,-1.0867429535444,0.277150425277433,0.876098704580508
"ENSMUSG00000033615",0.000908840017432391,-1.26708350362896,3.06913849430002,-0.412846636273396,0.67971898050291,0.876098704580508
"ENSMUSG00000033633",0.30881025281684,-1.72502604588146,3.06715443518544,-0.5624190376893,0.573830551167177,0.876098704580508
"ENSMUSG00000033872",0.463215379225261,-2.67598741681572,3.05321667632186,-0.876448578827828,0.38078621906369,0.876098704580508
"ENSMUSG00000033981",0.156657469060318,-1.68099982468822,3.06715367683476,-0.548065079811381,0.583647217149935,0.876098704580508
"ENSMUSG00000034098",0.00237088700199754,-1.23889913953636,3.06913801377221,-0.403663547868169,0.686460148375784,0.876098704580508
"ENSMUSG00000034115",3.95147833666257e-05,-1.28437469997752,3.06913879378388,-0.418480487939758,0.675595849628591,0.876098704580508
"ENSMUSG00000034117",0.0774098601416201,-1.67784611285302,3.06756075417554,-0.546964264870432,0.584403283013636,0.876098704580508
"ENSMUSG00000034224",0.000118544350099877,-1.28278556126495,3.06913876610999,-0.417962711699356,0.675974380323377,0.876098704580508
"ENSMUSG00000034359",0.30881025281684,-1.72502604588146,3.06715443518544,-0.5624190376893,0.573830551167177,0.876098704580508
"ENSMUSG00000034402",0.926430758450521,-2.88219348658732,3.04953088018298,-0.945126840759975,0.344594123762453,0.876098704580508
"ENSMUSG00000034739",3.95147833666257e-05,-1.28437469997752,3.06913879378388,-0.418480487939758,0.675595849628591,0.876098704580508
"ENSMUSG00000034891",0.00027660348356638,-1.2796177357824,3.06913871103506,-0.416930564650449,0.676729196457013,0.876098704580508
"ENSMUSG00000034912",0.00110641393426552,-1.26321048770565,3.06913842770975,-0.411584722377049,0.68064383139056,0.876098704580508
"ENSMUSG00000035200",0.279581396504512,-1.63171884199239,3.06715285571023,-0.531997888189549,0.594727458143791,0.876098704580508
"ENSMUSG00000035355",0.000197573916833128,-1.28119991226544,3.06913873852723,-0.417446072470561,0.676352161440574,0.876098704580508
"ENSMUSG00000035429",0.0774098601416201,-1.67784611285302,3.06756075417554,-0.546964264870432,0.584403283013636,0.876098704580508
"ENSMUSG00000035431",0.549284097167367,-2.25679853636401,3.05984996089455,-0.737552025493509,0.460786717503522,0.876098704580508
"ENSMUSG00000035523",0.394553344395202,-2.57706962205662,3.05515824203595,-0.843514285642783,0.398940879583754,0.876098704580508
"ENSMUSG00000035582",3.95147833666257e-05,-1.28437469997752,3.06913879378388,-0.418480487939758,0.675595849628591,0.876098704580508
"ENSMUSG00000035594",7.90295667332514e-05,-1.28357969332704,3.06913877993551,-0.418221457341208,0.675785208891514,0.876098704580508
"ENSMUSG00000035775",7.90295667332514e-05,-1.28357969332704,3.06913877993551,-0.418221457341208,0.675785208891514,0.876098704580508
"ENSMUSG00000035785",7.90295667332514e-05,-1.28357969332704,3.06913877993551,-0.418221457341208,0.675785208891514,0.876098704580508
"ENSMUSG00000035860",0.30881025281684,-1.72502604588146,3.06715443518544,-0.5624190376893,0.573830551167177,0.876098704580508
"ENSMUSG00000035963",0.617620505633681,-2.25679853636401,3.05984996089455,-0.737552025493509,0.460786717503522,0.876098704580508
"ENSMUSG00000036117",0.926430758450521,-2.88219348658732,3.04953088018298,-0.945126840759975,0.344594123762453,0.876098704580508
"ENSMUSG00000036123",7.90295667332514e-05,-1.28357969332704,3.06913877993551,-0.418221457341208,0.675785208891514,0.876098704580508
"ENSMUSG00000036162",0.274642048583684,-1.72502604588146,3.06715443518544,-0.5624190376893,0.573830551167177,0.876098704580508
"ENSMUSG00000036357",0.456798798674866,-2.25679853636401,3.05984996089455,-0.737552025493509,0.460786717503522,0.876098704580508
"ENSMUSG00000036422",0.30881025281684,-1.72502604588146,3.06715443518544,-0.5624190376893,0.573830551167177,0.876098704580508
"ENSMUSG00000036557",0.65570705061137,1.41464991925683,3.03540752180686,0.466049421401823,0.641180125648095,0.876098704580508
"ENSMUSG00000036598",7.90295667332514e-05,-1.28357969332704,3.06913877993551,-0.418221457341208,0.675785208891514,0.876098704580508
"ENSMUSG00000036766",0.0015410765512984,-1.25476176935555,3.06913828306628,-0.408831943571456,0.682662995912341,0.876098704580508
"ENSMUSG00000036770",0.549284097167367,-2.25679853636401,3.05984996089455,-0.737552025493509,0.460786717503522,0.876098704580508
"ENSMUSG00000036915",0.30881025281684,-2.25679853636401,3.05984996089455,-0.737552025493509,0.460786717503522,0.876098704580508
"ENSMUSG00000036938",0.000197573916833128,-1.28119991226544,3.06913873852723,-0.417446072470561,0.676352161440574,0.876098704580508
"ENSMUSG00000036951",1.5440512640842,-3.96773747015156,3.01726877725869,-1.3150096206399,0.188506669184869,0.876098704580508
"ENSMUSG00000036961",3.95147833666257e-05,-1.28437469997752,3.06913879378388,-0.418480487939758,0.675595849628591,0.876098704580508
"ENSMUSG00000036962",3.95147833666257e-05,-1.28437469997752,3.06913879378388,-0.418480487939758,0.675595849628591,0.876098704580508
"ENSMUSG00000036972",3.95147833666257e-05,-1.28437469997752,3.06913879378388,-0.418480487939758,0.675595849628591,0.876098704580508
"ENSMUSG00000037014",0.228399399337433,-1.72502604588146,3.06715443518544,-0.5624190376893,0.573830551167177,0.876098704580508
"ENSMUSG00000037247",0.274642048583684,-1.72502604588146,3.06715443518544,-0.5624190376893,0.573830551167177,0.876098704580508
"ENSMUSG00000037335",0.00367487485309619,-1.21464541946868,3.06913760770603,-0.395761146850806,0.692281241815345,0.876098704580508
"ENSMUSG00000037390",0.274642048583684,-1.72502604588146,3.06715443518544,-0.5624190376893,0.573830551167177,0.876098704580508
"ENSMUSG00000037428",0.00300312353586355,-1.22703976985711,3.0691378143649,-0.399799502034101,0.689304197528285,0.876098704580508
"ENSMUSG00000037469",1.23524101126736,-3.63412723896647,3.02910877412275,-1.19973480979366,0.230242349311484,0.876098704580508
"ENSMUSG00000037627",3.95147833666257e-05,-1.28437469997752,3.06913879378388,-0.418480487939758,0.675595849628591,0.876098704580508
"ENSMUSG00000037653",0.228399399337433,-1.72502604588146,3.06715443518544,-0.5624190376893,0.573830551167177,0.876098704580508
"ENSMUSG00000037660",7.90295667332514e-05,-1.28357969332704,3.06913877993551,-0.418221457341208,0.675785208891514,0.876098704580508
"ENSMUSG00000037716",0.00027660348356638,-1.2796177357824,3.06913871103506,-0.416930564650449,0.676729196457013,0.876098704580508
"ENSMUSG00000037771",0.0774098601416201,-1.67784611285302,3.06756075417554,-0.546964264870432,0.584403283013636,0.876098704580508
"ENSMUSG00000037843",0.000790295667332514,-1.26941726944563,3.06913853451173,-0.413607028542811,0.679161925009562,0.876098704580508
"ENSMUSG00000038048",3.95147833666257e-05,-1.28437469997752,3.06913879378388,-0.418480487939758,0.675595849628591,0.876098704580508
"ENSMUSG00000038067",0.15440512640842,-1.72502604588146,3.06715443518544,-0.5624190376893,0.573830551167177,0.876098704580508
"ENSMUSG00000038192",0.30881025281684,-1.72502604588146,3.06715443518544,-0.5624190376893,0.573830551167177,0.876098704580508
"ENSMUSG00000038402",2.77929227535156,-4.83690734328542,2.99640625413319,-1.61423616594495,0.106476210144033,0.876098704580508
"ENSMUSG00000038651",0.15440512640842,-1.72502604588146,3.06715443518544,-0.5624190376893,0.573830551167177,0.876098704580508
"ENSMUSG00000038765",0.000158059133466503,-1.281992301629,3.06913875230725,-0.417704250309718,0.676163364361256,0.876098704580508
"ENSMUSG00000038916",0.00158059133466503,-1.25399854185806,3.06913827004136,-0.408583267198698,0.682845512312921,0.876098704580508
"ENSMUSG00000039037",0.000158059133466503,-1.281992301629,3.06913875230725,-0.417704250309718,0.676163364361256,0.876098704580508
"ENSMUSG00000039098",0.000316118266933005,-1.27882794439723,3.06913869732279,-0.416673233279665,0.676917435256799,0.876098704580508
"ENSMUSG00000039198",0.926430758450521,-2.88219348658732,3.04953088018298,-0.945126840759975,0.344594123762453,0.876098704580508
"ENSMUSG00000039215",3.95147833666257e-05,-1.28437469997752,3.06913879378388,-0.418480487939758,0.675595849628591,0.876098704580508
"ENSMUSG00000039224",0.15440512640842,-1.72502604588146,3.06715443518544,-0.5624190376893,0.573830551167177,0.876098704580508
"ENSMUSG00000039257",7.90295667332514e-05,-1.28357969332704,3.06913877993551,-0.418221457341208,0.675785208891514,0.876098704580508
"ENSMUSG00000039278",0.322561397428426,-1.48962036292545,3.06715063617506,-0.485669124090725,0.627201778259928,0.876098704580508
"ENSMUSG00000039296",0.15440512640842,-1.72502604588146,3.06715443518544,-0.5624190376893,0.573830551167177,0.876098704580508
"ENSMUSG00000039321",3.95147833666257e-05,-1.28437469997752,3.06913879378388,-0.418480487939758,0.675595849628591,0.876098704580508
"ENSMUSG00000039339",3.95147833666257e-05,-1.28437469997752,3.06913879378388,-0.418480487939758,0.675595849628591,0.876098704580508
"ENSMUSG00000039639",0.30881025281684,-1.72502604588146,3.06715443518544,-0.5624190376893,0.573830551167177,0.876098704580508
"ENSMUSG00000039717",0.000197573916833128,-1.28119991226544,3.06913873852723,-0.417446072470561,0.676352161440574,0.876098704580508
"ENSMUSG00000040086",1.5440512640842,-3.96773747015156,3.01726877725869,-1.3150096206399,0.188506669184869,0.876098704580508
"ENSMUSG00000040113",4.32334353943576,-5.48395400440415,2.98717315188434,-1.83583398938384,0.0663822128627225,0.876098704580508
"ENSMUSG00000040205",0.197276672197601,-2.10120506970855,3.06209288870195,-0.686198997248339,0.49258763003571,0.876098704580508
"ENSMUSG00000040364",0.15440512640842,-1.72502604588146,3.06715443518544,-0.5624190376893,0.573830551167177,0.876098704580508
"ENSMUSG00000040373",0.00027660348356638,-1.2796177357824,3.06913871103506,-0.416930564650449,0.676729196457013,0.876098704580508
"ENSMUSG00000040452",0.000118544350099877,-1.28278556126495,3.06913876610999,-0.417962711699356,0.675974380323377,0.876098704580508
"ENSMUSG00000040478",0.15440512640842,-1.72502604588146,3.06715443518544,-0.5624190376893,0.573830551167177,0.876098704580508
"ENSMUSG00000040554",7.90295667332514e-05,-1.28357969332704,3.06913877993551,-0.418221457341208,0.675785208891514,0.876098704580508
"ENSMUSG00000040650",0.274642048583684,-1.72502604588146,3.06715443518544,-0.5624190376893,0.573830551167177,0.876098704580508
"ENSMUSG00000040797",0.311813376352704,-1.66689535267716,3.06715343868618,-0.543466567942938,0.586808603360826,0.876098704580508
"ENSMUSG00000040856",3.24247816994553,-3.42040403890657,2.61028707030988,-1.31035550756512,0.190075597687246,0.876098704580508
"ENSMUSG00000040919",3.95147833666257e-05,-1.28437469997752,3.06913879378388,-0.418480487939758,0.675595849628591,0.876098704580508
"ENSMUSG00000040966",3.95147833666257e-05,-1.28437469997752,3.06913879378388,-0.418480487939758,0.675595849628591,0.876098704580508
"ENSMUSG00000040969",0.549284097167367,-2.25679853636401,3.05984996089455,-0.737552025493509,0.460786717503522,0.876098704580508
"ENSMUSG00000041014",0.00146204698456515,-1.25629062611657,3.06913830917786,-0.409330078856271,0.682297444585565,0.876098704580508
"ENSMUSG00000041141",0.00114592871763214,-1.26243835572177,3.06913841445554,-0.411333144760018,0.680828268950283,0.876098704580508
"ENSMUSG00000041248",0.228399399337433,-1.72502604588146,3.06715443518544,-0.5624190376893,0.573830551167177,0.876098704580508
"ENSMUSG00000041347",3.95147833666257e-05,-1.28437469997752,3.06913879378388,-0.418480487939758,0.675595849628591,0.876098704580508
"ENSMUSG00000041358",3.95147833666257e-05,-1.28437469997752,3.06913879378388,-0.418480487939758,0.675595849628591,0.876098704580508
"ENSMUSG00000041449",0.823926145751051,-2.88219348658732,3.04953088018298,-0.945126840759975,0.344594123762453,0.876098704580508
"ENSMUSG00000041550",7.90295667332514e-05,-1.28357969332704,3.06913877993551,-0.418221457341208,0.675785208891514,0.876098704580508
"ENSMUSG00000041644",0.274642048583684,-1.72502604588146,3.06715443518544,-0.5624190376893,0.573830551167177,0.876098704580508
"ENSMUSG00000041669",1.5440512640842,-3.96773747015156,3.01726877725869,-1.3150096206399,0.188506669184869,0.876098704580508
"ENSMUSG00000041700",0.926430758450521,-2.88219348658732,3.04953088018298,-0.945126840759975,0.344594123762453,0.876098704580508
"ENSMUSG00000041907",0.00027660348356638,-1.2796177357824,3.06913871103506,-0.416930564650449,0.676729196457013,0.876098704580508
"ENSMUSG00000041923",0.000671751317232637,-1.27175856871947,3.06913857491864,-0.414369875349529,0.678603247365391,0.876098704580508
"ENSMUSG00000042078",0.000908840017432391,-1.26708350362896,3.06913849430002,-0.412846636273396,0.67971898050291,0.876098704580508
"ENSMUSG00000042262",0.0774098601416201,-1.67784611285302,3.06756075417554,-0.546964264870432,0.584403283013636,0.876098704580508
"ENSMUSG00000042268",1.85286151690104,-4.23865132440863,3.00941678228771,-1.40846271256136,0.158994100677853,0.876098704580508
"ENSMUSG00000042269",3.95147833666257e-05,-1.28437469997752,3.06913879378388,-0.418480487939758,0.675595849628591,0.876098704580508
"ENSMUSG00000042279",0.549284097167367,-2.25679853636401,3.05984996089455,-0.737552025493509,0.460786717503522,0.876098704580508
"ENSMUSG00000042367",3.0881025281684,-4.99159306147439,2.99381585319375,-1.66730129915955,0.0954545084568293,0.876098704580508
"ENSMUSG00000042371",0.0774098601416201,-1.67784611285302,3.06756075417554,-0.546964264870432,0.584403283013636,0.876098704580508
"ENSMUSG00000042386",0.0774098601416201,-1.67784611285302,3.06756075417554,-0.546964264870432,0.584403283013636,0.876098704580508
"ENSMUSG00000042514",1.74431832175292,-2.94748103413438,1.98562433817032,-1.48441020664079,0.137700128646112,0.876098704580508
"ENSMUSG00000042604",7.90295667332514e-05,-1.28357969332704,3.06913877993551,-0.418221457341208,0.675785208891514,0.876098704580508
"ENSMUSG00000042631",0.000158059133466503,-1.281992301629,3.06913875230725,-0.417704250309718,0.676163364361256,0.876098704580508
"ENSMUSG00000042655",0.617620505633681,-2.25679853636401,3.05984996089455,-0.737552025493509,0.460786717503522,0.876098704580508
"ENSMUSG00000043289",0.000118544350099877,-1.28278556126495,3.06913876610999,-0.417962711699356,0.675974380323377,0.876098704580508
"ENSMUSG00000043385",0.0774098601416201,-1.67784611285302,3.06756075417554,-0.546964264870432,0.584403283013636,0.876098704580508
"ENSMUSG00000043388",0.282465975690276,-1.58221211571161,3.06715205757855,-0.515857083708047,0.60595423002155,0.876098704580508
"ENSMUSG00000043461",0.549284097167367,-2.25679853636401,3.05984996089455,-0.737552025493509,0.460786717503522,0.876098704580508
"ENSMUSG00000043463",0.000474177400399508,-1.27567737518481,3.06913864269755,-0.415646708636004,0.677668542388739,0.876098704580508
"ENSMUSG00000043705",3.95147833666257e-05,-1.28437469997752,3.06913879378388,-0.418480487939758,0.675595849628591,0.876098704580508
"ENSMUSG00000043857",0.000197573916833128,-1.28119991226544,3.06913873852723,-0.417446072470561,0.676352161440574,0.876098704580508
"ENSMUSG00000043913",0.0774098601416201,-1.67784611285302,3.06756075417554,-0.546964264870432,0.584403283013636,0.876098704580508
"ENSMUSG00000044014",7.90295667332514e-05,-1.28357969332704,3.06913877993551,-0.418221457341208,0.675785208891514,0.876098704580508
"ENSMUSG00000044041",0.581313441217059,-1.16464645800285,3.04178170977922,-0.382882984094011,0.701806528479578,0.876098704580508
"ENSMUSG00000044062",3.95147833666257e-05,-1.28437469997752,3.06913879378388,-0.418480487939758,0.675595849628591,0.876098704580508
"ENSMUSG00000044067",0.00248943135209742,-1.23666086246703,3.06913797601154,-0.402934267580278,0.686996581426404,0.876098704580508
"ENSMUSG00000044141",0.0774098601416201,-1.67784611285302,3.06756075417554,-0.546964264870432,0.584403283013636,0.876098704580508
"ENSMUSG00000044172",0.926430758450521,-2.88219348658732,3.04953088018298,-0.945126840759975,0.344594123762453,0.876098704580508
"ENSMUSG00000044400",0.228399399337433,-1.72502604588146,3.06715443518544,-0.5624190376893,0.573830551167177,0.876098704580508
"ENSMUSG00000044430",0.617620505633681,-2.25679853636401,3.05984996089455,-0.737552025493509,0.460786717503522,0.876098704580508
"ENSMUSG00000044515",0.228399399337433,-1.72502604588146,3.06715443518544,-0.5624190376893,0.573830551167177,0.876098704580508
"ENSMUSG00000044824",0.15481972028324,-1.97647658497433,3.06404624092385,-0.645054424628525,0.518891917027491,0.876098704580508
"ENSMUSG00000044860",0.228399399337433,-1.72502604588146,3.06715443518544,-0.5624190376893,0.573830551167177,0.876098704580508
"ENSMUSG00000044863",3.95147833666257e-05,-1.28437469997752,3.06913879378388,-0.418480487939758,0.675595849628591,0.876098704580508
"ENSMUSG00000044912",0.000395147833666257,-1.27725094473747,3.06913866996552,-0.416159412162312,0.677293357584023,0.876098704580508
"ENSMUSG00000045027",0.30881025281684,-1.72502604588146,3.06715443518544,-0.5624190376893,0.573830551167177,0.876098704580508
"ENSMUSG00000045052",0.00027660348356638,-1.2796177357824,3.06913871103506,-0.416930564650449,0.676729196457013,0.876098704580508
"ENSMUSG00000045053",0.000395147833666257,-1.27725094473747,3.06913866996552,-0.416159412162312,0.677293357584023,0.876098704580508
"ENSMUSG00000045091",3.95147833666257e-05,-1.28437469997752,3.06913879378388,-0.418480487939758,0.675595849628591,0.876098704580508
"ENSMUSG00000045104",0.617620505633681,-2.25679853636401,3.05984996089455,-0.737552025493509,0.460786717503522,0.876098704580508
"ENSMUSG00000045174",7.90295667332514e-05,-1.28357969332704,3.06913877993551,-0.418221457341208,0.675785208891514,0.876098704580508
"ENSMUSG00000045179",0.30881025281684,-1.72502604588146,3.06715443518544,-0.5624190376893,0.573830551167177,0.876098704580508
"ENSMUSG00000045364",0.0774098601416201,-1.67784611285302,3.06756075417554,-0.546964264870432,0.584403283013636,0.876098704580508
"ENSMUSG00000045440",0.000434662617032883,-1.2764637322467,3.06913865632041,-0.415902921042041,0.677481041964446,0.876098704580508
"ENSMUSG00000045587",0.0774098601416201,-1.67784611285302,3.06756075417554,-0.546964264870432,0.584403283013636,0.876098704580508
"ENSMUSG00000045662",0.0986383360988006,-1.72502604588146,3.06715443518544,-0.5624190376893,0.573830551167177,0.876098704580508
"ENSMUSG00000045678",0.15440512640842,-1.72502604588146,3.06715443518544,-0.5624190376893,0.573830551167177,0.876098704580508
"ENSMUSG00000045684",0.274642048583684,-1.72502604588146,3.06715443518544,-0.5624190376893,0.573830551167177,0.876098704580508
"ENSMUSG00000045842",0.30881025281684,-2.25679853636401,3.05984996089455,-0.737552025493509,0.460786717503522,0.876098704580508
"ENSMUSG00000045871",7.90295667332514e-05,-1.28357969332704,3.06913877993551,-0.418221457341208,0.675785208891514,0.876098704580508
"ENSMUSG00000045929",0.0986383360988006,-1.72502604588146,3.06715443518544,-0.5624190376893,0.573830551167177,0.876098704580508
"ENSMUSG00000045967",0.00130398785109865,-1.25935799976873,3.06913836164948,-0.410329496872827,0.681564257053253,0.876098704580508
"ENSMUSG00000046093",0.156143776876552,-1.6908091222712,3.06715384383478,-0.551263225895844,0.581453243607362,0.876098704580508
"ENSMUSG00000046354",0.30881025281684,-1.72502604588146,3.06715443518544,-0.5624190376893,0.573830551167177,0.876098704580508
"ENSMUSG00000046523",2.16167176971788,-4.46671642559448,3.00382902268338,-1.487007546656,0.137012817783412,0.876098704580508
"ENSMUSG00000046561",2.47048202253472,-4.66364020938154,2.99964979750409,-1.55472822636229,0.120010809178471,0.876098704580508
"ENSMUSG00000046585",0.15440512640842,-1.72502604588146,3.06715443518544,-0.5624190376893,0.573830551167177,0.876098704580508
"ENSMUSG00000046623",0.617620505633681,-2.25679853636401,3.05984996089455,-0.737552025493509,0.460786717503522,0.876098704580508
"ENSMUSG00000046676",1.85286151690104,-4.23865132440863,3.00941678228771,-1.40846271256136,0.158994100677853,0.876098704580508
"ENSMUSG00000046699",0.000197573916833128,-1.28119991226544,3.06913873852723,-0.417446072470561,0.676352161440574,0.876098704580508
"ENSMUSG00000046774",0.30881025281684,-1.72502604588146,3.06715443518544,-0.5624190376893,0.573830551167177,0.876098704580508
"ENSMUSG00000046790",0.549284097167367,-2.25679853636401,3.05984996089455,-0.737552025493509,0.460786717503522,0.876098704580508
"ENSMUSG00000046844",0.589814181522551,-2.1384424590801,2.97211228239306,-0.719502581294907,0.471831312345658,0.876098704580508
"ENSMUSG00000046924",0.46445916084972,-2.72662616695332,3.05226747751891,-0.893311673054849,0.371690288541287,0.876098704580508
"ENSMUSG00000047013",0.000474177400399508,-1.27567737518481,3.06913864269755,-0.415646708636004,0.677668542388739,0.876098704580508
"ENSMUSG00000047048",0.228399399337433,-1.72502604588146,3.06715443518544,-0.5624190376893,0.573830551167177,0.876098704580508
"ENSMUSG00000047050",0.15440512640842,-1.72502604588146,3.06715443518544,-0.5624190376893,0.573830551167177,0.876098704580508
"ENSMUSG00000047085",0.0013830174178319,-1.25782269784336,3.0691383353721,-0.409829261635697,0.681931199330171,0.876098704580508
"ENSMUSG00000047129",0.000118544350099877,-1.28278556126495,3.06913876610999,-0.417962711699356,0.675974380323377,0.876098704580508
"ENSMUSG00000047495",0.000118544350099877,-1.28278556126495,3.06913876610999,-0.417962711699356,0.675974380323377,0.876098704580508
"ENSMUSG00000047655",0.0986383360988006,-1.72502604588146,3.06715443518544,-0.5624190376893,0.573830551167177,0.876098704580508
"ENSMUSG00000047720",0.0774098601416201,-1.67784611285302,3.06756075417554,-0.546964264870432,0.584403283013636,0.876098704580508
"ENSMUSG00000047884",4.6321537922526,-5.5846503127788,2.98606862808515,-1.87023508443609,0.0614511796519847,0.876098704580508
"ENSMUSG00000048173",0.274642048583684,-1.72502604588146,3.06715443518544,-0.5624190376893,0.573830551167177,0.876098704580508
"ENSMUSG00000048292",0.15481972028324,-1.97647658497433,3.06404624092385,-0.645054424628525,0.518891917027491,0.876098704580508
"ENSMUSG00000048385",0.000592721750499385,-1.27332364726349,3.06913860196586,-0.414879812351223,0.678229888915514,0.876098704580508
"ENSMUSG00000048399",4.6321537922526,-5.5846503127788,2.98606862808515,-1.87023508443609,0.0614511796519847,0.876098704580508
"ENSMUSG00000048455",0.926430758450521,-2.88219348658732,3.04953088018298,-0.945126840759975,0.344594123762453,0.876098704580508
"ENSMUSG00000048483",0.000316118266933005,-1.27882794439723,3.06913869732279,-0.416673233279665,0.676917435256799,0.876098704580508
"ENSMUSG00000048600",0.000434662617032883,-1.2764637322467,3.06913865632041,-0.415902921042041,0.677481041964446,0.876098704580508
"ENSMUSG00000048617",0.0986383360988006,-1.72502604588146,3.06715443518544,-0.5624190376893,0.573830551167177,0.876098704580508
"ENSMUSG00000048699",3.95147833666257e-05,-1.28437469997752,3.06913879378388,-0.418480487939758,0.675595849628591,0.876098704580508
"ENSMUSG00000048747",0.30881025281684,-1.72502604588146,3.06715443518544,-0.5624190376893,0.573830551167177,0.876098704580508
"ENSMUSG00000048764",1.23524101126736,-3.63412723896647,3.02910877412275,-1.19973480979366,0.230242349311484,0.876098704580508
"ENSMUSG00000048834",3.95147833666257e-05,-1.28437469997752,3.06913879378388,-0.418480487939758,0.675595849628591,0.876098704580508
"ENSMUSG00000048978",0.00114592871763214,-1.26243835572177,3.06913841445554,-0.411333144760018,0.680828268950283,0.876098704580508
"ENSMUSG00000048996",0.197276672197601,-2.10120506970855,3.06209288870195,-0.686198997248339,0.49258763003571,0.876098704580508
"ENSMUSG00000049013",0.0774098601416201,-1.67784611285302,3.06756075417554,-0.546964264870432,0.584403283013636,0.876098704580508
"ENSMUSG00000049015",0.15440512640842,-1.72502604588146,3.06715443518544,-0.5624190376893,0.573830551167177,0.876098704580508
"ENSMUSG00000049028",3.95147833666257e-05,-1.28437469997752,3.06913879378388,-0.418480487939758,0.675595849628591,0.876098704580508
"ENSMUSG00000049041",0.30881025281684,-2.25679853636401,3.05984996089455,-0.737552025493509,0.460786717503522,0.876098704580508
"ENSMUSG00000049093",0.00189670960159803,-1.24792129637444,3.06913816657499,-0.406603166310709,0.684299471330739,0.876098704580508
"ENSMUSG00000049098",0.0774098601416201,-1.67784611285302,3.06756075417554,-0.546964264870432,0.584403283013636,0.876098704580508
"ENSMUSG00000049100",0.00209428351843116,-1.24414853508446,3.0691381025618,-0.405373917206909,0.685202680372852,0.876098704580508
"ENSMUSG00000049112",1.89435185657359,-2.19334470830353,2.56373444407697,-0.855527261558171,0.392259318914958,0.876098704580508
"ENSMUSG00000049128",0.926430758450521,-2.88219348658732,3.04953088018298,-0.945126840759975,0.344594123762453,0.876098704580508
"ENSMUSG00000049176",0.00229185743526429,-1.2403951309386,3.06913803904289,-0.404150975016235,0.686101702046202,0.876098704580508
"ENSMUSG00000049231",1.23524101126736,-3.63412723896647,3.02910877412275,-1.19973480979366,0.230242349311484,0.876098704580508
"ENSMUSG00000049265",25.7801770585964,-1.38507609761538,1.27230430117046,-1.08863586827552,0.276314492957101,0.876098704580508
"ENSMUSG00000049314",3.95147833666257e-05,-1.28437469997752,3.06913879378388,-0.418480487939758,0.675595849628591,0.876098704580508
"ENSMUSG00000049420",0.417406314324031,-1.98430917772,2.96092020205941,-0.670166381498514,0.502751732177197,0.876098704580508
"ENSMUSG00000049604",0.23222958042486,-2.21608993519735,3.06041680539324,-0.724113764926409,0.468995894596022,0.876098704580508
"ENSMUSG00000049649",0.000197573916833128,-1.28119991226544,3.06913873852723,-0.417446072470561,0.676352161440574,0.876098704580508
"ENSMUSG00000049758",0.549284097167367,-2.25679853636401,3.05984996089455,-0.737552025493509,0.460786717503522,0.876098704580508
"ENSMUSG00000049946",3.95147833666257e-05,-1.28437469997752,3.06913879378388,-0.418480487939758,0.675595849628591,0.876098704580508
"ENSMUSG00000050028",0.0986383360988006,-1.72502604588146,3.06715443518544,-0.5624190376893,0.573830551167177,0.876098704580508
"ENSMUSG00000050074",3.95147833666257e-05,-1.28437469997752,3.06913879378388,-0.418480487939758,0.675595849628591,0.876098704580508
"ENSMUSG00000050100",0.30881025281684,-2.25679853636401,3.05984996089455,-0.737552025493509,0.460786717503522,0.876098704580508
"ENSMUSG00000050217",0.15440512640842,-1.72502604588146,3.06715443518544,-0.5624190376893,0.573830551167177,0.876098704580508
"ENSMUSG00000050368",7.90295667332514e-05,-1.28357969332704,3.06913877993551,-0.418221457341208,0.675785208891514,0.876098704580508
"ENSMUSG00000050425",0.926430758450521,-2.88219348658732,3.04953088018298,-0.945126840759975,0.344594123762453,0.876098704580508
"ENSMUSG00000050439",7.90295667332514e-05,-1.28357969332704,3.06913877993551,-0.418221457341208,0.675785208891514,0.876098704580508
"ENSMUSG00000050625",0.30881025281684,-1.72502604588146,3.06715443518544,-0.5624190376893,0.573830551167177,0.876098704580508
"ENSMUSG00000050700",0.15440512640842,-1.72502604588146,3.06715443518544,-0.5624190376893,0.573830551167177,0.876098704580508
"ENSMUSG00000050747",0.926430758450521,-2.88219348658732,3.04953088018298,-0.945126840759975,0.344594123762453,0.876098704580508
"ENSMUSG00000050756",0.30881025281684,-1.72502604588146,3.06715443518544,-0.5624190376893,0.573830551167177,0.876098704580508
"ENSMUSG00000050799",0.456798798674866,-2.25679853636401,3.05984996089455,-0.737552025493509,0.460786717503522,0.876098704580508
"ENSMUSG00000050818",0.000118544350099877,-1.28278556126495,3.06913876610999,-0.417962711699356,0.675974380323377,0.876098704580508
"ENSMUSG00000050824",0.000118544350099877,-1.28278556126495,3.06913876610999,-0.417962711699356,0.675974380323377,0.876098704580508
"ENSMUSG00000050840",0.000118544350099877,-1.28278556126495,3.06913876610999,-0.417962711699356,0.675974380323377,0.876098704580508
"ENSMUSG00000050875",0.00181768003486478,-1.24943587127603,3.0691381923202,-0.407096648304222,0.683937005001092,0.876098704580508
"ENSMUSG00000050926",0.926430758450521,-2.88219348658732,3.04953088018298,-0.945126840759975,0.344594123762453,0.876098704580508
"ENSMUSG00000050936",0.549284097167367,-2.25679853636401,3.05984996089455,-0.737552025493509,0.460786717503522,0.876098704580508
"ENSMUSG00000050963",3.95147833666257e-05,-1.28437469997752,3.06913879378388,-0.418480487939758,0.675595849628591,0.876098704580508
"ENSMUSG00000050967",0.000158059133466503,-1.281992301629,3.06913875230725,-0.417704250309718,0.676163364361256,0.876098704580508
"ENSMUSG00000051046",0.15440512640842,-1.72502604588146,3.06715443518544,-0.5624190376893,0.573830551167177,0.876098704580508
"ENSMUSG00000051062",0.000118544350099877,-1.28278556126495,3.06913876610999,-0.417962711699356,0.675974380323377,0.876098704580508
"ENSMUSG00000051079",0.228399399337433,-1.72502604588146,3.06715443518544,-0.5624190376893,0.573830551167177,0.876098704580508
"ENSMUSG00000051340",0.274642048583684,-1.72502604588146,3.06715443518544,-0.5624190376893,0.573830551167177,0.876098704580508
"ENSMUSG00000051401",0.30881025281684,-1.72502604588146,3.06715443518544,-0.5624190376893,0.573830551167177,0.876098704580508
"ENSMUSG00000051431",1.85286151690104,-4.23865132440863,3.00941678228771,-1.40846271256136,0.158994100677853,0.876098704580508
"ENSMUSG00000051596",0.00185719481823141,-1.2486781912657,3.06913817943754,-0.406849779404373,0.68411832301504,0.876098704580508
"ENSMUSG00000051599",7.90295667332514e-05,-1.28357969332704,3.06913877993551,-0.418221457341208,0.675785208891514,0.876098704580508
"ENSMUSG00000051663",0.197276672197601,-2.10120506970855,3.06209288870195,-0.686198997248339,0.49258763003571,0.876098704580508
"ENSMUSG00000051687",3.95147833666257e-05,-1.28437469997752,3.06913879378388,-0.418480487939758,0.675595849628591,0.876098704580508
"ENSMUSG00000051726",0.00027660348356638,-1.2796177357824,3.06913871103506,-0.416930564650449,0.676729196457013,0.876098704580508
"ENSMUSG00000051769",0.0774098601416201,-1.67784611285302,3.06756075417554,-0.546964264870432,0.584403283013636,0.876098704580508
"ENSMUSG00000051804",0.0986383360988006,-1.72502604588146,3.06715443518544,-0.5624190376893,0.573830551167177,0.876098704580508
"ENSMUSG00000051860",0.228399399337433,-1.72502604588146,3.06715443518544,-0.5624190376893,0.573830551167177,0.876098704580508
"ENSMUSG00000051877",0.463215379225261,-2.67598741681572,3.05321667632186,-0.876448578827828,0.38078621906369,0.876098704580508
"ENSMUSG00000051965",0.228399399337433,-1.72502604588146,3.06715443518544,-0.5624190376893,0.573830551167177,0.876098704580508
"ENSMUSG00000051980",2.77929227535156,-4.83690734328542,2.99640625413319,-1.61423616594495,0.106476210144033,0.876098704580508
"ENSMUSG00000051985",7.90295667332514e-05,-1.28357969332704,3.06913877993551,-0.418221457341208,0.675785208891514,0.876098704580508
"ENSMUSG00000052273",3.95147833666257e-05,-1.28437469997752,3.06913879378388,-0.418480487939758,0.675595849628591,0.876098704580508
"ENSMUSG00000052372",0.15440512640842,-1.72502604588146,3.06715443518544,-0.5624190376893,0.573830551167177,0.876098704580508
"ENSMUSG00000052417",0.0774098601416201,-1.67784611285302,3.06756075417554,-0.546964264870432,0.584403283013636,0.876098704580508
"ENSMUSG00000052508",0.0986383360988006,-1.72502604588146,3.06715443518544,-0.5624190376893,0.573830551167177,0.876098704580508
"ENSMUSG00000052730",0.30881025281684,-1.72502604588146,3.06715443518544,-0.5624190376893,0.573830551167177,0.876098704580508
"ENSMUSG00000052909",0.0986383360988006,-1.72502604588146,3.06715443518544,-0.5624190376893,0.573830551167177,0.876098704580508
"ENSMUSG00000052951",0.617620505633681,-2.25679853636401,3.05984996089455,-0.737552025493509,0.460786717503522,0.876098704580508
"ENSMUSG00000053025",7.90295667332514e-05,-1.28357969332704,3.06913877993551,-0.418221457341208,0.675785208891514,0.876098704580508
"ENSMUSG00000053030",7.90295667332514e-05,-1.28357969332704,3.06913877993551,-0.418221457341208,0.675785208891514,0.876098704580508
"ENSMUSG00000053117",0.30881025281684,-1.72502604588146,3.06715443518544,-0.5624190376893,0.573830551167177,0.876098704580508
"ENSMUSG00000053185",0.549284097167367,-2.25679853636401,3.05984996089455,-0.737552025493509,0.460786717503522,0.876098704580508
"ENSMUSG00000053194",0.000474177400399508,-1.27567737518481,3.06913864269755,-0.415646708636004,0.677668542388739,0.876098704580508
"ENSMUSG00000053228",0.274642048583684,-1.72502604588146,3.06715443518544,-0.5624190376893,0.573830551167177,0.876098704580508
"ENSMUSG00000053287",3.95147833666257e-05,-1.28437469997752,3.06913879378388,-0.418480487939758,0.675595849628591,0.876098704580508
"ENSMUSG00000053399",3.95147833666257e-05,-1.28437469997752,3.06913879378388,-0.418480487939758,0.675595849628591,0.876098704580508
"ENSMUSG00000053519",0.0016991356847649,-1.2517136403666,3.06913823108931,-0.407838795818047,0.683392029040297,0.876098704580508
"ENSMUSG00000053522",0.000237088700199754,-1.28040839102891,3.06913872476985,-0.417188177482894,0.676540771995111,0.876098704580508
"ENSMUSG00000053593",0.000197573916833128,-1.28119991226544,3.06913873852723,-0.417446072470561,0.676352161440574,0.876098704580508
"ENSMUSG00000053719",4.01453328661892,-5.37570134372468,2.98844852799455,-1.79882681376886,0.0720460803941289,0.876098704580508
"ENSMUSG00000053729",0.30881025281684,-1.72502604588146,3.06715443518544,-0.5624190376893,0.573830551167177,0.876098704580508
"ENSMUSG00000054003",0.926430758450521,-2.88219348658732,3.04953088018298,-0.945126840759975,0.344594123762453,0.876098704580508
"ENSMUSG00000054036",0.274642048583684,-1.72502604588146,3.06715443518544,-0.5624190376893,0.573830551167177,0.876098704580508
"ENSMUSG00000054142",0.0774098601416201,-1.67784611285302,3.06756075417554,-0.546964264870432,0.584403283013636,0.876098704580508
"ENSMUSG00000054146",0.823926145751051,-2.88219348658732,3.04953088018298,-0.945126840759975,0.344594123762453,0.876098704580508
"ENSMUSG00000054196",0.000711266100599262,-1.27097729519875,3.06913856142788,-0.414115319253439,0.678789654170367,0.876098704580508
"ENSMUSG00000054362",0.274642048583684,-1.72502604588146,3.06715443518544,-0.5624190376893,0.573830551167177,0.876098704580508
"ENSMUSG00000054446",7.90295667332514e-05,-1.28357969332704,3.06913877993551,-0.418221457341208,0.675785208891514,0.876098704580508
"ENSMUSG00000054457",0.30881025281684,-1.72502604588146,3.06715443518544,-0.5624190376893,0.573830551167177,0.876098704580508
"ENSMUSG00000054498",0.0986383360988006,-1.72502604588146,3.06715443518544,-0.5624190376893,0.573830551167177,0.876098704580508
"ENSMUSG00000054568",0.295915008296402,-2.36313470922624,3.05843324320251,-0.772661857007471,0.439722525956278,0.876098704580508
"ENSMUSG00000054746",0.926430758450521,-2.88219348658732,3.04953088018298,-0.945126840759975,0.344594123762453,0.876098704580508
"ENSMUSG00000054905",0.926430758450521,-2.88219348658732,3.04953088018298,-0.945126840759975,0.344594123762453,0.876098704580508
"ENSMUSG00000054976",0.000474177400399508,-1.27567737518481,3.06913864269755,-0.415646708636004,0.677668542388739,0.876098704580508
"ENSMUSG00000055015",0.617620505633681,-2.25679853636401,3.05984996089455,-0.737552025493509,0.460786717503522,0.876098704580508
"ENSMUSG00000055026",0.309985572554505,-1.12877871925378,2.88546586455441,-0.39119461890709,0.695653385523325,0.876098704580508
"ENSMUSG00000055138",3.95147833666257e-05,-1.28437469997752,3.06913879378388,-0.418480487939758,0.675595849628591,0.876098704580508
"ENSMUSG00000055416",0.0986383360988006,-1.72502604588146,3.06715443518544,-0.5624190376893,0.573830551167177,0.876098704580508
"ENSMUSG00000055555",0.0774098601416201,-1.67784611285302,3.06756075417554,-0.546964264870432,0.584403283013636,0.876098704580508
"ENSMUSG00000055761",0.15481972028324,-1.97647658497433,3.06404624092385,-0.645054424628525,0.518891917027491,0.876098704580508
"ENSMUSG00000055775",4.78183948916787,-2.63784205113358,1.81480423073474,-1.45351328063943,0.146081295041799,0.876098704580508
"ENSMUSG00000055780",0.274642048583684,-1.72502604588146,3.06715443518544,-0.5624190376893,0.573830551167177,0.876098704580508
"ENSMUSG00000055811",2.16167176971788,-4.46671642559448,3.00382902268338,-1.487007546656,0.137012817783412,0.876098704580508
"ENSMUSG00000055891",0.30881025281684,-1.72502604588146,3.06715443518544,-0.5624190376893,0.573830551167177,0.876098704580508
"ENSMUSG00000055895",0.000197573916833128,-1.28119991226544,3.06913873852723,-0.417446072470561,0.676352161440574,0.876098704580508
"ENSMUSG00000055960",0.30881025281684,-1.72502604588146,3.06715443518544,-0.5624190376893,0.573830551167177,0.876098704580508
"ENSMUSG00000056032",7.90295667332514e-05,-1.28357969332704,3.06913877993551,-0.418221457341208,0.675785208891514,0.876098704580508
"ENSMUSG00000056089",0.0774098601416201,-1.67784611285302,3.06756075417554,-0.546964264870432,0.584403283013636,0.876098704580508
"ENSMUSG00000056426",1.23524101126736,-3.63412723896647,3.02910877412275,-1.19973480979366,0.230242349311484,0.876098704580508
"ENSMUSG00000056436",0.0774098601416201,-1.67784611285302,3.06756075417554,-0.546964264870432,0.584403283013636,0.876098704580508
"ENSMUSG00000056632",0.0986383360988006,-1.72502604588146,3.06715443518544,-0.5624190376893,0.573830551167177,0.876098704580508
"ENSMUSG00000056699",3.95147833666257e-05,-1.28437469997752,3.06913879378388,-0.418480487939758,0.675595849628591,0.876098704580508
"ENSMUSG00000056706",0.30881025281684,-1.72502604588146,3.06715443518544,-0.5624190376893,0.573830551167177,0.876098704580508
"ENSMUSG00000056755",0.000671751317232637,-1.27175856871947,3.06913857491864,-0.414369875349529,0.678603247365391,0.876098704580508
"ENSMUSG00000056849",0.228399399337433,-1.72502604588146,3.06715443518544,-0.5624190376893,0.573830551167177,0.876098704580508
"ENSMUSG00000056854",0.274642048583684,-1.72502604588146,3.06715443518544,-0.5624190376893,0.573830551167177,0.876098704580508
"ENSMUSG00000056947",0.000790295667332514,-1.26941726944563,3.06913853451173,-0.413607028542811,0.679161925009562,0.876098704580508
"ENSMUSG00000056972",0.000316118266933005,-1.27882794439723,3.06913869732279,-0.416673233279665,0.676917435256799,0.876098704580508
"ENSMUSG00000057000",0.15440512640842,-1.72502604588146,3.06715443518544,-0.5624190376893,0.573830551167177,0.876098704580508
"ENSMUSG00000057207",0.617620505633681,-2.25679853636401,3.05984996089455,-0.737552025493509,0.460786717503522,0.876098704580508
"ENSMUSG00000057454",7.90295667332514e-05,-1.28357969332704,3.06913877993551,-0.418221457341208,0.675785208891514,0.876098704580508
"ENSMUSG00000057455",0.00146204698456515,-1.25629062611657,3.06913830917786,-0.409330078856271,0.682297444585565,0.876098704580508
"ENSMUSG00000057461",0.15440512640842,-1.72502604588146,3.06715443518544,-0.5624190376893,0.573830551167177,0.876098704580508
"ENSMUSG00000057615",7.90295667332514e-05,-1.28357969332704,3.06913877993551,-0.418221457341208,0.675785208891514,0.876098704580508
"ENSMUSG00000057696",1.23524101126736,-3.63412723896647,3.02910877412275,-1.19973480979366,0.230242349311484,0.876098704580508
"ENSMUSG00000057715",0.000316118266933005,-1.27882794439723,3.06913869732279,-0.416673233279665,0.676917435256799,0.876098704580508
"ENSMUSG00000057716",0.626274243190972,-2.10032625614881,3.05984735686158,-0.68641537017816,0.492451214816494,0.876098704580508
"ENSMUSG00000057762",0.000237088700199754,-1.28040839102891,3.06913872476985,-0.417188177482894,0.676540771995111,0.876098704580508
"ENSMUSG00000057945",0.0774098601416201,-1.67784611285302,3.06756075417554,-0.546964264870432,0.584403283013636,0.876098704580508
"ENSMUSG00000058084",0.15440512640842,-1.72502604588146,3.06715443518544,-0.5624190376893,0.573830551167177,0.876098704580508
"ENSMUSG00000058101",0.274642048583684,-1.72502604588146,3.06715443518544,-0.5624190376893,0.573830551167177,0.876098704580508
"ENSMUSG00000058147",0.54186902099134,-2.85867597980791,3.04992777739236,-0.93729300772231,0.348607858714355,0.876098704580508
"ENSMUSG00000058153",0.00229185743526429,-1.2403951309386,3.06913803904289,-0.404150975016235,0.686101702046202,0.876098704580508
"ENSMUSG00000058248",0.000118544350099877,-1.28278556126495,3.06913876610999,-0.417962711699356,0.675974380323377,0.876098704580508
"ENSMUSG00000058354",2.47048202253472,-4.66364020938154,2.99964979750409,-1.55472822636229,0.120010809178471,0.876098704580508
"ENSMUSG00000058430",3.95147833666257e-05,-1.28437469997752,3.06913879378388,-0.418480487939758,0.675595849628591,0.876098704580508
"ENSMUSG00000058447",0.463215379225261,-2.67598741681572,3.05321667632186,-0.876448578827828,0.38078621906369,0.876098704580508
"ENSMUSG00000058515",0.30881025281684,-2.25679853636401,3.05984996089455,-0.737552025493509,0.460786717503522,0.876098704580508
"ENSMUSG00000058628",3.95147833666257e-05,-1.28437469997752,3.06913879378388,-0.418480487939758,0.675595849628591,0.876098704580508
"ENSMUSG00000058869",0.30881025281684,-1.72502604588146,3.06715443518544,-0.5624190376893,0.573830551167177,0.876098704580508
"ENSMUSG00000058873",0.000395147833666257,-1.27725094473747,3.06913866996552,-0.416159412162312,0.677293357584023,0.876098704580508
"ENSMUSG00000058925",0.30881025281684,-1.72502604588146,3.06715443518544,-0.5624190376893,0.573830551167177,0.876098704580508
"ENSMUSG00000059031",0.197276672197601,-2.10120506970855,3.06209288870195,-0.686198997248339,0.49258763003571,0.876098704580508
"ENSMUSG00000059043",0.823926145751051,-2.88219348658732,3.04953088018298,-0.945126840759975,0.344594123762453,0.876098704580508
"ENSMUSG00000059134",0.15440512640842,-1.72502604588146,3.06715443518544,-0.5624190376893,0.573830551167177,0.876098704580508
"ENSMUSG00000059159",0.772025632042101,-3.14257213440453,3.04482901604335,-1.03210134882654,0.302024642057369,0.876098704580508
"ENSMUSG00000059203",7.90295667332514e-05,-1.28357969332704,3.06913877993551,-0.418221457341208,0.675785208891514,0.876098704580508
"ENSMUSG00000059319",0.0986383360988006,-1.72502604588146,3.06715443518544,-0.5624190376893,0.573830551167177,0.876098704580508
"ENSMUSG00000059361",0.00102738436753227,-1.26475721695324,3.06913845428184,-0.412088680844211,0.680274424854096,0.876098704580508
"ENSMUSG00000059397",0.000395147833666257,-1.27725094473747,3.06913866996552,-0.416159412162312,0.677293357584023,0.876098704580508
"ENSMUSG00000059504",0.0774098601416201,-1.67784611285302,3.06756075417554,-0.546964264870432,0.584403283013636,0.876098704580508
"ENSMUSG00000059585",0.23222958042486,-2.21608993519735,3.06041680539324,-0.724113764926409,0.468995894596022,0.876098704580508
"ENSMUSG00000059610",0.228399399337433,-1.72502604588146,3.06715443518544,-0.5624190376893,0.573830551167177,0.876098704580508
"ENSMUSG00000059626",0.617620505633681,-2.25679853636401,3.05984996089455,-0.737552025493509,0.460786717503522,0.876098704580508
"ENSMUSG00000059631",3.95147833666257e-05,-1.28437469997752,3.06913879378388,-0.418480487939758,0.675595849628591,0.876098704580508
"ENSMUSG00000059654",7.90295667332514e-05,-1.28357969332704,3.06913877993551,-0.418221457341208,0.675785208891514,0.876098704580508
"ENSMUSG00000059816",0.000237088700199754,-1.28040839102891,3.06913872476985,-0.417188177482894,0.676540771995111,0.876098704580508
"ENSMUSG00000059830",7.90295667332514e-05,-1.28357969332704,3.06913877993551,-0.418221457341208,0.675785208891514,0.876098704580508
"ENSMUSG00000059898",0.15440512640842,-1.72502604588146,3.06715443518544,-0.5624190376893,0.573830551167177,0.876098704580508
"ENSMUSG00000059991",0.617620505633681,-2.25679853636401,3.05984996089455,-0.737552025493509,0.460786717503522,0.876098704580508
"ENSMUSG00000060096",1.37321024291842,-3.80994266964429,3.02254233689052,-1.26050928158836,0.207485701758826,0.876098704580508
"ENSMUSG00000060112",0.15481972028324,-1.97647658497433,3.06404624092385,-0.645054424628525,0.518891917027491,0.876098704580508
"ENSMUSG00000060205",0.15440512640842,-1.72502604588146,3.06715443518544,-0.5624190376893,0.573830551167177,0.876098704580508
"ENSMUSG00000060311",7.90295667332514e-05,-1.28357969332704,3.06913877993551,-0.418221457341208,0.675785208891514,0.876098704580508
"ENSMUSG00000060827",0.197276672197601,-2.10120506970855,3.06209288870195,-0.686198997248339,0.49258763003571,0.876098704580508
"ENSMUSG00000060988",0.00027660348356638,-1.2796177357824,3.06913871103506,-0.416930564650449,0.676729196457013,0.876098704580508
"ENSMUSG00000061259",0.30881025281684,-1.72502604588146,3.06715443518544,-0.5624190376893,0.573830551167177,0.876098704580508
"ENSMUSG00000061311",0.3870493007081,-2.57552507686479,3.05518949999086,-0.843000107480239,0.399228383683329,0.876098704580508
"ENSMUSG00000061615",2.19713638866947,-4.50167328237019,3.00304597389724,-1.49903575286531,0.133864357159968,0.876098704580508
"ENSMUSG00000061619",2.74642048583684,-4.82821097260504,2.99656012438275,-1.6112511587264,0.107124991408786,0.876098704580508
"ENSMUSG00000061637",0.15440512640842,-1.72502604588146,3.06715443518544,-0.5624190376893,0.573830551167177,0.876098704580508
"ENSMUSG00000061701",0.15440512640842,-1.72502604588146,3.06715443518544,-0.5624190376893,0.573830551167177,0.876098704580508
"ENSMUSG00000061802",0.274642048583684,-1.72502604588146,3.06715443518544,-0.5624190376893,0.573830551167177,0.876098704580508
"ENSMUSG00000062142",0.15440512640842,-1.72502604588146,3.06715443518544,-0.5624190376893,0.573830551167177,0.876098704580508
"ENSMUSG00000062162",0.228399399337433,-1.72502604588146,3.06715443518544,-0.5624190376893,0.573830551167177,0.876098704580508
"ENSMUSG00000062186",0.15440512640842,-1.72502604588146,3.06715443518544,-0.5624190376893,0.573830551167177,0.876098704580508
"ENSMUSG00000062252",0.000395147833666257,-1.27725094473747,3.06913866996552,-0.416159412162312,0.677293357584023,0.876098704580508
"ENSMUSG00000062393",0.000671751317232637,-1.27175856871947,3.06913857491864,-0.414369875349529,0.678603247365391,0.876098704580508
"ENSMUSG00000062497",0.15440512640842,-1.72502604588146,3.06715443518544,-0.5624190376893,0.573830551167177,0.876098704580508
"ENSMUSG00000062511",0.0986383360988006,-1.72502604588146,3.06715443518544,-0.5624190376893,0.573830551167177,0.876098704580508
"ENSMUSG00000062638",0.823926145751051,-2.88219348658732,3.04953088018298,-0.945126840759975,0.344594123762453,0.876098704580508
"ENSMUSG00000062782",0.197276672197601,-2.10120506970855,3.06209288870195,-0.686198997248339,0.49258763003571,0.876098704580508
"ENSMUSG00000062859",0.15440512640842,-1.72502604588146,3.06715443518544,-0.5624190376893,0.573830551167177,0.876098704580508
"ENSMUSG00000062987",0.228399399337433,-1.72502604588146,3.06715443518544,-0.5624190376893,0.573830551167177,0.876098704580508
"ENSMUSG00000063129",3.95147833666257e-05,-1.28437469997752,3.06913879378388,-0.418480487939758,0.675595849628591,0.876098704580508
"ENSMUSG00000063260",7.90295667332514e-05,-1.28357969332704,3.06913877993551,-0.418221457341208,0.675785208891514,0.876098704580508
"ENSMUSG00000063689",0.0986383360988006,-1.72502604588146,3.06715443518544,-0.5624190376893,0.573830551167177,0.876098704580508
"ENSMUSG00000063715",0.274642048583684,-1.72502604588146,3.06715443518544,-0.5624190376893,0.573830551167177,0.876098704580508
"ENSMUSG00000063777",0.274642048583684,-1.72502604588146,3.06715443518544,-0.5624190376893,0.573830551167177,0.876098704580508
"ENSMUSG00000063779",1.5440512640842,-3.96773747015156,3.01726877725869,-1.3150096206399,0.188506669184869,0.876098704580508
"ENSMUSG00000063851",3.95147833666257e-05,-1.28437469997752,3.06913879378388,-0.418480487939758,0.675595849628591,0.876098704580508
"ENSMUSG00000063881",0.30881025281684,-2.25679853636401,3.05984996089455,-0.737552025493509,0.460786717503522,0.876098704580508
"ENSMUSG00000064006",0.15440512640842,-1.72502604588146,3.06715443518544,-0.5624190376893,0.573830551167177,0.876098704580508
"ENSMUSG00000064016",0.685198198012299,-2.88219348658732,3.04953088018298,-0.945126840759975,0.344594123762453,0.876098704580508
"ENSMUSG00000064252",0.000237088700199754,-1.28040839102891,3.06913872476985,-0.417188177482894,0.676540771995111,0.876098704580508
"ENSMUSG00000064293",0.30881025281684,-1.72502604588146,3.06715443518544,-0.5624190376893,0.573830551167177,0.876098704580508
"ENSMUSG00000064355",0.0986383360988006,-1.72502604588146,3.06715443518544,-0.5624190376893,0.573830551167177,0.876098704580508
"ENSMUSG00000064365",0.0774098601416201,-1.67784611285302,3.06756075417554,-0.546964264870432,0.584403283013636,0.876098704580508
"ENSMUSG00000064410",0.197276672197601,-2.10120506970855,3.06209288870195,-0.686198997248339,0.49258763003571,0.876098704580508
"ENSMUSG00000064472",0.228399399337433,-1.72502604588146,3.06715443518544,-0.5624190376893,0.573830551167177,0.876098704580508
"ENSMUSG00000064530",0.0986383360988006,-1.72502604588146,3.06715443518544,-0.5624190376893,0.573830551167177,0.876098704580508
"ENSMUSG00000064582",0.549284097167367,-2.25679853636401,3.05984996089455,-0.737552025493509,0.460786717503522,0.876098704580508
"ENSMUSG00000064797",0.685198198012299,-2.88219348658732,3.04953088018298,-0.945126840759975,0.344594123762453,0.876098704580508
"ENSMUSG00000064930",0.15481972028324,-1.97647658497433,3.06404624092385,-0.645054424628525,0.518891917027491,0.876098704580508
"ENSMUSG00000064956",0.0774098601416201,-1.67784611285302,3.06756075417554,-0.546964264870432,0.584403283013636,0.876098704580508
"ENSMUSG00000064966",0.30881025281684,-1.72502604588146,3.06715443518544,-0.5624190376893,0.573830551167177,0.876098704580508
"ENSMUSG00000065050",0.15440512640842,-1.72502604588146,3.06715443518544,-0.5624190376893,0.573830551167177,0.876098704580508
"ENSMUSG00000065198",0.456798798674866,-2.25679853636401,3.05984996089455,-0.737552025493509,0.460786717503522,0.876098704580508
"ENSMUSG00000065281",0.228399399337433,-1.72502604588146,3.06715443518544,-0.5624190376893,0.573830551167177,0.876098704580508
"ENSMUSG00000065298",0.228399399337433,-1.72502604588146,3.06715443518544,-0.5624190376893,0.573830551167177,0.876098704580508
"ENSMUSG00000065362",0.23222958042486,-2.21608993519735,3.06041680539324,-0.724113764926409,0.468995894596022,0.876098704580508
"ENSMUSG00000065380",3.95147833666257e-05,-1.28437469997752,3.06913879378388,-0.418480487939758,0.675595849628591,0.876098704580508
"ENSMUSG00000065388",0.549284097167367,-2.25679853636401,3.05984996089455,-0.737552025493509,0.460786717503522,0.876098704580508
"ENSMUSG00000065523",0.456798798674866,-2.25679853636401,3.05984996089455,-0.737552025493509,0.460786717503522,0.876098704580508
"ENSMUSG00000065546",7.90295667332514e-05,-1.28357969332704,3.06913877993551,-0.418221457341208,0.675785208891514,0.876098704580508
"ENSMUSG00000065680",0.30881025281684,-1.72502604588146,3.06715443518544,-0.5624190376893,0.573830551167177,0.876098704580508
"ENSMUSG00000065698",0.228399399337433,-1.72502604588146,3.06715443518544,-0.5624190376893,0.573830551167177,0.876098704580508
"ENSMUSG00000065708",0.0774098601416201,-1.67784611285302,3.06756075417554,-0.546964264870432,0.584403283013636,0.876098704580508
"ENSMUSG00000065752",0.15481972028324,-1.97647658497433,3.06404624092385,-0.645054424628525,0.518891917027491,0.876098704580508
"ENSMUSG00000065804",0.30881025281684,-1.72502604588146,3.06715443518544,-0.5624190376893,0.573830551167177,0.876098704580508
"ENSMUSG00000065862",0.274642048583684,-1.72502604588146,3.06715443518544,-0.5624190376893,0.573830551167177,0.876098704580508
"ENSMUSG00000065934",0.15440512640842,-1.72502604588146,3.06715443518544,-0.5624190376893,0.573830551167177,0.876098704580508
"ENSMUSG00000066007",0.0986383360988006,-1.72502604588146,3.06715443518544,-0.5624190376893,0.573830551167177,0.876098704580508
"ENSMUSG00000066058",1.5440512640842,-3.96773747015156,3.01726877725869,-1.3150096206399,0.188506669184869,0.876098704580508
"ENSMUSG00000066068",1.08083588485894,-3.52881551647054,3.03342460650673,-1.16331077057303,0.244703437332994,0.876098704580508
"ENSMUSG00000066176",3.95147833666257e-05,-1.28437469997752,3.06913879378388,-0.418480487939758,0.675595849628591,0.876098704580508
"ENSMUSG00000066189",0.000671751317232637,-1.27175856871947,3.06913857491864,-0.414369875349529,0.678603247365391,0.876098704580508
"ENSMUSG00000066364",0.0986383360988006,-1.72502604588146,3.06715443518544,-0.5624190376893,0.573830551167177,0.876098704580508
"ENSMUSG00000066510",3.95147833666257e-05,-1.28437469997752,3.06913879378388,-0.418480487939758,0.675595849628591,0.876098704580508
"ENSMUSG00000066652",0.000118544350099877,-1.28278556126495,3.06913876610999,-0.417962711699356,0.675974380323377,0.876098704580508
"ENSMUSG00000066671",0.15440512640842,-1.72502604588146,3.06715443518544,-0.5624190376893,0.573830551167177,0.876098704580508
"ENSMUSG00000066714",0.228399399337433,-1.72502604588146,3.06715443518544,-0.5624190376893,0.573830551167177,0.876098704580508
"ENSMUSG00000066749",3.95147833666257e-05,-1.28437469997752,3.06913879378388,-0.418480487939758,0.675595849628591,0.876098704580508
"ENSMUSG00000066755",0.274642048583684,-1.72502604588146,3.06715443518544,-0.5624190376893,0.573830551167177,0.876098704580508
"ENSMUSG00000066804",3.95147833666257e-05,-1.28437469997752,3.06913879378388,-0.418480487939758,0.675595849628591,0.876098704580508
"ENSMUSG00000066807",0.926430758450521,-2.88219348658732,3.04953088018298,-0.945126840759975,0.344594123762453,0.876098704580508
"ENSMUSG00000066850",0.274642048583684,-1.72502604588146,3.06715443518544,-0.5624190376893,0.573830551167177,0.876098704580508
"ENSMUSG00000066896",7.90295667332514e-05,-1.28357969332704,3.06913877993551,-0.418221457341208,0.675785208891514,0.876098704580508
"ENSMUSG00000066902",0.30881025281684,-2.25679853636401,3.05984996089455,-0.737552025493509,0.460786717503522,0.876098704580508
"ENSMUSG00000067064",0.456798798674866,-2.25679853636401,3.05984996089455,-0.737552025493509,0.460786717503522,0.876098704580508
"ENSMUSG00000067231",1.23524101126736,-3.63412723896647,3.02910877412275,-1.19973480979366,0.230242349311484,0.876098704580508
"ENSMUSG00000067545",0.228399399337433,-1.72502604588146,3.06715443518544,-0.5624190376893,0.573830551167177,0.876098704580508
"ENSMUSG00000067597",0.274642048583684,-1.72502604588146,3.06715443518544,-0.5624190376893,0.573830551167177,0.876098704580508
"ENSMUSG00000067615",0.274642048583684,-1.72502604588146,3.06715443518544,-0.5624190376893,0.573830551167177,0.876098704580508
"ENSMUSG00000067909",0.30881025281684,-2.25679853636401,3.05984996089455,-0.737552025493509,0.460786717503522,0.876098704580508
"ENSMUSG00000067919",0.685198198012299,-2.88219348658732,3.04953088018298,-0.945126840759975,0.344594123762453,0.876098704580508
"ENSMUSG00000067949",0.15440512640842,-1.72502604588146,3.06715443518544,-0.5624190376893,0.573830551167177,0.876098704580508
"ENSMUSG00000067973",0.197276672197601,-2.10120506970855,3.06209288870195,-0.686198997248339,0.49258763003571,0.876098704580508
"ENSMUSG00000068008",0.274642048583684,-1.72502604588146,3.06715443518544,-0.5624190376893,0.573830551167177,0.876098704580508
"ENSMUSG00000068122",0.3154882512058,-1.60148987921579,3.06715236512708,-0.522142263757228,0.601571281820809,0.876098704580508
"ENSMUSG00000068151",0.15440512640842,-1.72502604588146,3.06715443518544,-0.5624190376893,0.573830551167177,0.876098704580508
"ENSMUSG00000068373",3.5459209258595,-3.74391776271097,2.61169295756071,-1.43352140682255,0.151708885767215,0.876098704580508
"ENSMUSG00000068480",0.30963944056648,-2.40819674058621,3.05785988987547,-0.787543192727605,0.430963954181161,0.876098704580508
"ENSMUSG00000068487",0.274642048583684,-1.72502604588146,3.06715443518544,-0.5624190376893,0.573830551167177,0.876098704580508
"ENSMUSG00000068600",0.000316118266933005,-1.27882794439723,3.06913869732279,-0.416673233279665,0.676917435256799,0.876098704580508
"ENSMUSG00000068615",0.00142253220119852,-1.25705625915987,3.06913832226462,-0.409579538999836,0.682114408891727,0.876098704580508
"ENSMUSG00000068629",0.0774098601416201,-1.67784611285302,3.06756075417554,-0.546964264870432,0.584403283013636,0.876098704580508
"ENSMUSG00000068816",0.228399399337433,-1.72502604588146,3.06715443518544,-0.5624190376893,0.573830551167177,0.876098704580508
"ENSMUSG00000068885",0.0774098601416201,-1.67784611285302,3.06756075417554,-0.546964264870432,0.584403283013636,0.876098704580508
"ENSMUSG00000068887",0.926430758450521,-2.88219348658732,3.04953088018298,-0.945126840759975,0.344594123762453,0.876098704580508
"ENSMUSG00000068957",0.0774098601416201,-1.67784611285302,3.06756075417554,-0.546964264870432,0.584403283013636,0.876098704580508
"ENSMUSG00000069268",0.926430758450521,-2.88219348658732,3.04953088018298,-0.945126840759975,0.344594123762453,0.876098704580508
"ENSMUSG00000069280",0.15440512640842,-1.72502604588146,3.06715443518544,-0.5624190376893,0.573830551167177,0.876098704580508
"ENSMUSG00000069301",1.21920529723052,2.34071426289941,3.01278357534172,0.776927450765831,0.437201574595901,0.876098704580508
"ENSMUSG00000069303",0.456798798674866,1.05811850835487,3.04299414405773,0.347722821097482,0.728048356193429,0.876098704580508
"ENSMUSG00000069310",0.15481972028324,-1.97647658497433,3.06404624092385,-0.645054424628525,0.518891917027491,0.876098704580508
"ENSMUSG00000069867",0.274642048583684,-1.72502604588146,3.06715443518544,-0.5624190376893,0.573830551167177,0.876098704580508
"ENSMUSG00000069873",0.394553344395202,-2.57706962205662,3.05515824203595,-0.843514285642783,0.398940879583754,0.876098704580508
"ENSMUSG00000069925",0.274642048583684,-1.72502604588146,3.06715443518544,-0.5624190376893,0.573830551167177,0.876098704580508
"ENSMUSG00000070081",0.0774098601416201,-1.67784611285302,3.06756075417554,-0.546964264870432,0.584403283013636,0.876098704580508
"ENSMUSG00000070306",0.00055320696713276,-1.27410745639621,3.06913861552244,-0.415135194595742,0.678042936438296,0.876098704580508
"ENSMUSG00000070324",0.274642048583684,-1.72502604588146,3.06715443518544,-0.5624190376893,0.573830551167177,0.876098704580508
"ENSMUSG00000070498",0.231046889822997,-1.67354264687799,3.06715355063403,-0.545633799955022,0.585317685653802,0.876098704580508
"ENSMUSG00000070533",0.15481972028324,-1.97647658497433,3.06404624092385,-0.645054424628525,0.518891917027491,0.876098704580508
"ENSMUSG00000070546",0.274642048583684,-1.72502604588146,3.06715443518544,-0.5624190376893,0.573830551167177,0.876098704580508
"ENSMUSG00000070547",0.30881025281684,-1.72502604588146,3.06715443518544,-0.5624190376893,0.573830551167177,0.876098704580508
"ENSMUSG00000070609",0.30881025281684,-1.72502604588146,3.06715443518544,-0.5624190376893,0.573830551167177,0.876098704580508
"ENSMUSG00000070695",0.314895529455301,-1.61165854617458,3.06715252901111,-0.525457580257411,0.599265134674198,0.876098704580508
"ENSMUSG00000070815",0.0774098601416201,-1.67784611285302,3.06756075417554,-0.546964264870432,0.584403283013636,0.876098704580508
"ENSMUSG00000070844",0.15440512640842,-1.72502604588146,3.06715443518544,-0.5624190376893,0.573830551167177,0.876098704580508
"ENSMUSG00000070853",0.0986383360988006,-1.72502604588146,3.06715443518544,-0.5624190376893,0.573830551167177,0.876098704580508
"ENSMUSG00000070866",0.00027660348356638,-1.2796177357824,3.06913871103506,-0.416930564650449,0.676729196457013,0.876098704580508
"ENSMUSG00000070908",3.95147833666257e-05,-1.28437469997752,3.06913879378388,-0.418480487939758,0.675595849628591,0.876098704580508
"ENSMUSG00000070933",0.30881025281684,-1.72502604588146,3.06715443518544,-0.5624190376893,0.573830551167177,0.876098704580508
"ENSMUSG00000071019",3.39691278098524,-5.13129731540902,2.99169938966561,-1.71517811352783,0.0863125762856628,0.876098704580508
"ENSMUSG00000071033",0.823926145751051,-2.88219348658732,3.04953088018298,-0.945126840759975,0.344594123762453,0.876098704580508
"ENSMUSG00000071237",0.617620505633681,-2.25679853636401,3.05984996089455,-0.737552025493509,0.460786717503522,0.876098704580508
"ENSMUSG00000071414",0.000671751317232637,-1.27175856871947,3.06913857491864,-0.414369875349529,0.678603247365391,0.876098704580508
"ENSMUSG00000071640",0.823926145751051,-2.88219348658732,3.04953088018298,-0.945126840759975,0.344594123762453,0.876098704580508
"ENSMUSG00000071671",1.85286151690104,-4.23865132440863,3.00941678228771,-1.40846271256136,0.158994100677853,0.876098704580508
"ENSMUSG00000071937",0.15440512640842,-1.72502604588146,3.06715443518544,-0.5624190376893,0.573830551167177,0.876098704580508
"ENSMUSG00000072419",0.228399399337433,-1.72502604588146,3.06715443518544,-0.5624190376893,0.573830551167177,0.876098704580508
"ENSMUSG00000072574",0.000118544350099877,-1.28278556126495,3.06913876610999,-0.417962711699356,0.675974380323377,0.876098704580508
"ENSMUSG00000072624",0.000118544350099877,-1.28278556126495,3.06913876610999,-0.417962711699356,0.675974380323377,0.876098704580508
"ENSMUSG00000072677",0.0774098601416201,-1.67784611285302,3.06756075417554,-0.546964264870432,0.584403283013636,0.876098704580508
"ENSMUSG00000072852",0.30881025281684,-1.72502604588146,3.06715443518544,-0.5624190376893,0.573830551167177,0.876098704580508
"ENSMUSG00000072902",3.95147833666257e-05,-1.28437469997752,3.06913879378388,-0.418480487939758,0.675595849628591,0.876098704580508
"ENSMUSG00000072950",0.197276672197601,-2.10120506970855,3.06209288870195,-0.686198997248339,0.49258763003571,0.876098704580508
"ENSMUSG00000073010",0.549284097167367,-2.25679853636401,3.05984996089455,-0.737552025493509,0.460786717503522,0.876098704580508
"ENSMUSG00000073028",0.617620505633681,-2.93027761283838,3.04873731958201,-0.961144666028534,0.336479434017222,0.876098704580508
"ENSMUSG00000073119",7.90295667332514e-05,-1.28357969332704,3.06913877993551,-0.418221457341208,0.675785208891514,0.876098704580508
"ENSMUSG00000073145",0.15440512640842,-1.72502604588146,3.06715443518544,-0.5624190376893,0.573830551167177,0.876098704580508
"ENSMUSG00000073154",0.617620505633681,-2.25679853636401,3.05984996089455,-0.737552025493509,0.460786717503522,0.876098704580508
"ENSMUSG00000073209",7.90295667332514e-05,-1.28357969332704,3.06913877993551,-0.418221457341208,0.675785208891514,0.876098704580508
"ENSMUSG00000073294",0.274642048583684,-1.72502604588146,3.06715443518544,-0.5624190376893,0.573830551167177,0.876098704580508
"ENSMUSG00000073399",0.000237088700199754,-1.28040839102891,3.06913872476985,-0.417188177482894,0.676540771995111,0.876098704580508
"ENSMUSG00000073433",0.00126447306773202,-1.26012686684749,3.0691383748195,-0.410580010724216,0.681380523559033,0.876098704580508
"ENSMUSG00000073458",0.823926145751051,-2.88219348658732,3.04953088018298,-0.945126840759975,0.344594123762453,0.876098704580508
"ENSMUSG00000073551",0.274642048583684,-1.72502604588146,3.06715443518544,-0.5624190376893,0.573830551167177,0.876098704580508
"ENSMUSG00000073568",0.617620505633681,-2.93027761283838,3.04873731958201,-0.961144666028534,0.336479434017222,0.876098704580508
"ENSMUSG00000073573",3.95147833666257e-05,-1.28437469997752,3.06913879378388,-0.418480487939758,0.675595849628591,0.876098704580508
"ENSMUSG00000073602",3.39691278098524,-5.13129731540902,2.99169938966561,-1.71517811352783,0.0863125762856628,0.876098704580508
"ENSMUSG00000073679",0.23222958042486,-2.21608993519735,3.06041680539324,-0.724113764926409,0.468995894596022,0.876098704580508
"ENSMUSG00000073721",0.15440512640842,-1.72502604588146,3.06715443518544,-0.5624190376893,0.573830551167177,0.876098704580508
"ENSMUSG00000073730",0.30881025281684,-1.72502604588146,3.06715443518544,-0.5624190376893,0.573830551167177,0.876098704580508
"ENSMUSG00000073774",0.274642048583684,-1.72502604588146,3.06715443518544,-0.5624190376893,0.573830551167177,0.876098704580508
"ENSMUSG00000073778",0.617620505633681,-2.25679853636401,3.05984996089455,-0.737552025493509,0.460786717503522,0.876098704580508
"ENSMUSG00000073779",0.000158059133466503,-1.281992301629,3.06913875230725,-0.417704250309718,0.676163364361256,0.876098704580508
"ENSMUSG00000073821",0.30881025281684,-1.72502604588146,3.06715443518544,-0.5624190376893,0.573830551167177,0.876098704580508
"ENSMUSG00000073913",0.30881025281684,-1.72502604588146,3.06715443518544,-0.5624190376893,0.573830551167177,0.876098704580508
"ENSMUSG00000073998",3.95147833666257e-05,-1.28437469997752,3.06913879378388,-0.418480487939758,0.675595849628591,0.876098704580508
"ENSMUSG00000074061",3.95147833666257e-05,-1.28437469997752,3.06913879378388,-0.418480487939758,0.675595849628591,0.876098704580508
"ENSMUSG00000074113",0.15440512640842,-1.72502604588146,3.06715443518544,-0.5624190376893,0.573830551167177,0.876098704580508
"ENSMUSG00000074123",0.228399399337433,-1.72502604588146,3.06715443518544,-0.5624190376893,0.573830551167177,0.876098704580508
"ENSMUSG00000074127",0.000197573916833128,-1.28119991226544,3.06913873852723,-0.417446072470561,0.676352161440574,0.876098704580508
"ENSMUSG00000074155",1.23524101126736,-3.63412723896647,3.02910877412275,-1.19973480979366,0.230242349311484,0.876098704580508
"ENSMUSG00000074199",0.262565098751643,-1.20948348735647,3.06510832251754,-0.394597306226049,0.693140101866275,0.876098704580508
"ENSMUSG00000074291",0.0986383360988006,-1.72502604588146,3.06715443518544,-0.5624190376893,0.573830551167177,0.876098704580508
"ENSMUSG00000074346",0.617620505633681,-2.25679853636401,3.05984996089455,-0.737552025493509,0.460786717503522,0.876098704580508
"ENSMUSG00000074420",0.394553344395202,-2.57706962205662,3.05515824203595,-0.843514285642783,0.398940879583754,0.876098704580508
"ENSMUSG00000074555",0.0986383360988006,-1.72502604588146,3.06715443518544,-0.5624190376893,0.573830551167177,0.876098704580508
"ENSMUSG00000074569",0.228399399337433,-1.72502604588146,3.06715443518544,-0.5624190376893,0.573830551167177,0.876098704580508
"ENSMUSG00000074575",3.95147833666257e-05,-1.28437469997752,3.06913879378388,-0.418480487939758,0.675595849628591,0.876098704580508
"ENSMUSG00000074580",0.617620505633681,-2.25679853636401,3.05984996089455,-0.737552025493509,0.460786717503522,0.876098704580508
"ENSMUSG00000074625",4.01453328661892,-5.37570134372468,2.98844852799455,-1.79882681376886,0.0720460803941289,0.876098704580508
"ENSMUSG00000074653",1.23524101126736,-3.63412723896647,3.02910877412275,-1.19973480979366,0.230242349311484,0.876098704580508
"ENSMUSG00000074665",3.95147833666257e-05,-1.28437469997752,3.06913879378388,-0.418480487939758,0.675595849628591,0.876098704580508
"ENSMUSG00000074783",0.228399399337433,-1.72502604588146,3.06715443518544,-0.5624190376893,0.573830551167177,0.876098704580508
"ENSMUSG00000074881",0.617620505633681,-2.25679853636401,3.05984996089455,-0.737552025493509,0.460786717503522,0.876098704580508
"ENSMUSG00000074968",0.000118544350099877,-1.28278556126495,3.06913876610999,-0.417962711699356,0.675974380323377,0.876098704580508
"ENSMUSG00000075023",0.617620505633681,-2.25679853636401,3.05984996089455,-0.737552025493509,0.460786717503522,0.876098704580508
"ENSMUSG00000075064",0.274642048583684,-1.72502604588146,3.06715443518544,-0.5624190376893,0.573830551167177,0.876098704580508
"ENSMUSG00000075078",0.228399399337433,-1.72502604588146,3.06715443518544,-0.5624190376893,0.573830551167177,0.876098704580508
"ENSMUSG00000075113",0.274642048583684,-1.72502604588146,3.06715443518544,-0.5624190376893,0.573830551167177,0.876098704580508
"ENSMUSG00000075125",0.0986383360988006,-1.72502604588146,3.06715443518544,-0.5624190376893,0.573830551167177,0.876098704580508
"ENSMUSG00000075132",0.0986383360988006,-1.72502604588146,3.06715443518544,-0.5624190376893,0.573830551167177,0.876098704580508
"ENSMUSG00000075144",0.15481972028324,-1.97647658497433,3.06404624092385,-0.645054424628525,0.518891917027491,0.876098704580508
"ENSMUSG00000075161",0.15440512640842,-1.72502604588146,3.06715443518544,-0.5624190376893,0.573830551167177,0.876098704580508
"ENSMUSG00000075163",0.0986383360988006,-1.72502604588146,3.06715443518544,-0.5624190376893,0.573830551167177,0.876098704580508
"ENSMUSG00000075166",3.95147833666257e-05,-1.28437469997752,3.06913879378388,-0.418480487939758,0.675595849628591,0.876098704580508
"ENSMUSG00000075176",0.15440512640842,-1.72502604588146,3.06715443518544,-0.5624190376893,0.573830551167177,0.876098704580508
"ENSMUSG00000075286",0.617620505633681,-2.25679853636401,3.05984996089455,-0.737552025493509,0.460786717503522,0.876098704580508
"ENSMUSG00000075325",0.617620505633681,-2.25679853636401,3.05984996089455,-0.737552025493509,0.460786717503522,0.876098704580508
"ENSMUSG00000075330",0.617620505633681,-2.25679853636401,3.05984996089455,-0.737552025493509,0.460786717503522,0.876098704580508
"ENSMUSG00000075334",0.000118544350099877,-1.28278556126495,3.06913876610999,-0.417962711699356,0.675974380323377,0.876098704580508
"ENSMUSG00000075395",0.228399399337433,-1.72502604588146,3.06715443518544,-0.5624190376893,0.573830551167177,0.876098704580508
"ENSMUSG00000075478",0.000355633050299631,-1.27803901475298,3.06913868363296,-0.416416182679681,0.677105488823372,0.876098704580508
"ENSMUSG00000075524",0.274642048583684,-1.72502604588146,3.06715443518544,-0.5624190376893,0.573830551167177,0.876098704580508
"ENSMUSG00000075586",0.0774098601416201,-1.67784611285302,3.06756075417554,-0.546964264870432,0.584403283013636,0.876098704580508
"ENSMUSG00000075605",2.77929227535156,-4.83690734328542,2.99640625413319,-1.61423616594495,0.106476210144033,0.876098704580508
"ENSMUSG00000075609",1.69845639049262,-4.17197703046659,3.0112190014489,-1.38547778439867,0.16590642089711,0.876098704580508
"ENSMUSG00000075610",0.617620505633681,-2.25679853636401,3.05984996089455,-0.737552025493509,0.460786717503522,0.876098704580508
"ENSMUSG00000075829",0.15440512640842,-1.72502604588146,3.06715443518544,-0.5624190376893,0.573830551167177,0.876098704580508
"ENSMUSG00000076060",0.228399399337433,-1.72502604588146,3.06715443518544,-0.5624190376893,0.573830551167177,0.876098704580508
"ENSMUSG00000076144",0.549284097167367,-2.25679853636401,3.05984996089455,-0.737552025493509,0.460786717503522,0.876098704580508
"ENSMUSG00000076465",0.0774098601416201,-1.67784611285302,3.06756075417554,-0.546964264870432,0.584403283013636,0.876098704580508
"ENSMUSG00000076500",0.0774098601416201,-1.67784611285302,3.06756075417554,-0.546964264870432,0.584403283013636,0.876098704580508
"ENSMUSG00000076531",0.549284097167367,-2.25679853636401,3.05984996089455,-0.737552025493509,0.460786717503522,0.876098704580508
"ENSMUSG00000076533",0.197276672197601,-2.10120506970855,3.06209288870195,-0.686198997248339,0.49258763003571,0.876098704580508
"ENSMUSG00000076548",0.617620505633681,-2.25679853636401,3.05984996089455,-0.737552025493509,0.460786717503522,0.876098704580508
"ENSMUSG00000076747",0.0774098601416201,-1.67784611285302,3.06756075417554,-0.546964264870432,0.584403283013636,0.876098704580508
"ENSMUSG00000076750",0.197276672197601,-2.10120506970855,3.06209288870195,-0.686198997248339,0.49258763003571,0.876098704580508
"ENSMUSG00000076764",1.09856819433473,-3.48152640544173,3.03528348872783,-1.14701853002236,0.25137396265467,0.876098704580508
"ENSMUSG00000076831",0.228399399337433,-1.72502604588146,3.06715443518544,-0.5624190376893,0.573830551167177,0.876098704580508
"ENSMUSG00000076846",3.95147833666257e-05,-1.28437469997752,3.06913879378388,-0.418480487939758,0.675595849628591,0.876098704580508
"ENSMUSG00000076864",0.274642048583684,-1.72502604588146,3.06715443518544,-0.5624190376893,0.573830551167177,0.876098704580508
"ENSMUSG00000076901",0.0774098601416201,-1.67784611285302,3.06756075417554,-0.546964264870432,0.584403283013636,0.876098704580508
"ENSMUSG00000076903",0.549284097167367,-2.25679853636401,3.05984996089455,-0.737552025493509,0.460786717503522,0.876098704580508
"ENSMUSG00000076912",0.274642048583684,-1.72502604588146,3.06715443518544,-0.5624190376893,0.573830551167177,0.876098704580508
"ENSMUSG00000077360",0.0986383360988006,-1.72502604588146,3.06715443518544,-0.5624190376893,0.573830551167177,0.876098704580508
"ENSMUSG00000077470",3.95147833666257e-05,-1.28437469997752,3.06913879378388,-0.418480487939758,0.675595849628591,0.876098704580508
"ENSMUSG00000077563",1.04503311191187,2.11005013070561,3.01720608038513,0.699339082080953,0.484340148348017,0.876098704580508
"ENSMUSG00000077602",0.15481972028324,-1.97647658497433,3.06404624092385,-0.645054424628525,0.518891917027491,0.876098704580508
"ENSMUSG00000077611",0.30881025281684,-1.72502604588146,3.06715443518544,-0.5624190376893,0.573830551167177,0.876098704580508
"ENSMUSG00000077625",0.228399399337433,-1.72502604588146,3.06715443518544,-0.5624190376893,0.573830551167177,0.876098704580508
"ENSMUSG00000077652",0.549284097167367,-2.25679853636401,3.05984996089455,-0.737552025493509,0.460786717503522,0.876098704580508
"ENSMUSG00000077758",0.15440512640842,-1.72502604588146,3.06715443518544,-0.5624190376893,0.573830551167177,0.876098704580508
"ENSMUSG00000078117",7.90295667332514e-05,-1.28357969332704,3.06913877993551,-0.418221457341208,0.675785208891514,0.876098704580508
"ENSMUSG00000078129",0.30881025281684,-1.72502604588146,3.06715443518544,-0.5624190376893,0.573830551167177,0.876098704580508
"ENSMUSG00000078235",0.000908840017432391,-1.26708350362896,3.06913849430002,-0.412846636273396,0.67971898050291,0.876098704580508
"ENSMUSG00000078302",0.000237088700199754,-1.28040839102891,3.06913872476985,-0.417188177482894,0.676540771995111,0.876098704580508
"ENSMUSG00000078494",0.549284097167367,-2.25679853636401,3.05984996089455,-0.737552025493509,0.460786717503522,0.876098704580508
"ENSMUSG00000078531",0.274642048583684,-1.72502604588146,3.06715443518544,-0.5624190376893,0.573830551167177,0.876098704580508
"ENSMUSG00000078577",3.95147833666257e-05,-1.28437469997752,3.06913879378388,-0.418480487939758,0.675595849628591,0.876098704580508
"ENSMUSG00000078598",0.197276672197601,-2.10120506970855,3.06209288870195,-0.686198997248339,0.49258763003571,0.876098704580508
"ENSMUSG00000078601",0.274642048583684,-1.72502604588146,3.06715443518544,-0.5624190376893,0.573830551167177,0.876098704580508
"ENSMUSG00000078611",0.197276672197601,-2.10120506970855,3.06209288870195,-0.686198997248339,0.49258763003571,0.876098704580508
"ENSMUSG00000078722",0.000316118266933005,-1.27882794439723,3.06913869732279,-0.416673233279665,0.676917435256799,0.876098704580508
"ENSMUSG00000078787",0.274642048583684,-1.72502604588146,3.06715443518544,-0.5624190376893,0.573830551167177,0.876098704580508
"ENSMUSG00000078847",3.95147833666257e-05,-1.28437469997752,3.06913879378388,-0.418480487939758,0.675595849628591,0.876098704580508
"ENSMUSG00000079025",4.32334353943576,-5.48395400440415,2.98717315188434,-1.83583398938384,0.0663822128627225,0.876098704580508
"ENSMUSG00000079138",0.549284097167367,-2.25679853636401,3.05984996089455,-0.737552025493509,0.460786717503522,0.876098704580508
"ENSMUSG00000079140",0.549284097167367,-2.25679853636401,3.05984996089455,-0.737552025493509,0.460786717503522,0.876098704580508
"ENSMUSG00000079163",0.228399399337433,-1.72502604588146,3.06715443518544,-0.5624190376893,0.573830551167177,0.876098704580508
"ENSMUSG00000079247",0.30881025281684,-1.72502604588146,3.06715443518544,-0.5624190376893,0.573830551167177,0.876098704580508
"ENSMUSG00000079407",0.274642048583684,-1.72502604588146,3.06715443518544,-0.5624190376893,0.573830551167177,0.876098704580508
"ENSMUSG00000079451",1.23524101126736,-3.63412723896647,3.02910877412275,-1.19973480979366,0.230242349311484,0.876098704580508
"ENSMUSG00000079460",0.000118544350099877,-1.28278556126495,3.06913876610999,-0.417962711699356,0.675974380323377,0.876098704580508
"ENSMUSG00000079471",0.228399399337433,-1.72502604588146,3.06715443518544,-0.5624190376893,0.573830551167177,0.876098704580508
"ENSMUSG00000079539",1.23524101126736,-3.63412723896647,3.02910877412275,-1.19973480979366,0.230242349311484,0.876098704580508
"ENSMUSG00000079602",0.463215379225261,-2.67598741681572,3.05321667632186,-0.876448578827828,0.38078621906369,0.876098704580508
"ENSMUSG00000079636",0.617620505633681,-2.25679853636401,3.05984996089455,-0.737552025493509,0.460786717503522,0.876098704580508
"ENSMUSG00000080222",0.617620505633681,-2.25679853636401,3.05984996089455,-0.737552025493509,0.460786717503522,0.876098704580508
"ENSMUSG00000080374",0.274642048583684,-1.72502604588146,3.06715443518544,-0.5624190376893,0.573830551167177,0.876098704580508
"ENSMUSG00000080384",0.15481972028324,-1.97647658497433,3.06404624092385,-0.645054424628525,0.518891917027491,0.876098704580508
"ENSMUSG00000080440",0.0986383360988006,-1.72502604588146,3.06715443518544,-0.5624190376893,0.573830551167177,0.876098704580508
"ENSMUSG00000080610",0.0774098601416201,-1.67784611285302,3.06756075417554,-0.546964264870432,0.584403283013636,0.876098704580508
"ENSMUSG00000080705",0.274642048583684,-1.72502604588146,3.06715443518544,-0.5624190376893,0.573830551167177,0.876098704580508
"ENSMUSG00000080708",0.30881025281684,-1.72502604588146,3.06715443518544,-0.5624190376893,0.573830551167177,0.876098704580508
"ENSMUSG00000080782",0.30881025281684,-1.72502604588146,3.06715443518544,-0.5624190376893,0.573830551167177,0.876098704580508
"ENSMUSG00000080785",0.15440512640842,-1.72502604588146,3.06715443518544,-0.5624190376893,0.573830551167177,0.876098704580508
"ENSMUSG00000080806",0.274642048583684,-1.72502604588146,3.06715443518544,-0.5624190376893,0.573830551167177,0.876098704580508
"ENSMUSG00000080816",0.0986383360988006,-1.72502604588146,3.06715443518544,-0.5624190376893,0.573830551167177,0.876098704580508
"ENSMUSG00000080818",0.274642048583684,-1.72502604588146,3.06715443518544,-0.5624190376893,0.573830551167177,0.876098704580508
"ENSMUSG00000080825",3.95147833666257e-05,-1.28437469997752,3.06913879378388,-0.418480487939758,0.675595849628591,0.876098704580508
"ENSMUSG00000080845",0.549284097167367,-2.25679853636401,3.05984996089455,-0.737552025493509,0.460786717503522,0.876098704580508
"ENSMUSG00000080865",0.274642048583684,-1.72502604588146,3.06715443518544,-0.5624190376893,0.573830551167177,0.876098704580508
"ENSMUSG00000080941",0.456798798674866,1.05811850835487,3.04299414405773,0.347722821097482,0.728048356193429,0.876098704580508
"ENSMUSG00000081002",0.274642048583684,-1.72502604588146,3.06715443518544,-0.5624190376893,0.573830551167177,0.876098704580508
"ENSMUSG00000081023",3.95147833666257e-05,-1.28437469997752,3.06913879378388,-0.418480487939758,0.675595849628591,0.876098704580508
"ENSMUSG00000081024",0.69668874127458,1.49632728064361,3.0328205173751,0.493378118510844,0.621745440469826,0.876098704580508
"ENSMUSG00000081068",0.197276672197601,-2.10120506970855,3.06209288870195,-0.686198997248339,0.49258763003571,0.876098704580508
"ENSMUSG00000081081",0.274642048583684,-1.72502604588146,3.06715443518544,-0.5624190376893,0.573830551167177,0.876098704580508
"ENSMUSG00000081089",0.228399399337433,-1.72502604588146,3.06715443518544,-0.5624190376893,0.573830551167177,0.876098704580508
"ENSMUSG00000081125",0.0986383360988006,-1.72502604588146,3.06715443518544,-0.5624190376893,0.573830551167177,0.876098704580508
"ENSMUSG00000081128",0.000197573916833128,-1.28119991226544,3.06913873852723,-0.417446072470561,0.676352161440574,0.876098704580508
"ENSMUSG00000081130",0.15440512640842,-1.72502604588146,3.06715443518544,-0.5624190376893,0.573830551167177,0.876098704580508
"ENSMUSG00000081132",3.95147833666257e-05,-1.28437469997752,3.06913879378388,-0.418480487939758,0.675595849628591,0.876098704580508
"ENSMUSG00000081138",0.30881025281684,-1.72502604588146,3.06715443518544,-0.5624190376893,0.573830551167177,0.876098704580508
"ENSMUSG00000081139",0.0986383360988006,-1.72502604588146,3.06715443518544,-0.5624190376893,0.573830551167177,0.876098704580508
"ENSMUSG00000081145",0.228399399337433,-1.72502604588146,3.06715443518544,-0.5624190376893,0.573830551167177,0.876098704580508
"ENSMUSG00000081152",0.274642048583684,-1.72502604588146,3.06715443518544,-0.5624190376893,0.573830551167177,0.876098704580508
"ENSMUSG00000081222",3.95147833666257e-05,-1.28437469997752,3.06913879378388,-0.418480487939758,0.675595849628591,0.876098704580508
"ENSMUSG00000081225",7.90295667332514e-05,-1.28357969332704,3.06913877993551,-0.418221457341208,0.675785208891514,0.876098704580508
"ENSMUSG00000081263",0.0986383360988006,-1.72502604588146,3.06715443518544,-0.5624190376893,0.573830551167177,0.876098704580508
"ENSMUSG00000081275",0.274642048583684,-1.72502604588146,3.06715443518544,-0.5624190376893,0.573830551167177,0.876098704580508
"ENSMUSG00000081295",0.274642048583684,-1.72502604588146,3.06715443518544,-0.5624190376893,0.573830551167177,0.876098704580508
"ENSMUSG00000081297",0.15440512640842,-1.72502604588146,3.06715443518544,-0.5624190376893,0.573830551167177,0.876098704580508
"ENSMUSG00000081316",7.90295667332514e-05,-1.28357969332704,3.06913877993551,-0.418221457341208,0.675785208891514,0.876098704580508
"ENSMUSG00000081323",0.0774098601416201,-1.67784611285302,3.06756075417554,-0.546964264870432,0.584403283013636,0.876098704580508
"ENSMUSG00000081330",0.0986383360988006,-1.72502604588146,3.06715443518544,-0.5624190376893,0.573830551167177,0.876098704580508
"ENSMUSG00000081335",0.274642048583684,-1.72502604588146,3.06715443518544,-0.5624190376893,0.573830551167177,0.876098704580508
"ENSMUSG00000081343",0.30881025281684,-1.72502604588146,3.06715443518544,-0.5624190376893,0.573830551167177,0.876098704580508
"ENSMUSG00000081364",0.274642048583684,-1.72502604588146,3.06715443518544,-0.5624190376893,0.573830551167177,0.876098704580508
"ENSMUSG00000081372",0.274642048583684,-1.72502604588146,3.06715443518544,-0.5624190376893,0.573830551167177,0.876098704580508
"ENSMUSG00000081373",0.228399399337433,-1.72502604588146,3.06715443518544,-0.5624190376893,0.573830551167177,0.876098704580508
"ENSMUSG00000081376",0.0986383360988006,-1.72502604588146,3.06715443518544,-0.5624190376893,0.573830551167177,0.876098704580508
"ENSMUSG00000081389",0.0774098601416201,-1.67784611285302,3.06756075417554,-0.546964264870432,0.584403283013636,0.876098704580508
"ENSMUSG00000081405",0.463215379225261,-2.67598741681572,3.05321667632186,-0.876448578827828,0.38078621906369,0.876098704580508
"ENSMUSG00000081428",0.0986383360988006,-1.72502604588146,3.06715443518544,-0.5624190376893,0.573830551167177,0.876098704580508
"ENSMUSG00000081436",0.274642048583684,-1.72502604588146,3.06715443518544,-0.5624190376893,0.573830551167177,0.876098704580508
"ENSMUSG00000081460",0.0774098601416201,-1.67784611285302,3.06756075417554,-0.546964264870432,0.584403283013636,0.876098704580508
"ENSMUSG00000081492",0.228399399337433,-1.72502604588146,3.06715443518544,-0.5624190376893,0.573830551167177,0.876098704580508
"ENSMUSG00000081497",0.228399399337433,-1.72502604588146,3.06715443518544,-0.5624190376893,0.573830551167177,0.876098704580508
"ENSMUSG00000081539",0.228399399337433,-1.72502604588146,3.06715443518544,-0.5624190376893,0.573830551167177,0.876098704580508
"ENSMUSG00000081543",0.228399399337433,-1.72502604588146,3.06715443518544,-0.5624190376893,0.573830551167177,0.876098704580508
"ENSMUSG00000081544",0.0774098601416201,-1.67784611285302,3.06756075417554,-0.546964264870432,0.584403283013636,0.876098704580508
"ENSMUSG00000081605",0.0986383360988006,-1.72502604588146,3.06715443518544,-0.5624190376893,0.573830551167177,0.876098704580508
"ENSMUSG00000081636",0.197276672197601,-2.10120506970855,3.06209288870195,-0.686198997248339,0.49258763003571,0.876098704580508
"ENSMUSG00000081647",0.274642048583684,-1.72502604588146,3.06715443518544,-0.5624190376893,0.573830551167177,0.876098704580508
"ENSMUSG00000081656",0.685198198012299,-2.88219348658732,3.04953088018298,-0.945126840759975,0.344594123762453,0.876098704580508
"ENSMUSG00000081660",7.90295667332514e-05,-1.28357969332704,3.06913877993551,-0.418221457341208,0.675785208891514,0.876098704580508
"ENSMUSG00000081668",0.30881025281684,-1.72502604588146,3.06715443518544,-0.5624190376893,0.573830551167177,0.876098704580508
"ENSMUSG00000081680",0.518466040018293,1.14969661775828,3.04119525714764,0.378041039968143,0.705400106824679,0.876098704580508
"ENSMUSG00000081695",0.3870493007081,-2.57552507686479,3.05518949999086,-0.843000107480239,0.399228383683329,0.876098704580508
"ENSMUSG00000081705",0.274642048583684,-1.72502604588146,3.06715443518544,-0.5624190376893,0.573830551167177,0.876098704580508
"ENSMUSG00000081706",0.0774098601416201,-1.67784611285302,3.06756075417554,-0.546964264870432,0.584403283013636,0.876098704580508
"ENSMUSG00000081742",0.30881025281684,-1.72502604588146,3.06715443518544,-0.5624190376893,0.573830551167177,0.876098704580508
"ENSMUSG00000081747",0.0774098601416201,-1.67784611285302,3.06756075417554,-0.546964264870432,0.584403283013636,0.876098704580508
"ENSMUSG00000081757",0.15440512640842,-1.72502604588146,3.06715443518544,-0.5624190376893,0.573830551167177,0.876098704580508
"ENSMUSG00000081768",0.30881025281684,-1.72502604588146,3.06715443518544,-0.5624190376893,0.573830551167177,0.876098704580508
"ENSMUSG00000081783",0.274642048583684,-1.72502604588146,3.06715443518544,-0.5624190376893,0.573830551167177,0.876098704580508
"ENSMUSG00000081845",0.30881025281684,-1.72502604588146,3.06715443518544,-0.5624190376893,0.573830551167177,0.876098704580508
"ENSMUSG00000081849",3.95147833666257e-05,-1.28437469997752,3.06913879378388,-0.418480487939758,0.675595849628591,0.876098704580508
"ENSMUSG00000081852",0.30881025281684,-2.25679853636401,3.05984996089455,-0.737552025493509,0.460786717503522,0.876098704580508
"ENSMUSG00000081869",0.15440512640842,-1.72502604588146,3.06715443518544,-0.5624190376893,0.573830551167177,0.876098704580508
"ENSMUSG00000081883",0.00027660348356638,-1.2796177357824,3.06913871103506,-0.416930564650449,0.676729196457013,0.876098704580508
"ENSMUSG00000081896",0.274642048583684,-1.72502604588146,3.06715443518544,-0.5624190376893,0.573830551167177,0.876098704580508
"ENSMUSG00000081906",0.15440512640842,-1.72502604588146,3.06715443518544,-0.5624190376893,0.573830551167177,0.876098704580508
"ENSMUSG00000081924",7.90295667332514e-05,-1.28357969332704,3.06913877993551,-0.418221457341208,0.675785208891514,0.876098704580508
"ENSMUSG00000081943",0.0986383360988006,-1.72502604588146,3.06715443518544,-0.5624190376893,0.573830551167177,0.876098704580508
"ENSMUSG00000081945",0.228399399337433,-1.72502604588146,3.06715443518544,-0.5624190376893,0.573830551167177,0.876098704580508
"ENSMUSG00000081971",0.228399399337433,-1.72502604588146,3.06715443518544,-0.5624190376893,0.573830551167177,0.876098704580508
"ENSMUSG00000081996",0.274642048583684,-1.72502604588146,3.06715443518544,-0.5624190376893,0.573830551167177,0.876098704580508
"ENSMUSG00000082031",0.30881025281684,-1.72502604588146,3.06715443518544,-0.5624190376893,0.573830551167177,0.876098704580508
"ENSMUSG00000082066",0.274642048583684,-1.72502604588146,3.06715443518544,-0.5624190376893,0.573830551167177,0.876098704580508
"ENSMUSG00000082093",0.456798798674866,-2.25679853636401,3.05984996089455,-0.737552025493509,0.460786717503522,0.876098704580508
"ENSMUSG00000082113",0.15440512640842,-1.72502604588146,3.06715443518544,-0.5624190376893,0.573830551167177,0.876098704580508
"ENSMUSG00000082118",3.95147833666257e-05,-1.28437469997752,3.06913879378388,-0.418480487939758,0.675595849628591,0.876098704580508
"ENSMUSG00000082127",0.65570705061137,1.41464991925683,3.03540752180686,0.466049421401823,0.641180125648095,0.876098704580508
"ENSMUSG00000082164",0.0986383360988006,-1.72502604588146,3.06715443518544,-0.5624190376893,0.573830551167177,0.876098704580508
"ENSMUSG00000082185",0.549284097167367,-2.25679853636401,3.05984996089455,-0.737552025493509,0.460786717503522,0.876098704580508
"ENSMUSG00000082199",7.90295667332514e-05,-1.28357969332704,3.06913877993551,-0.418221457341208,0.675785208891514,0.876098704580508
"ENSMUSG00000082220",0.30881025281684,-1.72502604588146,3.06715443518544,-0.5624190376893,0.573830551167177,0.876098704580508
"ENSMUSG00000082234",7.90295667332514e-05,-1.28357969332704,3.06913877993551,-0.418221457341208,0.675785208891514,0.876098704580508
"ENSMUSG00000082244",0.15440512640842,-1.72502604588146,3.06715443518544,-0.5624190376893,0.573830551167177,0.876098704580508
"ENSMUSG00000082248",0.228399399337433,-1.72502604588146,3.06715443518544,-0.5624190376893,0.573830551167177,0.876098704580508
"ENSMUSG00000082276",0.197276672197601,-2.10120506970855,3.06209288870195,-0.686198997248339,0.49258763003571,0.876098704580508
"ENSMUSG00000082291",0.274642048583684,-1.72502604588146,3.06715443518544,-0.5624190376893,0.573830551167177,0.876098704580508
"ENSMUSG00000082301",3.95147833666257e-05,-1.28437469997752,3.06913879378388,-0.418480487939758,0.675595849628591,0.876098704580508
"ENSMUSG00000082320",0.549284097167367,-2.25679853636401,3.05984996089455,-0.737552025493509,0.460786717503522,0.876098704580508
"ENSMUSG00000082323",3.95147833666257e-05,-1.28437469997752,3.06913879378388,-0.418480487939758,0.675595849628591,0.876098704580508
"ENSMUSG00000082343",0.30881025281684,-2.25679853636401,3.05984996089455,-0.737552025493509,0.460786717503522,0.876098704580508
"ENSMUSG00000082350",3.95147833666257e-05,-1.28437469997752,3.06913879378388,-0.418480487939758,0.675595849628591,0.876098704580508
"ENSMUSG00000082381",1.6478522915021,-4.0790158007424,3.0138702353234,-1.35341454085687,0.175923234670213,0.876098704580508
"ENSMUSG00000082382",0.617620505633681,-2.25679853636401,3.05984996089455,-0.737552025493509,0.460786717503522,0.876098704580508
"ENSMUSG00000082404",0.30881025281684,-1.72502604588146,3.06715443518544,-0.5624190376893,0.573830551167177,0.876098704580508
"ENSMUSG00000082413",0.228399399337433,-1.72502604588146,3.06715443518544,-0.5624190376893,0.573830551167177,0.876098704580508
"ENSMUSG00000082457",0.274642048583684,-1.72502604588146,3.06715443518544,-0.5624190376893,0.573830551167177,0.876098704580508
"ENSMUSG00000082488",0.926430758450521,-2.88219348658732,3.04953088018298,-0.945126840759975,0.344594123762453,0.876098704580508
"ENSMUSG00000082499",0.30881025281684,-2.25679853636401,3.05984996089455,-0.737552025493509,0.460786717503522,0.876098704580508
"ENSMUSG00000082508",0.274642048583684,-1.72502604588146,3.06715443518544,-0.5624190376893,0.573830551167177,0.876098704580508
"ENSMUSG00000082542",3.95147833666257e-05,-1.28437469997752,3.06913879378388,-0.418480487939758,0.675595849628591,0.876098704580508
"ENSMUSG00000082551",0.000158059133466503,-1.281992301629,3.06913875230725,-0.417704250309718,0.676163364361256,0.876098704580508
"ENSMUSG00000082598",0.0986383360988006,-1.72502604588146,3.06715443518544,-0.5624190376893,0.573830551167177,0.876098704580508
"ENSMUSG00000082601",0.0986383360988006,-1.72502604588146,3.06715443518544,-0.5624190376893,0.573830551167177,0.876098704580508
"ENSMUSG00000082626",0.456798798674866,-2.25679853636401,3.05984996089455,-0.737552025493509,0.460786717503522,0.876098704580508
"ENSMUSG00000082633",0.23222958042486,-2.21608993519735,3.06041680539324,-0.724113764926409,0.468995894596022,0.876098704580508
"ENSMUSG00000082649",3.95147833666257e-05,-1.28437469997752,3.06913879378388,-0.418480487939758,0.675595849628591,0.876098704580508
"ENSMUSG00000082684",0.394553344395202,-2.57706962205662,3.05515824203595,-0.843514285642783,0.398940879583754,0.876098704580508
"ENSMUSG00000082711",0.228399399337433,-1.72502604588146,3.06715443518544,-0.5624190376893,0.573830551167177,0.876098704580508
"ENSMUSG00000082726",3.95147833666257e-05,-1.28437469997752,3.06913879378388,-0.418480487939758,0.675595849628591,0.876098704580508
"ENSMUSG00000082727",0.228399399337433,-1.72502604588146,3.06715443518544,-0.5624190376893,0.573830551167177,0.876098704580508
"ENSMUSG00000082740",0.000118544350099877,-1.28278556126495,3.06913876610999,-0.417962711699356,0.675974380323377,0.876098704580508
"ENSMUSG00000082758",3.95147833666257e-05,-1.28437469997752,3.06913879378388,-0.418480487939758,0.675595849628591,0.876098704580508
"ENSMUSG00000082766",0.274642048583684,-1.72502604588146,3.06715443518544,-0.5624190376893,0.573830551167177,0.876098704580508
"ENSMUSG00000082768",0.463215379225261,-2.67598741681572,3.05321667632186,-0.876448578827828,0.38078621906369,0.876098704580508
"ENSMUSG00000082782",0.30881025281684,-1.72502604588146,3.06715443518544,-0.5624190376893,0.573830551167177,0.876098704580508
"ENSMUSG00000082789",0.274642048583684,-1.72502604588146,3.06715443518544,-0.5624190376893,0.573830551167177,0.876098704580508
"ENSMUSG00000082815",0.30881025281684,-1.72502604588146,3.06715443518544,-0.5624190376893,0.573830551167177,0.876098704580508
"ENSMUSG00000082859",0.30881025281684,-2.25679853636401,3.05984996089455,-0.737552025493509,0.460786717503522,0.876098704580508
"ENSMUSG00000082860",0.15440512640842,-1.72502604588146,3.06715443518544,-0.5624190376893,0.573830551167177,0.876098704580508
"ENSMUSG00000082865",0.228399399337433,-1.72502604588146,3.06715443518544,-0.5624190376893,0.573830551167177,0.876098704580508
"ENSMUSG00000082870",0.228399399337433,-1.72502604588146,3.06715443518544,-0.5624190376893,0.573830551167177,0.876098704580508
"ENSMUSG00000082874",0.549284097167367,-2.25679853636401,3.05984996089455,-0.737552025493509,0.460786717503522,0.876098704580508
"ENSMUSG00000082879",0.274642048583684,-1.72502604588146,3.06715443518544,-0.5624190376893,0.573830551167177,0.876098704580508
"ENSMUSG00000082892",0.0774098601416201,-1.67784611285302,3.06756075417554,-0.546964264870432,0.584403283013636,0.876098704580508
"ENSMUSG00000082924",0.274642048583684,-1.72502604588146,3.06715443518544,-0.5624190376893,0.573830551167177,0.876098704580508
"ENSMUSG00000082971",0.0774098601416201,-1.67784611285302,3.06756075417554,-0.546964264870432,0.584403283013636,0.876098704580508
"ENSMUSG00000082976",0.0774098601416201,-1.67784611285302,3.06756075417554,-0.546964264870432,0.584403283013636,0.876098704580508
"ENSMUSG00000083017",0.0774098601416201,-1.67784611285302,3.06756075417554,-0.546964264870432,0.584403283013636,0.876098704580508
"ENSMUSG00000083041",0.648082550022866,1.43407606286565,3.03477986696275,0.472546980582448,0.636536416321681,0.876098704580508
"ENSMUSG00000083052",0.15440512640842,-1.72502604588146,3.06715443518544,-0.5624190376893,0.573830551167177,0.876098704580508
"ENSMUSG00000083068",0.549284097167367,-2.25679853636401,3.05984996089455,-0.737552025493509,0.460786717503522,0.876098704580508
"ENSMUSG00000083084",0.0774098601416201,-1.67784611285302,3.06756075417554,-0.546964264870432,0.584403283013636,0.876098704580508
"ENSMUSG00000083093",0.274642048583684,-1.72502604588146,3.06715443518544,-0.5624190376893,0.573830551167177,0.876098704580508
"ENSMUSG00000083106",0.0986383360988006,-1.72502604588146,3.06715443518544,-0.5624190376893,0.573830551167177,0.876098704580508
"ENSMUSG00000083116",0.30881025281684,-1.72502604588146,3.06715443518544,-0.5624190376893,0.573830551167177,0.876098704580508
"ENSMUSG00000083122",0.30881025281684,-1.72502604588146,3.06715443518544,-0.5624190376893,0.573830551167177,0.876098704580508
"ENSMUSG00000083151",0.23222958042486,-2.21608993519735,3.06041680539324,-0.724113764926409,0.468995894596022,0.876098704580508
"ENSMUSG00000083159",0.0986383360988006,-1.72502604588146,3.06715443518544,-0.5624190376893,0.573830551167177,0.876098704580508
"ENSMUSG00000083168",0.0986383360988006,-1.72502604588146,3.06715443518544,-0.5624190376893,0.573830551167177,0.876098704580508
"ENSMUSG00000083177",0.295915008296402,-2.36313470922624,3.05843324320251,-0.772661857007471,0.439722525956278,0.876098704580508
"ENSMUSG00000083180",3.95147833666257e-05,-1.28437469997752,3.06913879378388,-0.418480487939758,0.675595849628591,0.876098704580508
"ENSMUSG00000083183",0.197276672197601,-2.10120506970855,3.06209288870195,-0.686198997248339,0.49258763003571,0.876098704580508
"ENSMUSG00000083220",2.19713638866947,-4.50167328237019,3.00304597389724,-1.49903575286531,0.133864357159968,0.876098704580508
"ENSMUSG00000083223",0.456798798674866,-2.25679853636401,3.05984996089455,-0.737552025493509,0.460786717503522,0.876098704580508
"ENSMUSG00000083224",0.30881025281684,-1.72502604588146,3.06715443518544,-0.5624190376893,0.573830551167177,0.876098704580508
"ENSMUSG00000083228",0.823926145751051,-2.88219348658732,3.04953088018298,-0.945126840759975,0.344594123762453,0.876098704580508
"ENSMUSG00000083274",3.95147833666257e-05,-1.28437469997752,3.06913879378388,-0.418480487939758,0.675595849628591,0.876098704580508
"ENSMUSG00000083280",0.15440512640842,-1.72502604588146,3.06715443518544,-0.5624190376893,0.573830551167177,0.876098704580508
"ENSMUSG00000083294",0.000434662617032883,-1.2764637322467,3.06913865632041,-0.415902921042041,0.677481041964446,0.876098704580508
"ENSMUSG00000083331",3.95147833666257e-05,-1.28437469997752,3.06913879378388,-0.418480487939758,0.675595849628591,0.876098704580508
"ENSMUSG00000083377",0.274642048583684,-1.72502604588146,3.06715443518544,-0.5624190376893,0.573830551167177,0.876098704580508
"ENSMUSG00000083388",0.274642048583684,-1.72502604588146,3.06715443518544,-0.5624190376893,0.573830551167177,0.876098704580508
"ENSMUSG00000083390",0.274642048583684,-1.72502604588146,3.06715443518544,-0.5624190376893,0.573830551167177,0.876098704580508
"ENSMUSG00000083399",0.228399399337433,-1.72502604588146,3.06715443518544,-0.5624190376893,0.573830551167177,0.876098704580508
"ENSMUSG00000083404",0.549284097167367,-2.25679853636401,3.05984996089455,-0.737552025493509,0.460786717503522,0.876098704580508
"ENSMUSG00000083435",0.30881025281684,-1.72502604588146,3.06715443518544,-0.5624190376893,0.573830551167177,0.876098704580508
"ENSMUSG00000083449",0.15440512640842,-1.72502604588146,3.06715443518544,-0.5624190376893,0.573830551167177,0.876098704580508
"ENSMUSG00000083507",0.0774098601416201,-1.67784611285302,3.06756075417554,-0.546964264870432,0.584403283013636,0.876098704580508
"ENSMUSG00000083528",0.0986383360988006,-1.72502604588146,3.06715443518544,-0.5624190376893,0.573830551167177,0.876098704580508
"ENSMUSG00000083577",0.000158059133466503,-1.281992301629,3.06913875230725,-0.417704250309718,0.676163364361256,0.876098704580508
"ENSMUSG00000083580",0.0986383360988006,-1.72502604588146,3.06715443518544,-0.5624190376893,0.573830551167177,0.876098704580508
"ENSMUSG00000083622",0.228399399337433,-1.72502604588146,3.06715443518544,-0.5624190376893,0.573830551167177,0.876098704580508
"ENSMUSG00000083676",0.30881025281684,-1.72502604588146,3.06715443518544,-0.5624190376893,0.573830551167177,0.876098704580508
"ENSMUSG00000083679",0.30881025281684,-1.72502604588146,3.06715443518544,-0.5624190376893,0.573830551167177,0.876098704580508
"ENSMUSG00000083689",0.15440512640842,-1.72502604588146,3.06715443518544,-0.5624190376893,0.573830551167177,0.876098704580508
"ENSMUSG00000083720",0.000118544350099877,-1.28278556126495,3.06913876610999,-0.417962711699356,0.675974380323377,0.876098704580508
"ENSMUSG00000083721",0.30881025281684,-1.72502604588146,3.06715443518544,-0.5624190376893,0.573830551167177,0.876098704580508
"ENSMUSG00000083723",0.15440512640842,-1.72502604588146,3.06715443518544,-0.5624190376893,0.573830551167177,0.876098704580508
"ENSMUSG00000083725",1.09856819433473,-3.48152640544173,3.03528348872783,-1.14701853002236,0.25137396265467,0.876098704580508
"ENSMUSG00000083738",0.000948354800799016,-1.26630724638573,3.06913848093921,-0.412593714571727,0.679904307095649,0.876098704580508
"ENSMUSG00000083748",0.0774098601416201,-1.67784611285302,3.06756075417554,-0.546964264870432,0.584403283013636,0.876098704580508
"ENSMUSG00000083760",0.15440512640842,-1.72502604588146,3.06715443518544,-0.5624190376893,0.573830551167177,0.876098704580508
"ENSMUSG00000083761",1.5440512640842,-3.96773747015156,3.01726877725869,-1.3150096206399,0.188506669184869,0.876098704580508
"ENSMUSG00000083772",0.617620505633681,-2.93027761283838,3.04873731958201,-0.961144666028534,0.336479434017222,0.876098704580508
"ENSMUSG00000083789",0.15440512640842,-1.72502604588146,3.06715443518544,-0.5624190376893,0.573830551167177,0.876098704580508
"ENSMUSG00000083812",0.0986383360988006,-1.72502604588146,3.06715443518544,-0.5624190376893,0.573830551167177,0.876098704580508
"ENSMUSG00000083831",0.228399399337433,-1.72502604588146,3.06715443518544,-0.5624190376893,0.573830551167177,0.876098704580508
"ENSMUSG00000083846",0.913597597349733,-3.27870514164279,3.04183935423281,-1.07786926258297,0.281092104302613,0.876098704580508
"ENSMUSG00000083851",0.0774098601416201,-1.67784611285302,3.06756075417554,-0.546964264870432,0.584403283013636,0.876098704580508
"ENSMUSG00000083852",0.274642048583684,-1.72502604588146,3.06715443518544,-0.5624190376893,0.573830551167177,0.876098704580508
"ENSMUSG00000083857",0.274642048583684,-1.72502604588146,3.06715443518544,-0.5624190376893,0.573830551167177,0.876098704580508
"ENSMUSG00000083866",0.274642048583684,-1.72502604588146,3.06715443518544,-0.5624190376893,0.573830551167177,0.876098704580508
"ENSMUSG00000083870",0.228399399337433,-1.72502604588146,3.06715443518544,-0.5624190376893,0.573830551167177,0.876098704580508
"ENSMUSG00000083893",0.15481972028324,-1.97647658497433,3.06404624092385,-0.645054424628525,0.518891917027491,0.876098704580508
"ENSMUSG00000083894",0.228399399337433,-1.72502604588146,3.06715443518544,-0.5624190376893,0.573830551167177,0.876098704580508
"ENSMUSG00000083928",0.30881025281684,-1.72502604588146,3.06715443518544,-0.5624190376893,0.573830551167177,0.876098704580508
"ENSMUSG00000083930",0.0986383360988006,-1.72502604588146,3.06715443518544,-0.5624190376893,0.573830551167177,0.876098704580508
"ENSMUSG00000083933",0.0986383360988006,-1.72502604588146,3.06715443518544,-0.5624190376893,0.573830551167177,0.876098704580508
"ENSMUSG00000083937",0.274642048583684,-1.72502604588146,3.06715443518544,-0.5624190376893,0.573830551167177,0.876098704580508
"ENSMUSG00000083955",0.30881025281684,-1.72502604588146,3.06715443518544,-0.5624190376893,0.573830551167177,0.876098704580508
"ENSMUSG00000083988",0.274642048583684,-1.72502604588146,3.06715443518544,-0.5624190376893,0.573830551167177,0.876098704580508
"ENSMUSG00000083991",0.228399399337433,-1.72502604588146,3.06715443518544,-0.5624190376893,0.573830551167177,0.876098704580508
"ENSMUSG00000084015",0.0986383360988006,-1.72502604588146,3.06715443518544,-0.5624190376893,0.573830551167177,0.876098704580508
"ENSMUSG00000084020",3.95147833666257e-05,-1.28437469997752,3.06913879378388,-0.418480487939758,0.675595849628591,0.876098704580508
"ENSMUSG00000084058",0.0986383360988006,-1.72502604588146,3.06715443518544,-0.5624190376893,0.573830551167177,0.876098704580508
"ENSMUSG00000084089",0.0774098601416201,-1.67784611285302,3.06756075417554,-0.546964264870432,0.584403283013636,0.876098704580508
"ENSMUSG00000084104",0.274642048583684,-1.72502604588146,3.06715443518544,-0.5624190376893,0.573830551167177,0.876098704580508
"ENSMUSG00000084142",0.0774098601416201,-1.67784611285302,3.06756075417554,-0.546964264870432,0.584403283013636,0.876098704580508
"ENSMUSG00000084169",3.95147833666257e-05,-1.28437469997752,3.06913879378388,-0.418480487939758,0.675595849628591,0.876098704580508
"ENSMUSG00000084174",3.95147833666257e-05,-1.28437469997752,3.06913879378388,-0.418480487939758,0.675595849628591,0.876098704580508
"ENSMUSG00000084177",0.0986383360988006,-1.72502604588146,3.06715443518544,-0.5624190376893,0.573830551167177,0.876098704580508
"ENSMUSG00000084193",3.95147833666257e-05,-1.28437469997752,3.06913879378388,-0.418480487939758,0.675595849628591,0.876098704580508
"ENSMUSG00000084202",0.274642048583684,-1.72502604588146,3.06715443518544,-0.5624190376893,0.573830551167177,0.876098704580508
"ENSMUSG00000084212",0.0774098601416201,-1.67784611285302,3.06756075417554,-0.546964264870432,0.584403283013636,0.876098704580508
"ENSMUSG00000084243",0.274642048583684,-1.72502604588146,3.06715443518544,-0.5624190376893,0.573830551167177,0.876098704580508
"ENSMUSG00000084259",3.95147833666257e-05,-1.28437469997752,3.06913879378388,-0.418480487939758,0.675595849628591,0.876098704580508
"ENSMUSG00000084291",0.549284097167367,-2.25679853636401,3.05984996089455,-0.737552025493509,0.460786717503522,0.876098704580508
"ENSMUSG00000084330",0.274642048583684,-1.72502604588146,3.06715443518544,-0.5624190376893,0.573830551167177,0.876098704580508
"ENSMUSG00000084343",0.30881025281684,-1.72502604588146,3.06715443518544,-0.5624190376893,0.573830551167177,0.876098704580508
"ENSMUSG00000084369",0.15440512640842,-1.72502604588146,3.06715443518544,-0.5624190376893,0.573830551167177,0.876098704580508
"ENSMUSG00000084374",0.456798798674866,-2.25679853636401,3.05984996089455,-0.737552025493509,0.460786717503522,0.876098704580508
"ENSMUSG00000084404",0.228399399337433,-1.72502604588146,3.06715443518544,-0.5624190376893,0.573830551167177,0.876098704580508
"ENSMUSG00000084514",0.15440512640842,-1.72502604588146,3.06715443518544,-0.5624190376893,0.573830551167177,0.876098704580508
"ENSMUSG00000084592",0.228399399337433,-1.72502604588146,3.06715443518544,-0.5624190376893,0.573830551167177,0.876098704580508
"ENSMUSG00000084621",0.0774098601416201,-1.67784611285302,3.06756075417554,-0.546964264870432,0.584403283013636,0.876098704580508
"ENSMUSG00000084644",0.228399399337433,-1.72502604588146,3.06715443518544,-0.5624190376893,0.573830551167177,0.876098704580508
"ENSMUSG00000084667",0.549284097167367,-2.25679853636401,3.05984996089455,-0.737552025493509,0.460786717503522,0.876098704580508
"ENSMUSG00000084691",0.000237088700199754,-1.28040839102891,3.06913872476985,-0.417188177482894,0.676540771995111,0.876098704580508
"ENSMUSG00000084739",0.274642048583684,-1.72502604588146,3.06715443518544,-0.5624190376893,0.573830551167177,0.876098704580508
"ENSMUSG00000084768",0.15440512640842,-1.72502604588146,3.06715443518544,-0.5624190376893,0.573830551167177,0.876098704580508
"ENSMUSG00000084772",0.549284097167367,-2.25679853636401,3.05984996089455,-0.737552025493509,0.460786717503522,0.876098704580508
"ENSMUSG00000084773",0.30881025281684,-2.25679853636401,3.05984996089455,-0.737552025493509,0.460786717503522,0.876098704580508
"ENSMUSG00000084774",0.30881025281684,-2.25679853636401,3.05984996089455,-0.737552025493509,0.460786717503522,0.876098704580508
"ENSMUSG00000084783",0.197276672197601,-2.10120506970855,3.06209288870195,-0.686198997248339,0.49258763003571,0.876098704580508
"ENSMUSG00000084785",0.30881025281684,-2.25679853636401,3.05984996089455,-0.737552025493509,0.460786717503522,0.876098704580508
"ENSMUSG00000084850",3.95147833666257e-05,-1.28437469997752,3.06913879378388,-0.418480487939758,0.675595849628591,0.876098704580508
"ENSMUSG00000084890",0.197276672197601,-2.10120506970855,3.06209288870195,-0.686198997248339,0.49258763003571,0.876098704580508
"ENSMUSG00000084908",0.823926145751051,-2.88219348658732,3.04953088018298,-0.945126840759975,0.344594123762453,0.876098704580508
"ENSMUSG00000084920",0.549284097167367,-2.25679853636401,3.05984996089455,-0.737552025493509,0.460786717503522,0.876098704580508
"ENSMUSG00000084935",0.0986383360988006,-1.72502604588146,3.06715443518544,-0.5624190376893,0.573830551167177,0.876098704580508
"ENSMUSG00000084938",0.15440512640842,-1.72502604588146,3.06715443518544,-0.5624190376893,0.573830551167177,0.876098704580508
"ENSMUSG00000084942",7.90295667332514e-05,-1.28357969332704,3.06913877993551,-0.418221457341208,0.675785208891514,0.876098704580508
"ENSMUSG00000084945",0.549284097167367,-2.25679853636401,3.05984996089455,-0.737552025493509,0.460786717503522,0.876098704580508
"ENSMUSG00000084966",0.15440512640842,-1.72502604588146,3.06715443518544,-0.5624190376893,0.573830551167177,0.876098704580508
"ENSMUSG00000084978",0.274642048583684,-1.72502604588146,3.06715443518544,-0.5624190376893,0.573830551167177,0.876098704580508
"ENSMUSG00000084987",3.95147833666257e-05,-1.28437469997752,3.06913879378388,-0.418480487939758,0.675595849628591,0.876098704580508
"ENSMUSG00000084992",3.95147833666257e-05,-1.28437469997752,3.06913879378388,-0.418480487939758,0.675595849628591,0.876098704580508
"ENSMUSG00000085014",0.30881025281684,-1.72502604588146,3.06715443518544,-0.5624190376893,0.573830551167177,0.876098704580508
"ENSMUSG00000085017",0.228399399337433,-1.72502604588146,3.06715443518544,-0.5624190376893,0.573830551167177,0.876098704580508
"ENSMUSG00000085019",0.0774098601416201,-1.67784611285302,3.06756075417554,-0.546964264870432,0.584403283013636,0.876098704580508
"ENSMUSG00000085032",0.0986383360988006,-1.72502604588146,3.06715443518544,-0.5624190376893,0.573830551167177,0.876098704580508
"ENSMUSG00000085033",0.549284097167367,-2.25679853636401,3.05984996089455,-0.737552025493509,0.460786717503522,0.876098704580508
"ENSMUSG00000085035",0.0986383360988006,-1.72502604588146,3.06715443518544,-0.5624190376893,0.573830551167177,0.876098704580508
"ENSMUSG00000085049",0.617620505633681,-2.25679853636401,3.05984996089455,-0.737552025493509,0.460786717503522,0.876098704580508
"ENSMUSG00000085081",0.228399399337433,-1.72502604588146,3.06715443518544,-0.5624190376893,0.573830551167177,0.876098704580508
"ENSMUSG00000085083",0.274642048583684,-1.72502604588146,3.06715443518544,-0.5624190376893,0.573830551167177,0.876098704580508
"ENSMUSG00000085088",0.30881025281684,-1.72502604588146,3.06715443518544,-0.5624190376893,0.573830551167177,0.876098704580508
"ENSMUSG00000085089",0.00027660348356638,-1.2796177357824,3.06913871103506,-0.416930564650449,0.676729196457013,0.876098704580508
"ENSMUSG00000085106",0.0986383360988006,-1.72502604588146,3.06715443518544,-0.5624190376893,0.573830551167177,0.876098704580508
"ENSMUSG00000085109",0.617620505633681,-2.25679853636401,3.05984996089455,-0.737552025493509,0.460786717503522,0.876098704580508
"ENSMUSG00000085127",0.30881025281684,-1.72502604588146,3.06715443518544,-0.5624190376893,0.573830551167177,0.876098704580508
"ENSMUSG00000085135",0.549284097167367,-2.25679853636401,3.05984996089455,-0.737552025493509,0.460786717503522,0.876098704580508
"ENSMUSG00000085166",0.228399399337433,-1.72502604588146,3.06715443518544,-0.5624190376893,0.573830551167177,0.876098704580508
"ENSMUSG00000085168",0.274642048583684,-1.72502604588146,3.06715443518544,-0.5624190376893,0.573830551167177,0.876098704580508
"ENSMUSG00000085170",7.90295667332514e-05,-1.28357969332704,3.06913877993551,-0.418221457341208,0.675785208891514,0.876098704580508
"ENSMUSG00000085201",0.30881025281684,-1.72502604588146,3.06715443518544,-0.5624190376893,0.573830551167177,0.876098704580508
"ENSMUSG00000085252",0.30881025281684,-2.25679853636401,3.05984996089455,-0.737552025493509,0.460786717503522,0.876098704580508
"ENSMUSG00000085269",0.274642048583684,-1.72502604588146,3.06715443518544,-0.5624190376893,0.573830551167177,0.876098704580508
"ENSMUSG00000085271",0.30881025281684,-1.72502604588146,3.06715443518544,-0.5624190376893,0.573830551167177,0.876098704580508
"ENSMUSG00000085279",0.228399399337433,-1.72502604588146,3.06715443518544,-0.5624190376893,0.573830551167177,0.876098704580508
"ENSMUSG00000085354",0.0986383360988006,-1.72502604588146,3.06715443518544,-0.5624190376893,0.573830551167177,0.876098704580508
"ENSMUSG00000085361",0.274642048583684,-1.72502604588146,3.06715443518544,-0.5624190376893,0.573830551167177,0.876098704580508
"ENSMUSG00000085366",1.3703963960246,-3.8299643520143,3.02184207713679,-1.26742703763104,0.205002637140512,0.876098704580508
"ENSMUSG00000085368",0.30881025281684,-1.72502604588146,3.06715443518544,-0.5624190376893,0.573830551167177,0.876098704580508
"ENSMUSG00000085380",0.274642048583684,-1.72502604588146,3.06715443518544,-0.5624190376893,0.573830551167177,0.876098704580508
"ENSMUSG00000085407",3.95147833666257e-05,-1.28437469997752,3.06913879378388,-0.418480487939758,0.675595849628591,0.876098704580508
"ENSMUSG00000085409",0.0986383360988006,-1.72502604588146,3.06715443518544,-0.5624190376893,0.573830551167177,0.876098704580508
"ENSMUSG00000085413",0.228399399337433,-1.72502604588146,3.06715443518544,-0.5624190376893,0.573830551167177,0.876098704580508
"ENSMUSG00000085466",7.90295667332514e-05,-1.28357969332704,3.06913877993551,-0.418221457341208,0.675785208891514,0.876098704580508
"ENSMUSG00000085470",0.617620505633681,-2.25679853636401,3.05984996089455,-0.737552025493509,0.460786717503522,0.876098704580508
"ENSMUSG00000085471",0.823926145751051,-2.88219348658732,3.04953088018298,-0.945126840759975,0.344594123762453,0.876098704580508
"ENSMUSG00000085487",0.15440512640842,-1.72502604588146,3.06715443518544,-0.5624190376893,0.573830551167177,0.876098704580508
"ENSMUSG00000085521",1.85286151690104,-4.23865132440863,3.00941678228771,-1.40846271256136,0.158994100677853,0.876098704580508
"ENSMUSG00000085533",7.90295667332514e-05,-1.28357969332704,3.06913877993551,-0.418221457341208,0.675785208891514,0.876098704580508
"ENSMUSG00000085562",0.30881025281684,-1.72502604588146,3.06715443518544,-0.5624190376893,0.573830551167177,0.876098704580508
"ENSMUSG00000085574",0.228399399337433,-1.72502604588146,3.06715443518544,-0.5624190376893,0.573830551167177,0.876098704580508
"ENSMUSG00000085582",0.000197573916833128,-1.28119991226544,3.06913873852723,-0.417446072470561,0.676352161440574,0.876098704580508
"ENSMUSG00000085618",0.15440512640842,-1.72502604588146,3.06715443518544,-0.5624190376893,0.573830551167177,0.876098704580508
"ENSMUSG00000085620",0.15440512640842,-1.72502604588146,3.06715443518544,-0.5624190376893,0.573830551167177,0.876098704580508
"ENSMUSG00000085623",0.228399399337433,-1.72502604588146,3.06715443518544,-0.5624190376893,0.573830551167177,0.876098704580508
"ENSMUSG00000085639",3.95147833666257e-05,-1.28437469997752,3.06913879378388,-0.418480487939758,0.675595849628591,0.876098704580508
"ENSMUSG00000085663",0.197276672197601,-2.10120506970855,3.06209288870195,-0.686198997248339,0.49258763003571,0.876098704580508
"ENSMUSG00000085666",1.37321024291842,-3.80994266964429,3.02254233689052,-1.26050928158836,0.207485701758826,0.876098704580508
"ENSMUSG00000085701",0.617620505633681,-2.25679853636401,3.05984996089455,-0.737552025493509,0.460786717503522,0.876098704580508
"ENSMUSG00000085702",0.0986383360988006,-1.72502604588146,3.06715443518544,-0.5624190376893,0.573830551167177,0.876098704580508
"ENSMUSG00000085725",3.95147833666257e-05,-1.28437469997752,3.06913879378388,-0.418480487939758,0.675595849628591,0.876098704580508
"ENSMUSG00000085744",0.456798798674866,-2.25679853636401,3.05984996089455,-0.737552025493509,0.460786717503522,0.876098704580508
"ENSMUSG00000085747",0.274642048583684,-1.72502604588146,3.06715443518544,-0.5624190376893,0.573830551167177,0.876098704580508
"ENSMUSG00000085750",0.0774098601416201,-1.67784611285302,3.06756075417554,-0.546964264870432,0.584403283013636,0.876098704580508
"ENSMUSG00000085799",0.30881025281684,-1.72502604588146,3.06715443518544,-0.5624190376893,0.573830551167177,0.876098704580508
"ENSMUSG00000085800",7.90295667332514e-05,-1.28357969332704,3.06913877993551,-0.418221457341208,0.675785208891514,0.876098704580508
"ENSMUSG00000085819",7.90295667332514e-05,-1.28357969332704,3.06913877993551,-0.418221457341208,0.675785208891514,0.876098704580508
"ENSMUSG00000085824",0.0774098601416201,-1.67784611285302,3.06756075417554,-0.546964264870432,0.584403283013636,0.876098704580508
"ENSMUSG00000085837",0.0986383360988006,-1.72502604588146,3.06715443518544,-0.5624190376893,0.573830551167177,0.876098704580508
"ENSMUSG00000085843",0.463215379225261,-2.67598741681572,3.05321667632186,-0.876448578827828,0.38078621906369,0.876098704580508
"ENSMUSG00000085847",0.274642048583684,-1.72502604588146,3.06715443518544,-0.5624190376893,0.573830551167177,0.876098704580508
"ENSMUSG00000085864",0.15440512640842,-1.72502604588146,3.06715443518544,-0.5624190376893,0.573830551167177,0.876098704580508
"ENSMUSG00000085870",0.0986383360988006,-1.72502604588146,3.06715443518544,-0.5624190376893,0.573830551167177,0.876098704580508
"ENSMUSG00000085915",0.15440512640842,-1.72502604588146,3.06715443518544,-0.5624190376893,0.573830551167177,0.876098704580508
"ENSMUSG00000085925",0.00418856703686232,-1.20530555839367,3.06913745314504,-0.392718011752312,0.694527765887632,0.876098704580508
"ENSMUSG00000085926",0.000118544350099877,-1.28278556126495,3.06913876610999,-0.417962711699356,0.675974380323377,0.876098704580508
"ENSMUSG00000085933",0.000118544350099877,-1.28278556126495,3.06913876610999,-0.417962711699356,0.675974380323377,0.876098704580508
"ENSMUSG00000085958",0.197276672197601,-2.10120506970855,3.06209288870195,-0.686198997248339,0.49258763003571,0.876098704580508
"ENSMUSG00000085965",2.16167176971788,-4.46671642559448,3.00382902268338,-1.487007546656,0.137012817783412,0.876098704580508
"ENSMUSG00000085992",0.549284097167367,-2.25679853636401,3.05984996089455,-0.737552025493509,0.460786717503522,0.876098704580508
"ENSMUSG00000085996",3.95147833666257e-05,-1.28437469997752,3.06913879378388,-0.418480487939758,0.675595849628591,0.876098704580508
"ENSMUSG00000086001",7.90295667332514e-05,-1.28357969332704,3.06913877993551,-0.418221457341208,0.675785208891514,0.876098704580508
"ENSMUSG00000086004",0.197276672197601,-2.10120506970855,3.06209288870195,-0.686198997248339,0.49258763003571,0.876098704580508
"ENSMUSG00000086007",3.95147833666257e-05,-1.28437469997752,3.06913879378388,-0.418480487939758,0.675595849628591,0.876098704580508
"ENSMUSG00000086021",0.000434662617032883,-1.2764637322467,3.06913865632041,-0.415902921042041,0.677481041964446,0.876098704580508
"ENSMUSG00000086039",0.228399399337433,-1.72502604588146,3.06715443518544,-0.5624190376893,0.573830551167177,0.876098704580508
"ENSMUSG00000086076",0.0986383360988006,-1.72502604588146,3.06715443518544,-0.5624190376893,0.573830551167177,0.876098704580508
"ENSMUSG00000086098",0.0986383360988006,-1.72502604588146,3.06715443518544,-0.5624190376893,0.573830551167177,0.876098704580508
"ENSMUSG00000086107",0.0986383360988006,-1.72502604588146,3.06715443518544,-0.5624190376893,0.573830551167177,0.876098704580508
"ENSMUSG00000086129",7.90295667332514e-05,-1.28357969332704,3.06913877993551,-0.418221457341208,0.675785208891514,0.876098704580508
"ENSMUSG00000086130",0.0986383360988006,-1.72502604588146,3.06715443518544,-0.5624190376893,0.573830551167177,0.876098704580508
"ENSMUSG00000086146",0.617620505633681,-2.25679853636401,3.05984996089455,-0.737552025493509,0.460786717503522,0.876098704580508
"ENSMUSG00000086155",0.23222958042486,-2.21608993519735,3.06041680539324,-0.724113764926409,0.468995894596022,0.876098704580508
"ENSMUSG00000086160",0.197276672197601,-2.10120506970855,3.06209288870195,-0.686198997248339,0.49258763003571,0.876098704580508
"ENSMUSG00000086171",7.90295667332514e-05,-1.28357969332704,3.06913877993551,-0.418221457341208,0.675785208891514,0.876098704580508
"ENSMUSG00000086236",0.274642048583684,-1.72502604588146,3.06715443518544,-0.5624190376893,0.573830551167177,0.876098704580508
"ENSMUSG00000086259",3.95147833666257e-05,-1.28437469997752,3.06913879378388,-0.418480487939758,0.675595849628591,0.876098704580508
"ENSMUSG00000086264",0.197276672197601,-2.10120506970855,3.06209288870195,-0.686198997248339,0.49258763003571,0.876098704580508
"ENSMUSG00000086268",3.95147833666257e-05,-1.28437469997752,3.06913879378388,-0.418480487939758,0.675595849628591,0.876098704580508
"ENSMUSG00000086306",0.30881025281684,-2.25679853636401,3.05984996089455,-0.737552025493509,0.460786717503522,0.876098704580508
"ENSMUSG00000086310",0.274642048583684,-1.72502604588146,3.06715443518544,-0.5624190376893,0.573830551167177,0.876098704580508
"ENSMUSG00000086313",0.000118544350099877,-1.28278556126495,3.06913876610999,-0.417962711699356,0.675974380323377,0.876098704580508
"ENSMUSG00000086321",0.30881025281684,-1.72502604588146,3.06715443518544,-0.5624190376893,0.573830551167177,0.876098704580508
"ENSMUSG00000086338",0.197276672197601,-2.10120506970855,3.06209288870195,-0.686198997248339,0.49258763003571,0.876098704580508
"ENSMUSG00000086369",0.00576915837152735,-1.1772832299411,3.06913699537429,-0.383587709416511,0.701284050897597,0.876098704580508
"ENSMUSG00000086385",0.274642048583684,-1.72502604588146,3.06715443518544,-0.5624190376893,0.573830551167177,0.876098704580508
"ENSMUSG00000086405",0.274642048583684,-1.72502604588146,3.06715443518544,-0.5624190376893,0.573830551167177,0.876098704580508
"ENSMUSG00000086418",0.30881025281684,-1.72502604588146,3.06715443518544,-0.5624190376893,0.573830551167177,0.876098704580508
"ENSMUSG00000086430",0.274642048583684,-1.72502604588146,3.06715443518544,-0.5624190376893,0.573830551167177,0.876098704580508
"ENSMUSG00000086498",3.95147833666257e-05,-1.28437469997752,3.06913879378388,-0.418480487939758,0.675595849628591,0.876098704580508
"ENSMUSG00000086519",0.0986383360988006,-1.72502604588146,3.06715443518544,-0.5624190376893,0.573830551167177,0.876098704580508
"ENSMUSG00000086522",0.228399399337433,-1.72502604588146,3.06715443518544,-0.5624190376893,0.573830551167177,0.876098704580508
"ENSMUSG00000086528",0.228399399337433,-1.72502604588146,3.06715443518544,-0.5624190376893,0.573830551167177,0.876098704580508
"ENSMUSG00000086541",0.30881025281684,-1.72502604588146,3.06715443518544,-0.5624190376893,0.573830551167177,0.876098704580508
"ENSMUSG00000086547",7.90295667332514e-05,-1.28357969332704,3.06913877993551,-0.418221457341208,0.675785208891514,0.876098704580508
"ENSMUSG00000086578",0.30881025281684,-1.72502604588146,3.06715443518544,-0.5624190376893,0.573830551167177,0.876098704580508
"ENSMUSG00000086637",0.463215379225261,-2.67598741681572,3.05321667632186,-0.876448578827828,0.38078621906369,0.876098704580508
"ENSMUSG00000086648",3.95147833666257e-05,-1.28437469997752,3.06913879378388,-0.418480487939758,0.675595849628591,0.876098704580508
"ENSMUSG00000086655",3.95147833666257e-05,-1.28437469997752,3.06913879378388,-0.418480487939758,0.675595849628591,0.876098704580508
"ENSMUSG00000086681",3.95147833666257e-05,-1.28437469997752,3.06913879378388,-0.418480487939758,0.675595849628591,0.876098704580508
"ENSMUSG00000086702",0.15440512640842,-1.72502604588146,3.06715443518544,-0.5624190376893,0.573830551167177,0.876098704580508
"ENSMUSG00000086708",0.15440512640842,-1.72502604588146,3.06715443518544,-0.5624190376893,0.573830551167177,0.876098704580508
"ENSMUSG00000086713",0.549284097167367,-2.25679853636401,3.05984996089455,-0.737552025493509,0.460786717503522,0.876098704580508
"ENSMUSG00000086717",0.15481972028324,-1.97647658497433,3.06404624092385,-0.645054424628525,0.518891917027491,0.876098704580508
"ENSMUSG00000086732",0.15440512640842,-1.72502604588146,3.06715443518544,-0.5624190376893,0.573830551167177,0.876098704580508
"ENSMUSG00000086757",0.617620505633681,-2.25679853636401,3.05984996089455,-0.737552025493509,0.460786717503522,0.876098704580508
"ENSMUSG00000086762",0.30881025281684,-2.25679853636401,3.05984996089455,-0.737552025493509,0.460786717503522,0.876098704580508
"ENSMUSG00000086770",3.95147833666257e-05,-1.28437469997752,3.06913879378388,-0.418480487939758,0.675595849628591,0.876098704580508
"ENSMUSG00000086786",0.274642048583684,-1.72502604588146,3.06715443518544,-0.5624190376893,0.573830551167177,0.876098704580508
"ENSMUSG00000086801",0.15440512640842,-1.72502604588146,3.06715443518544,-0.5624190376893,0.573830551167177,0.876098704580508
"ENSMUSG00000086814",0.30881025281684,-2.25679853636401,3.05984996089455,-0.737552025493509,0.460786717503522,0.876098704580508
"ENSMUSG00000086842",3.95147833666257e-05,-1.28437469997752,3.06913879378388,-0.418480487939758,0.675595849628591,0.876098704580508
"ENSMUSG00000086845",0.000118544350099877,-1.28278556126495,3.06913876610999,-0.417962711699356,0.675974380323377,0.876098704580508
"ENSMUSG00000086866",1.23524101126736,-3.63412723896647,3.02910877412275,-1.19973480979366,0.230242349311484,0.876098704580508
"ENSMUSG00000086872",0.228399399337433,-1.72502604588146,3.06715443518544,-0.5624190376893,0.573830551167177,0.876098704580508
"ENSMUSG00000086900",3.95147833666257e-05,-1.28437469997752,3.06913879378388,-0.418480487939758,0.675595849628591,0.876098704580508
"ENSMUSG00000086908",0.823926145751051,-2.88219348658732,3.04953088018298,-0.945126840759975,0.344594123762453,0.876098704580508
"ENSMUSG00000086941",3.95147833666257e-05,-1.28437469997752,3.06913879378388,-0.418480487939758,0.675595849628591,0.876098704580508
"ENSMUSG00000086946",0.0774098601416201,-1.67784611285302,3.06756075417554,-0.546964264870432,0.584403283013636,0.876098704580508
"ENSMUSG00000087008",0.617620505633681,-2.25679853636401,3.05984996089455,-0.737552025493509,0.460786717503522,0.876098704580508
"ENSMUSG00000087027",0.000158059133466503,-1.281992301629,3.06913875230725,-0.417704250309718,0.676163364361256,0.876098704580508
"ENSMUSG00000087029",0.274642048583684,-1.72502604588146,3.06715443518544,-0.5624190376893,0.573830551167177,0.876098704580508
"ENSMUSG00000087057",0.000118544350099877,-1.28278556126495,3.06913876610999,-0.417962711699356,0.675974380323377,0.876098704580508
"ENSMUSG00000087080",0.30881025281684,-1.72502604588146,3.06715443518544,-0.5624190376893,0.573830551167177,0.876098704580508
"ENSMUSG00000087115",0.228399399337433,-1.72502604588146,3.06715443518544,-0.5624190376893,0.573830551167177,0.876098704580508
"ENSMUSG00000087129",0.274642048583684,-1.72502604588146,3.06715443518544,-0.5624190376893,0.573830551167177,0.876098704580508
"ENSMUSG00000087133",0.197276672197601,-2.10120506970855,3.06209288870195,-0.686198997248339,0.49258763003571,0.876098704580508
"ENSMUSG00000087172",3.95147833666257e-05,-1.28437469997752,3.06913879378388,-0.418480487939758,0.675595849628591,0.876098704580508
"ENSMUSG00000087193",3.95147833666257e-05,-1.28437469997752,3.06913879378388,-0.418480487939758,0.675595849628591,0.876098704580508
"ENSMUSG00000087194",0.617620505633681,-2.25679853636401,3.05984996089455,-0.737552025493509,0.460786717503522,0.876098704580508
"ENSMUSG00000087206",0.295915008296402,-2.36313470922624,3.05843324320251,-0.772661857007471,0.439722525956278,0.876098704580508
"ENSMUSG00000087219",3.95147833666257e-05,-1.28437469997752,3.06913879378388,-0.418480487939758,0.675595849628591,0.876098704580508
"ENSMUSG00000087294",0.15440512640842,-1.72502604588146,3.06715443518544,-0.5624190376893,0.573830551167177,0.876098704580508
"ENSMUSG00000087333",7.90295667332514e-05,-1.28357969332704,3.06913877993551,-0.418221457341208,0.675785208891514,0.876098704580508
"ENSMUSG00000087374",7.90295667332514e-05,-1.28357969332704,3.06913877993551,-0.418221457341208,0.675785208891514,0.876098704580508
"ENSMUSG00000087429",0.30881025281684,-2.25679853636401,3.05984996089455,-0.737552025493509,0.460786717503522,0.876098704580508
"ENSMUSG00000087443",0.000118544350099877,-1.28278556126495,3.06913876610999,-0.417962711699356,0.675974380323377,0.876098704580508
"ENSMUSG00000087467",0.926430758450521,-2.88219348658732,3.04953088018298,-0.945126840759975,0.344594123762453,0.876098704580508
"ENSMUSG00000087514",1.09856819433473,-3.48152640544173,3.03528348872783,-1.14701853002236,0.25137396265467,0.876098704580508
"ENSMUSG00000087526",0.0986383360988006,-1.72502604588146,3.06715443518544,-0.5624190376893,0.573830551167177,0.876098704580508
"ENSMUSG00000087530",7.90295667332514e-05,-1.28357969332704,3.06913877993551,-0.418221457341208,0.675785208891514,0.876098704580508
"ENSMUSG00000087568",3.95147833666257e-05,-1.28437469997752,3.06913879378388,-0.418480487939758,0.675595849628591,0.876098704580508
"ENSMUSG00000087635",2.77929227535156,-4.83690734328542,2.99640625413319,-1.61423616594495,0.106476210144033,0.876098704580508
"ENSMUSG00000087640",3.95147833666257e-05,-1.28437469997752,3.06913879378388,-0.418480487939758,0.675595849628591,0.876098704580508
"ENSMUSG00000087654",0.15481972028324,-1.97647658497433,3.06404624092385,-0.645054424628525,0.518891917027491,0.876098704580508
"ENSMUSG00000087659",0.0986383360988006,-1.72502604588146,3.06715443518544,-0.5624190376893,0.573830551167177,0.876098704580508
"ENSMUSG00000087677",7.90295667332514e-05,-1.28357969332704,3.06913877993551,-0.418221457341208,0.675785208891514,0.876098704580508
"ENSMUSG00000087694",7.90295667332514e-05,-1.28357969332704,3.06913877993551,-0.418221457341208,0.675785208891514,0.876098704580508
"ENSMUSG00000087695",0.0774098601416201,-1.67784611285302,3.06756075417554,-0.546964264870432,0.584403283013636,0.876098704580508
"ENSMUSG00000087782",0.228399399337433,-1.72502604588146,3.06715443518544,-0.5624190376893,0.573830551167177,0.876098704580508
"ENSMUSG00000087922",0.0986383360988006,-1.72502604588146,3.06715443518544,-0.5624190376893,0.573830551167177,0.876098704580508
"ENSMUSG00000088242",0.0774098601416201,-1.67784611285302,3.06756075417554,-0.546964264870432,0.584403283013636,0.876098704580508
"ENSMUSG00000088329",0.197276672197601,-2.10120506970855,3.06209288870195,-0.686198997248339,0.49258763003571,0.876098704580508
"ENSMUSG00000088493",0.15440512640842,-1.72502604588146,3.06715443518544,-0.5624190376893,0.573830551167177,0.876098704580508
"ENSMUSG00000088583",3.95147833666257e-05,-1.28437469997752,3.06913879378388,-0.418480487939758,0.675595849628591,0.876098704580508
"ENSMUSG00000088685",0.0986383360988006,-1.72502604588146,3.06715443518544,-0.5624190376893,0.573830551167177,0.876098704580508
"ENSMUSG00000089024",0.15440512640842,-1.72502604588146,3.06715443518544,-0.5624190376893,0.573830551167177,0.876098704580508
"ENSMUSG00000089087",0.0986383360988006,-1.72502604588146,3.06715443518544,-0.5624190376893,0.573830551167177,0.876098704580508
"ENSMUSG00000089133",0.15440512640842,-1.72502604588146,3.06715443518544,-0.5624190376893,0.573830551167177,0.876098704580508
"ENSMUSG00000089161",0.549284097167367,-2.25679853636401,3.05984996089455,-0.737552025493509,0.460786717503522,0.876098704580508
"ENSMUSG00000089204",0.228399399337433,-1.72502604588146,3.06715443518544,-0.5624190376893,0.573830551167177,0.876098704580508
"ENSMUSG00000089308",0.228399399337433,-1.72502604588146,3.06715443518544,-0.5624190376893,0.573830551167177,0.876098704580508
"ENSMUSG00000089437",0.591830016592803,-2.92372089712237,3.04884412718516,-0.958960437187612,0.337578676195891,0.876098704580508
"ENSMUSG00000089633",1.5440512640842,-3.96773747015156,3.01726877725869,-1.3150096206399,0.188506669184869,0.876098704580508
"ENSMUSG00000089656",0.30881025281684,-1.72502604588146,3.06715443518544,-0.5624190376893,0.573830551167177,0.876098704580508
"ENSMUSG00000089684",0.274642048583684,-1.72502604588146,3.06715443518544,-0.5624190376893,0.573830551167177,0.876098704580508
"ENSMUSG00000089697",0.394553344395202,-2.57706962205662,3.05515824203595,-0.843514285642783,0.398940879583754,0.876098704580508
"ENSMUSG00000089699",0.30881025281684,-1.72502604588146,3.06715443518544,-0.5624190376893,0.573830551167177,0.876098704580508
"ENSMUSG00000089735",0.15440512640842,-1.72502604588146,3.06715443518544,-0.5624190376893,0.573830551167177,0.876098704580508
"ENSMUSG00000089755",7.90295667332514e-05,-1.28357969332704,3.06913877993551,-0.418221457341208,0.675785208891514,0.876098704580508
"ENSMUSG00000089773",0.30881025281684,-1.72502604588146,3.06715443518544,-0.5624190376893,0.573830551167177,0.876098704580508
"ENSMUSG00000089775",0.000118544350099877,-1.28278556126495,3.06913876610999,-0.417962711699356,0.675974380323377,0.876098704580508
"ENSMUSG00000089783",0.274642048583684,-1.72502604588146,3.06715443518544,-0.5624190376893,0.573830551167177,0.876098704580508
"ENSMUSG00000089796",0.274642048583684,-1.72502604588146,3.06715443518544,-0.5624190376893,0.573830551167177,0.876098704580508
"ENSMUSG00000089807",0.274642048583684,-1.72502604588146,3.06715443518544,-0.5624190376893,0.573830551167177,0.876098704580508
"ENSMUSG00000089820",0.685198198012299,-2.88219348658732,3.04953088018298,-0.945126840759975,0.344594123762453,0.876098704580508
"ENSMUSG00000089849",3.95147833666257e-05,-1.28437469997752,3.06913879378388,-0.418480487939758,0.675595849628591,0.876098704580508
"ENSMUSG00000089870",0.617620505633681,-2.25679853636401,3.05984996089455,-0.737552025493509,0.460786717503522,0.876098704580508
"ENSMUSG00000089900",0.274642048583684,-1.72502604588146,3.06715443518544,-0.5624190376893,0.573830551167177,0.876098704580508
"ENSMUSG00000089910",0.274642048583684,-1.72502604588146,3.06715443518544,-0.5624190376893,0.573830551167177,0.876098704580508
"ENSMUSG00000089916",3.95147833666257e-05,-1.28437469997752,3.06913879378388,-0.418480487939758,0.675595849628591,0.876098704580508
"ENSMUSG00000089931",0.15440512640842,-1.72502604588146,3.06715443518544,-0.5624190376893,0.573830551167177,0.876098704580508
"ENSMUSG00000089941",3.95147833666257e-05,-1.28437469997752,3.06913879378388,-0.418480487939758,0.675595849628591,0.876098704580508
"ENSMUSG00000089952",0.456798798674866,-2.25679853636401,3.05984996089455,-0.737552025493509,0.460786717503522,0.876098704580508
"ENSMUSG00000089953",0.617620505633681,-2.25679853636401,3.05984996089455,-0.737552025493509,0.460786717503522,0.876098704580508
"ENSMUSG00000089956",0.0774098601416201,-1.67784611285302,3.06756075417554,-0.546964264870432,0.584403283013636,0.876098704580508
"ENSMUSG00000090006",0.15440512640842,-1.72502604588146,3.06715443518544,-0.5624190376893,0.573830551167177,0.876098704580508
"ENSMUSG00000090007",3.95147833666257e-05,-1.28437469997752,3.06913879378388,-0.418480487939758,0.675595849628591,0.876098704580508
"ENSMUSG00000090026",0.549284097167367,-2.25679853636401,3.05984996089455,-0.737552025493509,0.460786717503522,0.876098704580508
"ENSMUSG00000090042",0.549284097167367,-2.25679853636401,3.05984996089455,-0.737552025493509,0.460786717503522,0.876098704580508
"ENSMUSG00000090054",0.30881025281684,-1.72502604588146,3.06715443518544,-0.5624190376893,0.573830551167177,0.876098704580508
"ENSMUSG00000090059",3.95147833666257e-05,-1.28437469997752,3.06913879378388,-0.418480487939758,0.675595849628591,0.876098704580508
"ENSMUSG00000090070",0.15440512640842,-1.72502604588146,3.06715443518544,-0.5624190376893,0.573830551167177,0.876098704580508
"ENSMUSG00000090071",0.00165962090139828,-1.25247447923244,3.06913824405293,-0.408086693930896,0.683210028497207,0.876098704580508
"ENSMUSG00000090074",3.95147833666257e-05,-1.28437469997752,3.06913879378388,-0.418480487939758,0.675595849628591,0.876098704580508
"ENSMUSG00000090128",0.0986383360988006,-1.72502604588146,3.06715443518544,-0.5624190376893,0.573830551167177,0.876098704580508
"ENSMUSG00000090135",0.15440512640842,-1.72502604588146,3.06715443518544,-0.5624190376893,0.573830551167177,0.876098704580508
"ENSMUSG00000090180",0.30881025281684,-1.72502604588146,3.06715443518544,-0.5624190376893,0.573830551167177,0.876098704580508
"ENSMUSG00000090186",0.000197573916833128,-1.28119991226544,3.06913873852723,-0.417446072470561,0.676352161440574,0.876098704580508
"ENSMUSG00000090191",0.197276672197601,-2.10120506970855,3.06209288870195,-0.686198997248339,0.49258763003571,0.876098704580508
"ENSMUSG00000090284",0.0986383360988006,-1.72502604588146,3.06715443518544,-0.5624190376893,0.573830551167177,0.876098704580508
"ENSMUSG00000090293",3.95147833666257e-05,-1.28437469997752,3.06913879378388,-0.418480487939758,0.675595849628591,0.876098704580508
"ENSMUSG00000090306",1.85286151690104,-4.23865132440863,3.00941678228771,-1.40846271256136,0.158994100677853,0.876098704580508
"ENSMUSG00000090314",4.01453328661892,-5.37570134372468,2.98844852799455,-1.79882681376886,0.0720460803941289,0.876098704580508
"ENSMUSG00000090329",0.228399399337433,-1.72502604588146,3.06715443518544,-0.5624190376893,0.573830551167177,0.876098704580508
"ENSMUSG00000090387",0.456798798674866,-2.25679853636401,3.05984996089455,-0.737552025493509,0.460786717503522,0.876098704580508
"ENSMUSG00000090439",0.15481972028324,-1.97647658497433,3.06404624092385,-0.645054424628525,0.518891917027491,0.876098704580508
"ENSMUSG00000090470",3.95147833666257e-05,-1.28437469997752,3.06913879378388,-0.418480487939758,0.675595849628591,0.876098704580508
"ENSMUSG00000090475",0.617620505633681,-2.25679853636401,3.05984996089455,-0.737552025493509,0.460786717503522,0.876098704580508
"ENSMUSG00000090534",0.30881025281684,-1.72502604588146,3.06715443518544,-0.5624190376893,0.573830551167177,0.876098704580508
"ENSMUSG00000090561",0.23222958042486,-2.21608993519735,3.06041680539324,-0.724113764926409,0.468995894596022,0.876098704580508
"ENSMUSG00000090691",0.30881025281684,-1.72502604588146,3.06715443518544,-0.5624190376893,0.573830551167177,0.876098704580508
"ENSMUSG00000090700",3.95147833666257e-05,-1.28437469997752,3.06913879378388,-0.418480487939758,0.675595849628591,0.876098704580508
"ENSMUSG00000090701",0.30881025281684,-1.72502604588146,3.06715443518544,-0.5624190376893,0.573830551167177,0.876098704580508
"ENSMUSG00000090706",0.228399399337433,-1.72502604588146,3.06715443518544,-0.5624190376893,0.573830551167177,0.876098704580508
"ENSMUSG00000090737",0.228399399337433,-1.72502604588146,3.06715443518544,-0.5624190376893,0.573830551167177,0.876098704580508
"ENSMUSG00000090753",0.30881025281684,-1.72502604588146,3.06715443518544,-0.5624190376893,0.573830551167177,0.876098704580508
"ENSMUSG00000090762",3.95147833666257e-05,-1.28437469997752,3.06913879378388,-0.418480487939758,0.675595849628591,0.876098704580508
"ENSMUSG00000090868",0.0986383360988006,-1.72502604588146,3.06715443518544,-0.5624190376893,0.573830551167177,0.876098704580508
"ENSMUSG00000090873",0.0986383360988006,-1.72502604588146,3.06715443518544,-0.5624190376893,0.573830551167177,0.876098704580508
"ENSMUSG00000090900",0.0986383360988006,-1.72502604588146,3.06715443518544,-0.5624190376893,0.573830551167177,0.876098704580508
"ENSMUSG00000090968",1.08083588485894,-3.52881551647054,3.03342460650673,-1.16331077057303,0.244703437332994,0.876098704580508
"ENSMUSG00000091004",0.617620505633681,-2.25679853636401,3.05984996089455,-0.737552025493509,0.460786717503522,0.876098704580508
"ENSMUSG00000091020",0.549284097167367,-2.25679853636401,3.05984996089455,-0.737552025493509,0.460786717503522,0.876098704580508
"ENSMUSG00000091105",0.274642048583684,-1.72502604588146,3.06715443518544,-0.5624190376893,0.573830551167177,0.876098704580508
"ENSMUSG00000091160",0.274642048583684,-1.72502604588146,3.06715443518544,-0.5624190376893,0.573830551167177,0.876098704580508
"ENSMUSG00000091165",0.913597597349733,-3.27870514164279,3.04183935423281,-1.07786926258297,0.281092104302613,0.876098704580508
"ENSMUSG00000091230",3.95147833666257e-05,-1.28437469997752,3.06913879378388,-0.418480487939758,0.675595849628591,0.876098704580508
"ENSMUSG00000091376",2.47048202253472,-4.66364020938154,2.99964979750409,-1.55472822636229,0.120010809178471,0.876098704580508
"ENSMUSG00000091381",0.228399399337433,-1.72502604588146,3.06715443518544,-0.5624190376893,0.573830551167177,0.876098704580508
"ENSMUSG00000091390",7.90295667332514e-05,-1.28357969332704,3.06913877993551,-0.418221457341208,0.675785208891514,0.876098704580508
"ENSMUSG00000091407",0.274642048583684,-1.72502604588146,3.06715443518544,-0.5624190376893,0.573830551167177,0.876098704580508
"ENSMUSG00000091455",0.15440512640842,-1.72502604588146,3.06715443518544,-0.5624190376893,0.573830551167177,0.876098704580508
"ENSMUSG00000091515",3.95147833666257e-05,-1.28437469997752,3.06913879378388,-0.418480487939758,0.675595849628591,0.876098704580508
"ENSMUSG00000091550",7.90295667332514e-05,-1.28357969332704,3.06913877993551,-0.418221457341208,0.675785208891514,0.876098704580508
"ENSMUSG00000091556",0.00027660348356638,-1.2796177357824,3.06913871103506,-0.416930564650449,0.676729196457013,0.876098704580508
"ENSMUSG00000091573",3.95147833666257e-05,-1.28437469997752,3.06913879378388,-0.418480487939758,0.675595849628591,0.876098704580508
"ENSMUSG00000091614",0.228399399337433,-1.72502604588146,3.06715443518544,-0.5624190376893,0.573830551167177,0.876098704580508
"ENSMUSG00000091620",3.95147833666257e-05,-1.28437469997752,3.06913879378388,-0.418480487939758,0.675595849628591,0.876098704580508
"ENSMUSG00000091636",3.95147833666257e-05,-1.28437469997752,3.06913879378388,-0.418480487939758,0.675595849628591,0.876098704580508
"ENSMUSG00000091668",0.274642048583684,-1.72502604588146,3.06715443518544,-0.5624190376893,0.573830551167177,0.876098704580508
"ENSMUSG00000091686",0.197276672197601,-2.10120506970855,3.06209288870195,-0.686198997248339,0.49258763003571,0.876098704580508
"ENSMUSG00000091794",0.617620505633681,-2.25679853636401,3.05984996089455,-0.737552025493509,0.460786717503522,0.876098704580508
"ENSMUSG00000091906",0.274642048583684,-1.72502604588146,3.06715443518544,-0.5624190376893,0.573830551167177,0.876098704580508
"ENSMUSG00000091923",0.823926145751051,-2.88219348658732,3.04953088018298,-0.945126840759975,0.344594123762453,0.876098704580508
"ENSMUSG00000091930",0.0774098601416201,-1.67784611285302,3.06756075417554,-0.546964264870432,0.584403283013636,0.876098704580508
"ENSMUSG00000091937",0.15440512640842,-1.72502604588146,3.06715443518544,-0.5624190376893,0.573830551167177,0.876098704580508
"ENSMUSG00000092006",0.549284097167367,-2.25679853636401,3.05984996089455,-0.737552025493509,0.460786717503522,0.876098704580508
"ENSMUSG00000092048",0.30881025281684,-2.25679853636401,3.05984996089455,-0.737552025493509,0.460786717503522,0.876098704580508
"ENSMUSG00000092056",0.23222958042486,-2.21608993519735,3.06041680539324,-0.724113764926409,0.468995894596022,0.876098704580508
"ENSMUSG00000092077",0.274642048583684,-1.72502604588146,3.06715443518544,-0.5624190376893,0.573830551167177,0.876098704580508
"ENSMUSG00000092083",7.90295667332514e-05,-1.28357969332704,3.06913877993551,-0.418221457341208,0.675785208891514,0.876098704580508
"ENSMUSG00000092147",0.228399399337433,-1.72502604588146,3.06715443518544,-0.5624190376893,0.573830551167177,0.876098704580508
"ENSMUSG00000092184",0.274642048583684,-1.72502604588146,3.06715443518544,-0.5624190376893,0.573830551167177,0.876098704580508
"ENSMUSG00000092202",0.000118544350099877,-1.28278556126495,3.06913876610999,-0.417962711699356,0.675974380323377,0.876098704580508
"ENSMUSG00000092210",0.274642048583684,-1.72502604588146,3.06715443518544,-0.5624190376893,0.573830551167177,0.876098704580508
"ENSMUSG00000092225",0.518466040018293,1.14969661775828,3.04119525714764,0.378041039968143,0.705400106824679,0.876098704580508
"ENSMUSG00000092247",0.30881025281684,-2.25679853636401,3.05984996089455,-0.737552025493509,0.460786717503522,0.876098704580508
"ENSMUSG00000092255",0.549284097167367,-2.25679853636401,3.05984996089455,-0.737552025493509,0.460786717503522,0.876098704580508
"ENSMUSG00000092272",0.0986383360988006,-1.72502604588146,3.06715443518544,-0.5624190376893,0.573830551167177,0.876098704580508
"ENSMUSG00000092275",0.15440512640842,-1.72502604588146,3.06715443518544,-0.5624190376893,0.573830551167177,0.876098704580508
"ENSMUSG00000092310",0.823926145751051,-2.88219348658732,3.04953088018298,-0.945126840759975,0.344594123762453,0.876098704580508
"ENSMUSG00000092312",7.90295667332514e-05,-1.28357969332704,3.06913877993551,-0.418221457341208,0.675785208891514,0.876098704580508
"ENSMUSG00000092339",3.95147833666257e-05,-1.28437469997752,3.06913879378388,-0.418480487939758,0.675595849628591,0.876098704580508
"ENSMUSG00000092383",0.30881025281684,-2.25679853636401,3.05984996089455,-0.737552025493509,0.460786717503522,0.876098704580508
"ENSMUSG00000092389",0.274642048583684,-1.72502604588146,3.06715443518544,-0.5624190376893,0.573830551167177,0.876098704580508
"ENSMUSG00000092392",0.549284097167367,-2.25679853636401,3.05984996089455,-0.737552025493509,0.460786717503522,0.876098704580508
"ENSMUSG00000092452",0.549284097167367,-2.25679853636401,3.05984996089455,-0.737552025493509,0.460786717503522,0.876098704580508
"ENSMUSG00000092483",0.30881025281684,-1.72502604588146,3.06715443518544,-0.5624190376893,0.573830551167177,0.876098704580508
"ENSMUSG00000092488",0.228399399337433,-1.72502604588146,3.06715443518544,-0.5624190376893,0.573830551167177,0.876098704580508
"ENSMUSG00000092489",0.15440512640842,-1.72502604588146,3.06715443518544,-0.5624190376893,0.573830551167177,0.876098704580508
"ENSMUSG00000092492",0.000118544350099877,-1.28278556126495,3.06913876610999,-0.417962711699356,0.675974380323377,0.876098704580508
"ENSMUSG00000092543",7.90295667332514e-05,-1.28357969332704,3.06913877993551,-0.418221457341208,0.675785208891514,0.876098704580508
"ENSMUSG00000092553",0.0774098601416201,-1.67784611285302,3.06756075417554,-0.546964264870432,0.584403283013636,0.876098704580508
"ENSMUSG00000092600",0.0986383360988006,-1.72502604588146,3.06715443518544,-0.5624190376893,0.573830551167177,0.876098704580508
"ENSMUSG00000092673",0.0986383360988006,-1.72502604588146,3.06715443518544,-0.5624190376893,0.573830551167177,0.876098704580508
"ENSMUSG00000092680",0.0774098601416201,-1.67784611285302,3.06756075417554,-0.546964264870432,0.584403283013636,0.876098704580508
"ENSMUSG00000092727",0.463215379225261,-2.67598741681572,3.05321667632186,-0.876448578827828,0.38078621906369,0.876098704580508
"ENSMUSG00000092867",0.228399399337433,-1.72502604588146,3.06715443518544,-0.5624190376893,0.573830551167177,0.876098704580508
"ENSMUSG00000092995",0.30881025281684,-1.72502604588146,3.06715443518544,-0.5624190376893,0.573830551167177,0.876098704580508
"ENSMUSG00000093007",0.0774098601416201,-1.67784611285302,3.06756075417554,-0.546964264870432,0.584403283013636,0.876098704580508
"ENSMUSG00000093137",0.30881025281684,-1.72502604588146,3.06715443518544,-0.5624190376893,0.573830551167177,0.876098704580508
"ENSMUSG00000093157",0.456798798674866,-2.25679853636401,3.05984996089455,-0.737552025493509,0.460786717503522,0.876098704580508
"ENSMUSG00000093167",3.95147833666257e-05,-1.28437469997752,3.06913879378388,-0.418480487939758,0.675595849628591,0.876098704580508
"ENSMUSG00000093183",0.15440512640842,-1.72502604588146,3.06715443518544,-0.5624190376893,0.573830551167177,0.876098704580508
"ENSMUSG00000093336",0.15440512640842,-1.72502604588146,3.06715443518544,-0.5624190376893,0.573830551167177,0.876098704580508
"ENSMUSG00000093390",3.95147833666257e-05,-1.28437469997752,3.06913879378388,-0.418480487939758,0.675595849628591,0.876098704580508
"ENSMUSG00000093562",0.15440512640842,-1.72502604588146,3.06715443518544,-0.5624190376893,0.573830551167177,0.876098704580508
"ENSMUSG00000093662",0.000395147833666257,-1.27725094473747,3.06913866996552,-0.416159412162312,0.677293357584023,0.876098704580508
"ENSMUSG00000093756",0.15440512640842,-1.72502604588146,3.06715443518544,-0.5624190376893,0.573830551167177,0.876098704580508
"ENSMUSG00000093767",0.30881025281684,-1.72502604588146,3.06715443518544,-0.5624190376893,0.573830551167177,0.876098704580508
"ENSMUSG00000093768",0.197276672197601,-2.10120506970855,3.06209288870195,-0.686198997248339,0.49258763003571,0.876098704580508
"ENSMUSG00000093776",0.15440512640842,-1.72502604588146,3.06715443518544,-0.5624190376893,0.573830551167177,0.876098704580508
"ENSMUSG00000093887",0.228399399337433,-1.72502604588146,3.06715443518544,-0.5624190376893,0.573830551167177,0.876098704580508
"ENSMUSG00000093909",0.549284097167367,-2.25679853636401,3.05984996089455,-0.737552025493509,0.460786717503522,0.876098704580508
"ENSMUSG00000093924",0.000118544350099877,-1.28278556126495,3.06913876610999,-0.417962711699356,0.675974380323377,0.876098704580508
"ENSMUSG00000093955",0.228399399337433,-1.72502604588146,3.06715443518544,-0.5624190376893,0.573830551167177,0.876098704580508
"ENSMUSG00000093975",0.0986383360988006,-1.72502604588146,3.06715443518544,-0.5624190376893,0.573830551167177,0.876098704580508
"ENSMUSG00000094021",0.228399399337433,-1.72502604588146,3.06715443518544,-0.5624190376893,0.573830551167177,0.876098704580508
"ENSMUSG00000094051",0.15440512640842,-1.72502604588146,3.06715443518544,-0.5624190376893,0.573830551167177,0.876098704580508
"ENSMUSG00000094065",0.913597597349733,-3.27870514164279,3.04183935423281,-1.07786926258297,0.281092104302613,0.876098704580508
"ENSMUSG00000094094",0.30881025281684,-1.72502604588146,3.06715443518544,-0.5624190376893,0.573830551167177,0.876098704580508
"ENSMUSG00000094112",3.95147833666257e-05,-1.28437469997752,3.06913879378388,-0.418480487939758,0.675595849628591,0.876098704580508
"ENSMUSG00000094194",0.30881025281684,-1.72502604588146,3.06715443518544,-0.5624190376893,0.573830551167177,0.876098704580508
"ENSMUSG00000094230",3.95147833666257e-05,-1.28437469997752,3.06913879378388,-0.418480487939758,0.675595849628591,0.876098704580508
"ENSMUSG00000094256",1.37321024291842,-3.80994266964429,3.02254233689052,-1.26050928158836,0.207485701758826,0.876098704580508
"ENSMUSG00000094282",3.95147833666257e-05,-1.28437469997752,3.06913879378388,-0.418480487939758,0.675595849628591,0.876098704580508
"ENSMUSG00000094370",0.228399399337433,-1.72502604588146,3.06715443518544,-0.5624190376893,0.573830551167177,0.876098704580508
"ENSMUSG00000094417",0.549284097167367,-2.25679853636401,3.05984996089455,-0.737552025493509,0.460786717503522,0.876098704580508
"ENSMUSG00000094426",0.617620505633681,-2.25679853636401,3.05984996089455,-0.737552025493509,0.460786717503522,0.876098704580508
"ENSMUSG00000094447",3.95147833666257e-05,-1.28437469997752,3.06913879378388,-0.418480487939758,0.675595849628591,0.876098704580508
"ENSMUSG00000094488",0.0774098601416201,-1.67784611285302,3.06756075417554,-0.546964264870432,0.584403283013636,0.876098704580508
"ENSMUSG00000094491",7.90295667332514e-05,-1.28357969332704,3.06913877993551,-0.418221457341208,0.675785208891514,0.876098704580508
"ENSMUSG00000094584",7.90295667332514e-05,-1.28357969332704,3.06913877993551,-0.418221457341208,0.675785208891514,0.876098704580508
"ENSMUSG00000094594",0.197276672197601,-2.10120506970855,3.06209288870195,-0.686198997248339,0.49258763003571,0.876098704580508
"ENSMUSG00000094615",0.228399399337433,-1.72502604588146,3.06715443518544,-0.5624190376893,0.573830551167177,0.876098704580508
"ENSMUSG00000094619",0.15440512640842,-1.72502604588146,3.06715443518544,-0.5624190376893,0.573830551167177,0.876098704580508
"ENSMUSG00000094778",0.15440512640842,-1.72502604588146,3.06715443518544,-0.5624190376893,0.573830551167177,0.876098704580508
"ENSMUSG00000094810",0.274642048583684,-1.72502604588146,3.06715443518544,-0.5624190376893,0.573830551167177,0.876098704580508
"ENSMUSG00000094950",0.0986383360988006,-1.72502604588146,3.06715443518544,-0.5624190376893,0.573830551167177,0.876098704580508
"ENSMUSG00000094986",0.0986383360988006,-1.72502604588146,3.06715443518544,-0.5624190376893,0.573830551167177,0.876098704580508
"ENSMUSG00000094992",0.549284097167367,-2.25679853636401,3.05984996089455,-0.737552025493509,0.460786717503522,0.876098704580508
"ENSMUSG00000095125",0.549284097167367,-2.25679853636401,3.05984996089455,-0.737552025493509,0.460786717503522,0.876098704580508
"ENSMUSG00000095369",0.549284097167367,-2.25679853636401,3.05984996089455,-0.737552025493509,0.460786717503522,0.876098704580508
"ENSMUSG00000095429",7.90295667332514e-05,-1.28357969332704,3.06913877993551,-0.418221457341208,0.675785208891514,0.876098704580508
"ENSMUSG00000095470",0.549284097167367,-2.25679853636401,3.05984996089455,-0.737552025493509,0.460786717503522,0.876098704580508
"ENSMUSG00000095493",0.456798798674866,-2.25679853636401,3.05984996089455,-0.737552025493509,0.460786717503522,0.876098704580508
"ENSMUSG00000095524",1.6478522915021,-4.0790158007424,3.0138702353234,-1.35341454085687,0.175923234670213,0.876098704580508
"ENSMUSG00000095600",3.95147833666257e-05,-1.28437469997752,3.06913879378388,-0.418480487939758,0.675595849628591,0.876098704580508
"ENSMUSG00000095625",3.95147833666257e-05,-1.28437469997752,3.06913879378388,-0.418480487939758,0.675595849628591,0.876098704580508
"ENSMUSG00000095646",0.30881025281684,-1.72502604588146,3.06715443518544,-0.5624190376893,0.573830551167177,0.876098704580508
"ENSMUSG00000095664",0.197276672197601,-2.10120506970855,3.06209288870195,-0.686198997248339,0.49258763003571,0.876098704580508
"ENSMUSG00000095696",0.274642048583684,-1.72502604588146,3.06715443518544,-0.5624190376893,0.573830551167177,0.876098704580508
"ENSMUSG00000095834",0.0986383360988006,-1.72502604588146,3.06715443518544,-0.5624190376893,0.573830551167177,0.876098704580508
"ENSMUSG00000095841",0.274642048583684,-1.72502604588146,3.06715443518544,-0.5624190376893,0.573830551167177,0.876098704580508
"ENSMUSG00000095863",0.15440512640842,-1.72502604588146,3.06715443518544,-0.5624190376893,0.573830551167177,0.876098704580508
"ENSMUSG00000095870",4.32334353943576,-5.48395400440415,2.98717315188434,-1.83583398938384,0.0663822128627225,0.876098704580508
"ENSMUSG00000095872",0.15440512640842,-1.72502604588146,3.06715443518544,-0.5624190376893,0.573830551167177,0.876098704580508
"ENSMUSG00000095889",0.15440512640842,-1.72502604588146,3.06715443518544,-0.5624190376893,0.573830551167177,0.876098704580508
"ENSMUSG00000095958",0.30881025281684,-1.72502604588146,3.06715443518544,-0.5624190376893,0.573830551167177,0.876098704580508
"ENSMUSG00000096035",0.30881025281684,-1.72502604588146,3.06715443518544,-0.5624190376893,0.573830551167177,0.876098704580508
"ENSMUSG00000096044",0.30881025281684,-1.72502604588146,3.06715443518544,-0.5624190376893,0.573830551167177,0.876098704580508
"ENSMUSG00000096173",3.95147833666257e-05,-1.28437469997752,3.06913879378388,-0.418480487939758,0.675595849628591,0.876098704580508
"ENSMUSG00000096233",0.3870493007081,-2.57552507686479,3.05518949999086,-0.843000107480239,0.399228383683329,0.876098704580508
"ENSMUSG00000096276",0.295915008296402,-2.36313470922624,3.05843324320251,-0.772661857007471,0.439722525956278,0.876098704580508
"ENSMUSG00000096326",0.983560575917054,2.02647287220687,3.01898226886972,0.671243714513621,0.502065284623505,0.876098704580508
"ENSMUSG00000096405",0.197276672197601,-2.10120506970855,3.06209288870195,-0.686198997248339,0.49258763003571,0.876098704580508
"ENSMUSG00000096438",0.274642048583684,-1.72502604588146,3.06715443518544,-0.5624190376893,0.573830551167177,0.876098704580508
"ENSMUSG00000096448",0.617620505633681,-2.93027761283838,3.04873731958201,-0.961144666028534,0.336479434017222,0.876098704580508
"ENSMUSG00000096461",0.0774098601416201,-1.67784611285302,3.06756075417554,-0.546964264870432,0.584403283013636,0.876098704580508
"ENSMUSG00000096528",0.15481972028324,-1.97647658497433,3.06404624092385,-0.645054424628525,0.518891917027491,0.876098704580508
"ENSMUSG00000096537",0.30881025281684,-1.72502604588146,3.06715443518544,-0.5624190376893,0.573830551167177,0.876098704580508
"ENSMUSG00000096553",0.617620505633681,-2.25679853636401,3.05984996089455,-0.737552025493509,0.460786717503522,0.876098704580508
"ENSMUSG00000096557",0.228399399337433,-1.72502604588146,3.06715443518544,-0.5624190376893,0.573830551167177,0.876098704580508
"ENSMUSG00000096607",0.0774098601416201,-1.67784611285302,3.06756075417554,-0.546964264870432,0.584403283013636,0.876098704580508
"ENSMUSG00000096617",0.549284097167367,-2.25679853636401,3.05984996089455,-0.737552025493509,0.460786717503522,0.876098704580508
"ENSMUSG00000096735",0.274642048583684,-1.72502604588146,3.06715443518544,-0.5624190376893,0.573830551167177,0.876098704580508
"ENSMUSG00000096757",0.0986383360988006,-1.72502604588146,3.06715443518544,-0.5624190376893,0.573830551167177,0.876098704580508
"ENSMUSG00000096806",0.15440512640842,-1.72502604588146,3.06715443518544,-0.5624190376893,0.573830551167177,0.876098704580508
"ENSMUSG00000096826",0.228399399337433,-1.72502604588146,3.06715443518544,-0.5624190376893,0.573830551167177,0.876098704580508
"ENSMUSG00000096922",0.000118544350099877,-1.28278556126495,3.06913876610999,-0.417962711699356,0.675974380323377,0.876098704580508
"ENSMUSG00000096982",0.69668874127458,1.49632728064361,3.0328205173751,0.493378118510844,0.621745440469826,0.876098704580508
"ENSMUSG00000096999",0.274642048583684,-1.72502604588146,3.06715443518544,-0.5624190376893,0.573830551167177,0.876098704580508
"ENSMUSG00000097002",3.95147833666257e-05,-1.28437469997752,3.06913879378388,-0.418480487939758,0.675595849628591,0.876098704580508
"ENSMUSG00000097009",7.90295667332514e-05,-1.28357969332704,3.06913877993551,-0.418221457341208,0.675785208891514,0.876098704580508
"ENSMUSG00000097015",0.0986383360988006,-1.72502604588146,3.06715443518544,-0.5624190376893,0.573830551167177,0.876098704580508
"ENSMUSG00000097028",0.30881025281684,-1.72502604588146,3.06715443518544,-0.5624190376893,0.573830551167177,0.876098704580508
"ENSMUSG00000097050",0.0986383360988006,-1.72502604588146,3.06715443518544,-0.5624190376893,0.573830551167177,0.876098704580508
"ENSMUSG00000097052",0.274642048583684,-1.72502604588146,3.06715443518544,-0.5624190376893,0.573830551167177,0.876098704580508
"ENSMUSG00000097053",0.295915008296402,-2.36313470922624,3.05843324320251,-0.772661857007471,0.439722525956278,0.876098704580508
"ENSMUSG00000097076",0.0986383360988006,-1.72502604588146,3.06715443518544,-0.5624190376893,0.573830551167177,0.876098704580508
"ENSMUSG00000097089",0.30881025281684,-1.72502604588146,3.06715443518544,-0.5624190376893,0.573830551167177,0.876098704580508
"ENSMUSG00000097156",0.0986383360988006,-1.72502604588146,3.06715443518544,-0.5624190376893,0.573830551167177,0.876098704580508
"ENSMUSG00000097175",0.30881025281684,-1.72502604588146,3.06715443518544,-0.5624190376893,0.573830551167177,0.876098704580508
"ENSMUSG00000097182",0.274642048583684,-1.72502604588146,3.06715443518544,-0.5624190376893,0.573830551167177,0.876098704580508
"ENSMUSG00000097215",0.274642048583684,-1.72502604588146,3.06715443518544,-0.5624190376893,0.573830551167177,0.876098704580508
"ENSMUSG00000097232",0.228399399337433,-1.72502604588146,3.06715443518544,-0.5624190376893,0.573830551167177,0.876098704580508
"ENSMUSG00000097247",0.617620505633681,-2.25679853636401,3.05984996089455,-0.737552025493509,0.460786717503522,0.876098704580508
"ENSMUSG00000097361",0.463215379225261,-2.67598741681572,3.05321667632186,-0.876448578827828,0.38078621906369,0.876098704580508
"ENSMUSG00000097373",3.95147833666257e-05,-1.28437469997752,3.06913879378388,-0.418480487939758,0.675595849628591,0.876098704580508
"ENSMUSG00000097406",3.95147833666257e-05,-1.28437469997752,3.06913879378388,-0.418480487939758,0.675595849628591,0.876098704580508
"ENSMUSG00000097434",0.926430758450521,-2.88219348658732,3.04953088018298,-0.945126840759975,0.344594123762453,0.876098704580508
"ENSMUSG00000097442",3.95147833666257e-05,-1.28437469997752,3.06913879378388,-0.418480487939758,0.675595849628591,0.876098704580508
"ENSMUSG00000097495",0.0774098601416201,-1.67784611285302,3.06756075417554,-0.546964264870432,0.584403283013636,0.876098704580508
"ENSMUSG00000097504",0.30881025281684,-1.72502604588146,3.06715443518544,-0.5624190376893,0.573830551167177,0.876098704580508
"ENSMUSG00000097520",0.549284097167367,-2.25679853636401,3.05984996089455,-0.737552025493509,0.460786717503522,0.876098704580508
"ENSMUSG00000097565",2.7407927920492,-4.83705388600898,2.99640366903615,-1.61428646480229,0.106465304600834,0.876098704580508
"ENSMUSG00000097580",0.274642048583684,-1.72502604588146,3.06715443518544,-0.5624190376893,0.573830551167177,0.876098704580508
"ENSMUSG00000097604",0.00177816525149816,-1.25019433823654,3.06913820522301,-0.407343773606866,0.683755516916617,0.876098704580508
"ENSMUSG00000097612",7.90295667332514e-05,-1.28357969332704,3.06913877993551,-0.418221457341208,0.675785208891514,0.876098704580508
"ENSMUSG00000097619",0.463215379225261,-2.67598741681572,3.05321667632186,-0.876448578827828,0.38078621906369,0.876098704580508
"ENSMUSG00000097623",0.463215379225261,-2.67598741681572,3.05321667632186,-0.876448578827828,0.38078621906369,0.876098704580508
"ENSMUSG00000097624",0.617620505633681,-2.25679853636401,3.05984996089455,-0.737552025493509,0.460786717503522,0.876098704580508
"ENSMUSG00000097652",1.85286151690104,-4.23865132440863,3.00941678228771,-1.40846271256136,0.158994100677853,0.876098704580508
"ENSMUSG00000097685",7.90295667332514e-05,-1.28357969332704,3.06913877993551,-0.418221457341208,0.675785208891514,0.876098704580508
"ENSMUSG00000097686",0.197276672197601,-2.10120506970855,3.06209288870195,-0.686198997248339,0.49258763003571,0.876098704580508
"ENSMUSG00000097726",0.000118544350099877,-1.28278556126495,3.06913876610999,-0.417962711699356,0.675974380323377,0.876098704580508
"ENSMUSG00000097736",0.15440512640842,-1.72502604588146,3.06715443518544,-0.5624190376893,0.573830551167177,0.876098704580508
"ENSMUSG00000097740",0.30881025281684,-1.72502604588146,3.06715443518544,-0.5624190376893,0.573830551167177,0.876098704580508
"ENSMUSG00000097752",0.0986383360988006,-1.72502604588146,3.06715443518544,-0.5624190376893,0.573830551167177,0.876098704580508
"ENSMUSG00000097789",1.71992053020085,-1.29621430768593,2.41354705973328,-0.537057813916908,0.591227679652113,0.876098704580508
"ENSMUSG00000097816",0.000118544350099877,-1.28278556126495,3.06913876610999,-0.417962711699356,0.675974380323377,0.876098704580508
"ENSMUSG00000097850",0.30881025281684,-1.72502604588146,3.06715443518544,-0.5624190376893,0.573830551167177,0.876098704580508
"ENSMUSG00000097898",0.15440512640842,-1.72502604588146,3.06715443518544,-0.5624190376893,0.573830551167177,0.876098704580508
"ENSMUSG00000097903",0.0986383360988006,-1.72502604588146,3.06715443518544,-0.5624190376893,0.573830551167177,0.876098704580508
"ENSMUSG00000097924",0.228399399337433,-1.72502604588146,3.06715443518544,-0.5624190376893,0.573830551167177,0.876098704580508
"ENSMUSG00000097927",0.0986383360988006,-1.72502604588146,3.06715443518544,-0.5624190376893,0.573830551167177,0.876098704580508
"ENSMUSG00000097933",0.274642048583684,-1.72502604588146,3.06715443518544,-0.5624190376893,0.573830551167177,0.876098704580508
"ENSMUSG00000097939",0.30881025281684,-1.72502604588146,3.06715443518544,-0.5624190376893,0.573830551167177,0.876098704580508
"ENSMUSG00000097949",3.95147833666257e-05,-1.28437469997752,3.06913879378388,-0.418480487939758,0.675595849628591,0.876098704580508
"ENSMUSG00000098010",0.0774098601416201,-1.67784611285302,3.06756075417554,-0.546964264870432,0.584403283013636,0.876098704580508
"ENSMUSG00000098011",0.274642048583684,-1.72502604588146,3.06715443518544,-0.5624190376893,0.573830551167177,0.876098704580508
"ENSMUSG00000098026",0.228399399337433,-1.72502604588146,3.06715443518544,-0.5624190376893,0.573830551167177,0.876098704580508
"ENSMUSG00000098042",0.274642048583684,-1.72502604588146,3.06715443518544,-0.5624190376893,0.573830551167177,0.876098704580508
"ENSMUSG00000098052",0.228399399337433,-1.72502604588146,3.06715443518544,-0.5624190376893,0.573830551167177,0.876098704580508
"ENSMUSG00000098064",7.90295667332514e-05,-1.28357969332704,3.06913877993551,-0.418221457341208,0.675785208891514,0.876098704580508
"ENSMUSG00000098093",7.90295667332514e-05,-1.28357969332704,3.06913877993551,-0.418221457341208,0.675785208891514,0.876098704580508
"ENSMUSG00000098095",3.95147833666257e-05,-1.28437469997752,3.06913879378388,-0.418480487939758,0.675595849628591,0.876098704580508
"ENSMUSG00000098097",0.30881025281684,-1.72502604588146,3.06715443518544,-0.5624190376893,0.573830551167177,0.876098704580508
"ENSMUSG00000098128",0.0986383360988006,-1.72502604588146,3.06715443518544,-0.5624190376893,0.573830551167177,0.876098704580508
"ENSMUSG00000098129",0.0986383360988006,-1.72502604588146,3.06715443518544,-0.5624190376893,0.573830551167177,0.876098704580508
"ENSMUSG00000098165",0.549284097167367,-2.25679853636401,3.05984996089455,-0.737552025493509,0.460786717503522,0.876098704580508
"ENSMUSG00000098179",3.95147833666257e-05,-1.28437469997752,3.06913879378388,-0.418480487939758,0.675595849628591,0.876098704580508
"ENSMUSG00000098201",0.23222958042486,-2.21608993519735,3.06041680539324,-0.724113764926409,0.468995894596022,0.876098704580508
"ENSMUSG00000098225",0.30881025281684,-1.72502604588146,3.06715443518544,-0.5624190376893,0.573830551167177,0.876098704580508
"ENSMUSG00000098229",3.95147833666257e-05,-1.28437469997752,3.06913879378388,-0.418480487939758,0.675595849628591,0.876098704580508
"ENSMUSG00000098245",3.95147833666257e-05,-1.28437469997752,3.06913879378388,-0.418480487939758,0.675595849628591,0.876098704580508
"ENSMUSG00000098255",3.95147833666257e-05,-1.28437469997752,3.06913879378388,-0.418480487939758,0.675595849628591,0.876098704580508
"ENSMUSG00000098259",0.274642048583684,-1.72502604588146,3.06715443518544,-0.5624190376893,0.573830551167177,0.876098704580508
"ENSMUSG00000098275",0.549284097167367,-2.25679853636401,3.05984996089455,-0.737552025493509,0.460786717503522,0.876098704580508
"ENSMUSG00000098276",0.000118544350099877,-1.28278556126495,3.06913876610999,-0.417962711699356,0.675974380323377,0.876098704580508
"ENSMUSG00000098290",0.0774098601416201,-1.67784611285302,3.06756075417554,-0.546964264870432,0.584403283013636,0.876098704580508
"ENSMUSG00000098380",0.0774098601416201,-1.67784611285302,3.06756075417554,-0.546964264870432,0.584403283013636,0.876098704580508
"ENSMUSG00000098438",0.228399399337433,-1.72502604588146,3.06715443518544,-0.5624190376893,0.573830551167177,0.876098704580508
"ENSMUSG00000098456",0.30881025281684,-1.72502604588146,3.06715443518544,-0.5624190376893,0.573830551167177,0.876098704580508
"ENSMUSG00000098468",0.15440512640842,-1.72502604588146,3.06715443518544,-0.5624190376893,0.573830551167177,0.876098704580508
"ENSMUSG00000098515",0.274642048583684,-1.72502604588146,3.06715443518544,-0.5624190376893,0.573830551167177,0.876098704580508
"ENSMUSG00000098569",0.274642048583684,-1.72502604588146,3.06715443518544,-0.5624190376893,0.573830551167177,0.876098704580508
"ENSMUSG00000098588",0.000118544350099877,-1.28278556126495,3.06913876610999,-0.417962711699356,0.675974380323377,0.876098704580508
"ENSMUSG00000098613",0.274642048583684,-1.72502604588146,3.06715443518544,-0.5624190376893,0.573830551167177,0.876098704580508
"ENSMUSG00000098620",0.0986383360988006,-1.72502604588146,3.06715443518544,-0.5624190376893,0.573830551167177,0.876098704580508
"ENSMUSG00000098686",0.617620505633681,-2.25679853636401,3.05984996089455,-0.737552025493509,0.460786717503522,0.876098704580508
"ENSMUSG00000098701",0.228399399337433,-1.72502604588146,3.06715443518544,-0.5624190376893,0.573830551167177,0.876098704580508
"ENSMUSG00000098730",0.30881025281684,-1.72502604588146,3.06715443518544,-0.5624190376893,0.573830551167177,0.876098704580508
"ENSMUSG00000098741",1.92249434008579,-4.30575282889785,3.0076827482688,-1.43158477448335,0.152262689565341,0.876098704580508
"ENSMUSG00000098897",0.0774098601416201,-1.67784611285302,3.06756075417554,-0.546964264870432,0.584403283013636,0.876098704580508
"ENSMUSG00000098907",0.274642048583684,-1.72502604588146,3.06715443518544,-0.5624190376893,0.573830551167177,0.876098704580508
"ENSMUSG00000099003",0.274642048583684,-1.72502604588146,3.06715443518544,-0.5624190376893,0.573830551167177,0.876098704580508
"ENSMUSG00000099025",0.0986383360988006,-1.72502604588146,3.06715443518544,-0.5624190376893,0.573830551167177,0.876098704580508
"ENSMUSG00000099034",0.394553344395202,-2.57706962205662,3.05515824203595,-0.843514285642783,0.398940879583754,0.876098704580508
"ENSMUSG00000099051",0.30881025281684,-1.72502604588146,3.06715443518544,-0.5624190376893,0.573830551167177,0.876098704580508
"ENSMUSG00000099139",0.15481972028324,-1.97647658497433,3.06404624092385,-0.645054424628525,0.518891917027491,0.876098704580508
"ENSMUSG00000099180",0.274642048583684,-1.72502604588146,3.06715443518544,-0.5624190376893,0.573830551167177,0.876098704580508
"ENSMUSG00000099197",0.0986383360988006,-1.72502604588146,3.06715443518544,-0.5624190376893,0.573830551167177,0.876098704580508
"ENSMUSG00000099289",0.15440512640842,-1.72502604588146,3.06715443518544,-0.5624190376893,0.573830551167177,0.876098704580508
"ENSMUSG00000099315",3.95147833666257e-05,-1.28437469997752,3.06913879378388,-0.418480487939758,0.675595849628591,0.876098704580508
"ENSMUSG00000099343",0.15440512640842,-1.72502604588146,3.06715443518544,-0.5624190376893,0.573830551167177,0.876098704580508
"ENSMUSG00000099385",0.274642048583684,-1.72502604588146,3.06715443518544,-0.5624190376893,0.573830551167177,0.876098704580508
"ENSMUSG00000099448",0.228399399337433,-1.72502604588146,3.06715443518544,-0.5624190376893,0.573830551167177,0.876098704580508
"ENSMUSG00000099464",0.617620505633681,-2.25679853636401,3.05984996089455,-0.737552025493509,0.460786717503522,0.876098704580508
"ENSMUSG00000099517",0.926430758450521,-2.88219348658732,3.04953088018298,-0.945126840759975,0.344594123762453,0.876098704580508
"ENSMUSG00000099561",7.90295667332514e-05,-1.28357969332704,3.06913877993551,-0.418221457341208,0.675785208891514,0.876098704580508
"ENSMUSG00000099576",0.30881025281684,-1.72502604588146,3.06715443518544,-0.5624190376893,0.573830551167177,0.876098704580508
"ENSMUSG00000099617",0.000118544350099877,-1.28278556126495,3.06913876610999,-0.417962711699356,0.675974380323377,0.876098704580508
"ENSMUSG00000099625",0.394553344395202,-2.57706962205662,3.05515824203595,-0.843514285642783,0.398940879583754,0.876098704580508
"ENSMUSG00000099634",0.617620505633681,-2.25679853636401,3.05984996089455,-0.737552025493509,0.460786717503522,0.876098704580508
"ENSMUSG00000099662",4.32334353943576,-5.48395400440415,2.98717315188434,-1.83583398938384,0.0663822128627225,0.876098704580508
"ENSMUSG00000099686",0.30881025281684,-1.72502604588146,3.06715443518544,-0.5624190376893,0.573830551167177,0.876098704580508
"ENSMUSG00000099696",0.274642048583684,-1.72502604588146,3.06715443518544,-0.5624190376893,0.573830551167177,0.876098704580508
"ENSMUSG00000099714",7.90295667332514e-05,-1.28357969332704,3.06913877993551,-0.418221457341208,0.675785208891514,0.876098704580508
"ENSMUSG00000099719",0.0986383360988006,-1.72502604588146,3.06715443518544,-0.5624190376893,0.573830551167177,0.876098704580508
"ENSMUSG00000099749",0.30881025281684,-1.72502604588146,3.06715443518544,-0.5624190376893,0.573830551167177,0.876098704580508
"ENSMUSG00000099798",0.30881025281684,-1.72502604588146,3.06715443518544,-0.5624190376893,0.573830551167177,0.876098704580508
"ENSMUSG00000099803",0.456798798674866,-2.25679853636401,3.05984996089455,-0.737552025493509,0.460786717503522,0.876098704580508
"ENSMUSG00000099811",0.30881025281684,-1.72502604588146,3.06715443518544,-0.5624190376893,0.573830551167177,0.876098704580508
"ENSMUSG00000099819",0.197276672197601,-2.10120506970855,3.06209288870195,-0.686198997248339,0.49258763003571,0.876098704580508
"ENSMUSG00000099820",1.09856819433473,-3.48152640544173,3.03528348872783,-1.14701853002236,0.25137396265467,0.876098704580508
"ENSMUSG00000099827",0.274642048583684,-1.72502604588146,3.06715443518544,-0.5624190376893,0.573830551167177,0.876098704580508
"ENSMUSG00000099851",3.95147833666257e-05,-1.28437469997752,3.06913879378388,-0.418480487939758,0.675595849628591,0.876098704580508
"ENSMUSG00000099890",0.228399399337433,-1.72502604588146,3.06715443518544,-0.5624190376893,0.573830551167177,0.876098704580508
"ENSMUSG00000099906",4.01453328661892,-5.37570134372468,2.98844852799455,-1.79882681376886,0.0720460803941289,0.876098704580508
"ENSMUSG00000099989",0.549284097167367,-2.25679853636401,3.05984996089455,-0.737552025493509,0.460786717503522,0.876098704580508
"ENSMUSG00000100014",3.95147833666257e-05,-1.28437469997752,3.06913879378388,-0.418480487939758,0.675595849628591,0.876098704580508
"ENSMUSG00000100081",0.274642048583684,-1.72502604588146,3.06715443518544,-0.5624190376893,0.573830551167177,0.876098704580508
"ENSMUSG00000100170",0.823926145751051,-2.88219348658732,3.04953088018298,-0.945126840759975,0.344594123762453,0.876098704580508
"ENSMUSG00000100178",0.0774098601416201,-1.67784611285302,3.06756075417554,-0.546964264870432,0.584403283013636,0.876098704580508
"ENSMUSG00000100204",3.95147833666257e-05,-1.28437469997752,3.06913879378388,-0.418480487939758,0.675595849628591,0.876098704580508
"ENSMUSG00000100212",0.456798798674866,-2.25679853636401,3.05984996089455,-0.737552025493509,0.460786717503522,0.876098704580508
"ENSMUSG00000100220",0.274642048583684,-1.72502604588146,3.06715443518544,-0.5624190376893,0.573830551167177,0.876098704580508
"ENSMUSG00000100252",0.0986383360988006,-1.72502604588146,3.06715443518544,-0.5624190376893,0.573830551167177,0.876098704580508
"ENSMUSG00000100303",0.000118544350099877,-1.28278556126495,3.06913876610999,-0.417962711699356,0.675974380323377,0.876098704580508
"ENSMUSG00000100349",0.0986383360988006,-1.72502604588146,3.06715443518544,-0.5624190376893,0.573830551167177,0.876098704580508
"ENSMUSG00000100448",0.870860926593226,1.835518892086,3.02342574919787,0.607099047354802,0.543785182356706,0.876098704580508
"ENSMUSG00000100515",3.95147833666257e-05,-1.28437469997752,3.06913879378388,-0.418480487939758,0.675595849628591,0.876098704580508
"ENSMUSG00000100625",0.274642048583684,-1.72502604588146,3.06715443518544,-0.5624190376893,0.573830551167177,0.876098704580508
"ENSMUSG00000100636",0.0986383360988006,-1.72502604588146,3.06715443518544,-0.5624190376893,0.573830551167177,0.876098704580508
"ENSMUSG00000100685",0.000118544350099877,-1.28278556126495,3.06913876610999,-0.417962711699356,0.675974380323377,0.876098704580508
"ENSMUSG00000100744",0.15440512640842,-1.72502604588146,3.06715443518544,-0.5624190376893,0.573830551167177,0.876098704580508
"ENSMUSG00000100750",0.228399399337433,-1.72502604588146,3.06715443518544,-0.5624190376893,0.573830551167177,0.876098704580508
"ENSMUSG00000100788",0.0774098601416201,-1.67784611285302,3.06756075417554,-0.546964264870432,0.584403283013636,0.876098704580508
"ENSMUSG00000100815",0.3870493007081,-2.57552507686479,3.05518949999086,-0.843000107480239,0.399228383683329,0.876098704580508
"ENSMUSG00000100880",3.95147833666257e-05,-1.28437469997752,3.06913879378388,-0.418480487939758,0.675595849628591,0.876098704580508
"ENSMUSG00000100899",0.0986383360988006,-1.72502604588146,3.06715443518544,-0.5624190376893,0.573830551167177,0.876098704580508
"ENSMUSG00000100916",0.30881025281684,-1.72502604588146,3.06715443518544,-0.5624190376893,0.573830551167177,0.876098704580508
"ENSMUSG00000100944",3.95147833666257e-05,-1.28437469997752,3.06913879378388,-0.418480487939758,0.675595849628591,0.876098704580508
"ENSMUSG00000101014",0.0986383360988006,-1.72502604588146,3.06715443518544,-0.5624190376893,0.573830551167177,0.876098704580508
"ENSMUSG00000101059",0.000118544350099877,-1.28278556126495,3.06913876610999,-0.417962711699356,0.675974380323377,0.876098704580508
"ENSMUSG00000101130",0.0986383360988006,-1.72502604588146,3.06715443518544,-0.5624190376893,0.573830551167177,0.876098704580508
"ENSMUSG00000101133",0.0986383360988006,-1.72502604588146,3.06715443518544,-0.5624190376893,0.573830551167177,0.876098704580508
"ENSMUSG00000101281",0.0774098601416201,-1.67784611285302,3.06756075417554,-0.546964264870432,0.584403283013636,0.876098704580508
"ENSMUSG00000101344",7.90295667332514e-05,-1.28357969332704,3.06913877993551,-0.418221457341208,0.675785208891514,0.876098704580508
"ENSMUSG00000101406",0.274642048583684,-1.72502604588146,3.06715443518544,-0.5624190376893,0.573830551167177,0.876098704580508
"ENSMUSG00000101511",7.90295667332514e-05,-1.28357969332704,3.06913877993551,-0.418221457341208,0.675785208891514,0.876098704580508
"ENSMUSG00000101603",0.549284097167367,-2.25679853636401,3.05984996089455,-0.737552025493509,0.460786717503522,0.876098704580508
"ENSMUSG00000101615",0.0986383360988006,-1.72502604588146,3.06715443518544,-0.5624190376893,0.573830551167177,0.876098704580508
"ENSMUSG00000101630",0.549284097167367,-2.25679853636401,3.05984996089455,-0.737552025493509,0.460786717503522,0.876098704580508
"ENSMUSG00000101671",0.30881025281684,-1.72502604588146,3.06715443518544,-0.5624190376893,0.573830551167177,0.876098704580508
"ENSMUSG00000101680",0.926430758450521,-2.88219348658732,3.04953088018298,-0.945126840759975,0.344594123762453,0.876098704580508
"ENSMUSG00000101682",3.95147833666257e-05,-1.28437469997752,3.06913879378388,-0.418480487939758,0.675595849628591,0.876098704580508
"ENSMUSG00000101708",0.0774098601416201,-1.67784611285302,3.06756075417554,-0.546964264870432,0.584403283013636,0.876098704580508
"ENSMUSG00000101739",0.0986383360988006,-1.72502604588146,3.06715443518544,-0.5624190376893,0.573830551167177,0.876098704580508
"ENSMUSG00000101746",0.926430758450521,-2.88219348658732,3.04953088018298,-0.945126840759975,0.344594123762453,0.876098704580508
"ENSMUSG00000101784",3.95147833666257e-05,-1.28437469997752,3.06913879378388,-0.418480487939758,0.675595849628591,0.876098704580508
"ENSMUSG00000101814",0.30881025281684,-1.72502604588146,3.06715443518544,-0.5624190376893,0.573830551167177,0.876098704580508
"ENSMUSG00000101855",0.0774098601416201,-1.67784611285302,3.06756075417554,-0.546964264870432,0.584403283013636,0.876098704580508
"ENSMUSG00000101894",0.15440512640842,-1.72502604588146,3.06715443518544,-0.5624190376893,0.573830551167177,0.876098704580508
"ENSMUSG00000101912",0.228399399337433,-1.72502604588146,3.06715443518544,-0.5624190376893,0.573830551167177,0.876098704580508
"ENSMUSG00000101921",0.197276672197601,-2.10120506970855,3.06209288870195,-0.686198997248339,0.49258763003571,0.876098704580508
"ENSMUSG00000101944",0.463215379225261,-2.67598741681572,3.05321667632186,-0.876448578827828,0.38078621906369,0.876098704580508
"ENSMUSG00000101945",0.0774098601416201,-1.67784611285302,3.06756075417554,-0.546964264870432,0.584403283013636,0.876098704580508
"ENSMUSG00000101949",3.95147833666257e-05,-1.28437469997752,3.06913879378388,-0.418480487939758,0.675595849628591,0.876098704580508
"ENSMUSG00000101964",0.197276672197601,-2.10120506970855,3.06209288870195,-0.686198997248339,0.49258763003571,0.876098704580508
"ENSMUSG00000102027",0.0774098601416201,-1.67784611285302,3.06756075417554,-0.546964264870432,0.584403283013636,0.876098704580508
"ENSMUSG00000102069",0.0774098601416201,-1.67784611285302,3.06756075417554,-0.546964264870432,0.584403283013636,0.876098704580508
"ENSMUSG00000102080",0.000118544350099877,-1.28278556126495,3.06913876610999,-0.417962711699356,0.675974380323377,0.876098704580508
"ENSMUSG00000102098",3.70572303380208,-5.25866613465345,2.98993771533565,-1.75878785289784,0.0786135487509678,0.876098704580508
"ENSMUSG00000102121",0.000316118266933005,-1.27882794439723,3.06913869732279,-0.416673233279665,0.676917435256799,0.876098704580508
"ENSMUSG00000102136",0.15440512640842,-1.72502604588146,3.06715443518544,-0.5624190376893,0.573830551167177,0.876098704580508
"ENSMUSG00000102147",0.274642048583684,-1.72502604588146,3.06715443518544,-0.5624190376893,0.573830551167177,0.876098704580508
"ENSMUSG00000102162",0.23222958042486,-2.21608993519735,3.06041680539324,-0.724113764926409,0.468995894596022,0.876098704580508
"ENSMUSG00000102175",0.0986383360988006,-1.72502604588146,3.06715443518544,-0.5624190376893,0.573830551167177,0.876098704580508
"ENSMUSG00000102191",0.926430758450521,-2.88219348658732,3.04953088018298,-0.945126840759975,0.344594123762453,0.876098704580508
"ENSMUSG00000102198",0.30881025281684,-2.25679853636401,3.05984996089455,-0.737552025493509,0.460786717503522,0.876098704580508
"ENSMUSG00000102201",0.0774098601416201,-1.67784611285302,3.06756075417554,-0.546964264870432,0.584403283013636,0.876098704580508
"ENSMUSG00000102224",3.95147833666257e-05,-1.28437469997752,3.06913879378388,-0.418480487939758,0.675595849628591,0.876098704580508
"ENSMUSG00000102272",0.30881025281684,-1.72502604588146,3.06715443518544,-0.5624190376893,0.573830551167177,0.876098704580508
"ENSMUSG00000102293",0.0774098601416201,-1.67784611285302,3.06756075417554,-0.546964264870432,0.584403283013636,0.876098704580508
"ENSMUSG00000102313",0.394553344395202,-2.57706962205662,3.05515824203595,-0.843514285642783,0.398940879583754,0.876098704580508
"ENSMUSG00000102332",7.90295667332514e-05,-1.28357969332704,3.06913877993551,-0.418221457341208,0.675785208891514,0.876098704580508
"ENSMUSG00000102343",0.274642048583684,-1.72502604588146,3.06715443518544,-0.5624190376893,0.573830551167177,0.876098704580508
"ENSMUSG00000102403",0.15440512640842,-1.72502604588146,3.06715443518544,-0.5624190376893,0.573830551167177,0.876098704580508
"ENSMUSG00000102433",0.228399399337433,-1.72502604588146,3.06715443518544,-0.5624190376893,0.573830551167177,0.876098704580508
"ENSMUSG00000102439",0.15440512640842,-1.72502604588146,3.06715443518544,-0.5624190376893,0.573830551167177,0.876098704580508
"ENSMUSG00000102443",1.37321024291842,-3.80994266964429,3.02254233689052,-1.26050928158836,0.207485701758826,0.876098704580508
"ENSMUSG00000102461",0.197276672197601,-2.10120506970855,3.06209288870195,-0.686198997248339,0.49258763003571,0.876098704580508
"ENSMUSG00000102465",0.274642048583684,-1.72502604588146,3.06715443518544,-0.5624190376893,0.573830551167177,0.876098704580508
"ENSMUSG00000102500",0.30881025281684,-1.72502604588146,3.06715443518544,-0.5624190376893,0.573830551167177,0.876098704580508
"ENSMUSG00000102501",0.15440512640842,-1.72502604588146,3.06715443518544,-0.5624190376893,0.573830551167177,0.876098704580508
"ENSMUSG00000102517",3.95147833666257e-05,-1.28437469997752,3.06913879378388,-0.418480487939758,0.675595849628591,0.876098704580508
"ENSMUSG00000102524",3.95147833666257e-05,-1.28437469997752,3.06913879378388,-0.418480487939758,0.675595849628591,0.876098704580508
"ENSMUSG00000102578",0.0986383360988006,-1.72502604588146,3.06715443518544,-0.5624190376893,0.573830551167177,0.876098704580508
"ENSMUSG00000102606",0.228399399337433,-1.72502604588146,3.06715443518544,-0.5624190376893,0.573830551167177,0.876098704580508
"ENSMUSG00000102637",3.95147833666257e-05,-1.28437469997752,3.06913879378388,-0.418480487939758,0.675595849628591,0.876098704580508
"ENSMUSG00000102663",0.30881025281684,-1.72502604588146,3.06715443518544,-0.5624190376893,0.573830551167177,0.876098704580508
"ENSMUSG00000102694",0.549284097167367,-2.25679853636401,3.05984996089455,-0.737552025493509,0.460786717503522,0.876098704580508
"ENSMUSG00000102697",0.000790295667332514,-1.26941726944563,3.06913853451173,-0.413607028542811,0.679161925009562,0.876098704580508
"ENSMUSG00000102702",0.549284097167367,-2.25679853636401,3.05984996089455,-0.737552025493509,0.460786717503522,0.876098704580508
"ENSMUSG00000102709",0.549284097167367,-2.25679853636401,3.05984996089455,-0.737552025493509,0.460786717503522,0.876098704580508
"ENSMUSG00000102713",0.228399399337433,-1.72502604588146,3.06715443518544,-0.5624190376893,0.573830551167177,0.876098704580508
"ENSMUSG00000102718",0.228399399337433,-1.72502604588146,3.06715443518544,-0.5624190376893,0.573830551167177,0.876098704580508
"ENSMUSG00000102733",0.197276672197601,-2.10120506970855,3.06209288870195,-0.686198997248339,0.49258763003571,0.876098704580508
"ENSMUSG00000102745",0.228399399337433,-1.72502604588146,3.06715443518544,-0.5624190376893,0.573830551167177,0.876098704580508
"ENSMUSG00000102762",0.15440512640842,-1.72502604588146,3.06715443518544,-0.5624190376893,0.573830551167177,0.876098704580508
"ENSMUSG00000102784",0.0774098601416201,-1.67784611285302,3.06756075417554,-0.546964264870432,0.584403283013636,0.876098704580508
"ENSMUSG00000102788",0.228399399337433,-1.72502604588146,3.06715443518544,-0.5624190376893,0.573830551167177,0.876098704580508
"ENSMUSG00000102808",0.30881025281684,-1.72502604588146,3.06715443518544,-0.5624190376893,0.573830551167177,0.876098704580508
"ENSMUSG00000102828",0.823926145751051,-2.88219348658732,3.04953088018298,-0.945126840759975,0.344594123762453,0.876098704580508
"ENSMUSG00000102830",0.926430758450521,-2.88219348658732,3.04953088018298,-0.945126840759975,0.344594123762453,0.876098704580508
"ENSMUSG00000102860",0.15440512640842,-1.72502604588146,3.06715443518544,-0.5624190376893,0.573830551167177,0.876098704580508
"ENSMUSG00000102864",0.274642048583684,-1.72502604588146,3.06715443518544,-0.5624190376893,0.573830551167177,0.876098704580508
"ENSMUSG00000102893",0.000158059133466503,-1.281992301629,3.06913875230725,-0.417704250309718,0.676163364361256,0.876098704580508
"ENSMUSG00000102909",3.95147833666257e-05,-1.28437469997752,3.06913879378388,-0.418480487939758,0.675595849628591,0.876098704580508
"ENSMUSG00000102926",0.15440512640842,-1.72502604588146,3.06715443518544,-0.5624190376893,0.573830551167177,0.876098704580508
"ENSMUSG00000102936",0.15440512640842,-1.72502604588146,3.06715443518544,-0.5624190376893,0.573830551167177,0.876098704580508
"ENSMUSG00000102942",0.549284097167367,-2.25679853636401,3.05984996089455,-0.737552025493509,0.460786717503522,0.876098704580508
"ENSMUSG00000102963",0.15481972028324,-1.97647658497433,3.06404624092385,-0.645054424628525,0.518891917027491,0.876098704580508
"ENSMUSG00000103035",0.274642048583684,-1.72502604588146,3.06715443518544,-0.5624190376893,0.573830551167177,0.876098704580508
"ENSMUSG00000103042",0.69668874127458,1.49632728064361,3.0328205173751,0.493378118510844,0.621745440469826,0.876098704580508
"ENSMUSG00000103050",3.95147833666257e-05,-1.28437469997752,3.06913879378388,-0.418480487939758,0.675595849628591,0.876098704580508
"ENSMUSG00000103067",0.197276672197601,-2.10120506970855,3.06209288870195,-0.686198997248339,0.49258763003571,0.876098704580508
"ENSMUSG00000103071",0.0774098601416201,-1.67784611285302,3.06756075417554,-0.546964264870432,0.584403283013636,0.876098704580508
"ENSMUSG00000103161",0.228399399337433,-1.72502604588146,3.06715443518544,-0.5624190376893,0.573830551167177,0.876098704580508
"ENSMUSG00000103166",0.0986383360988006,-1.72502604588146,3.06715443518544,-0.5624190376893,0.573830551167177,0.876098704580508
"ENSMUSG00000103170",0.617620505633681,-2.25679853636401,3.05984996089455,-0.737552025493509,0.460786717503522,0.876098704580508
"ENSMUSG00000103175",0.274642048583684,-1.72502604588146,3.06715443518544,-0.5624190376893,0.573830551167177,0.876098704580508
"ENSMUSG00000103199",0.685198198012299,-2.88219348658732,3.04953088018298,-0.945126840759975,0.344594123762453,0.876098704580508
"ENSMUSG00000103204",0.274642048583684,-1.72502604588146,3.06715443518544,-0.5624190376893,0.573830551167177,0.876098704580508
"ENSMUSG00000103219",0.197276672197601,-2.10120506970855,3.06209288870195,-0.686198997248339,0.49258763003571,0.876098704580508
"ENSMUSG00000103247",0.274642048583684,-1.72502604588146,3.06715443518544,-0.5624190376893,0.573830551167177,0.876098704580508
"ENSMUSG00000103254",1.09856819433473,-3.48152640544173,3.03528348872783,-1.14701853002236,0.25137396265467,0.876098704580508
"ENSMUSG00000103265",0.456798798674866,-2.25679853636401,3.05984996089455,-0.737552025493509,0.460786717503522,0.876098704580508
"ENSMUSG00000103307",0.30881025281684,-2.25679853636401,3.05984996089455,-0.737552025493509,0.460786717503522,0.876098704580508
"ENSMUSG00000103310",0.000434662617032883,-1.2764637322467,3.06913865632041,-0.415902921042041,0.677481041964446,0.876098704580508
"ENSMUSG00000103314",0.274642048583684,-1.72502604588146,3.06715443518544,-0.5624190376893,0.573830551167177,0.876098704580508
"ENSMUSG00000103331",0.197276672197601,-2.10120506970855,3.06209288870195,-0.686198997248339,0.49258763003571,0.876098704580508
"ENSMUSG00000103360",0.274642048583684,-1.72502604588146,3.06715443518544,-0.5624190376893,0.573830551167177,0.876098704580508
"ENSMUSG00000103375",0.15440512640842,-1.72502604588146,3.06715443518544,-0.5624190376893,0.573830551167177,0.876098704580508
"ENSMUSG00000103393",0.000158059133466503,-1.281992301629,3.06913875230725,-0.417704250309718,0.676163364361256,0.876098704580508
"ENSMUSG00000103424",0.15440512640842,-1.72502604588146,3.06715443518544,-0.5624190376893,0.573830551167177,0.876098704580508
"ENSMUSG00000103477",0.15440512640842,-1.72502604588146,3.06715443518544,-0.5624190376893,0.573830551167177,0.876098704580508
"ENSMUSG00000103511",0.0986383360988006,-1.72502604588146,3.06715443518544,-0.5624190376893,0.573830551167177,0.876098704580508
"ENSMUSG00000103523",0.926430758450521,-2.88219348658732,3.04953088018298,-0.945126840759975,0.344594123762453,0.876098704580508
"ENSMUSG00000103548",0.0774098601416201,-1.67784611285302,3.06756075417554,-0.546964264870432,0.584403283013636,0.876098704580508
"ENSMUSG00000103562",0.000237088700199754,-1.28040839102891,3.06913872476985,-0.417188177482894,0.676540771995111,0.876098704580508
"ENSMUSG00000103590",0.30881025281684,-1.72502604588146,3.06715443518544,-0.5624190376893,0.573830551167177,0.876098704580508
"ENSMUSG00000103598",0.274642048583684,-1.72502604588146,3.06715443518544,-0.5624190376893,0.573830551167177,0.876098704580508
"ENSMUSG00000103613",0.0986383360988006,-1.72502604588146,3.06715443518544,-0.5624190376893,0.573830551167177,0.876098704580508
"ENSMUSG00000103634",0.685198198012299,-2.88219348658732,3.04953088018298,-0.945126840759975,0.344594123762453,0.876098704580508
"ENSMUSG00000103647",0.15440512640842,-1.72502604588146,3.06715443518544,-0.5624190376893,0.573830551167177,0.876098704580508
"ENSMUSG00000103707",0.00027660348356638,-1.2796177357824,3.06913871103506,-0.416930564650449,0.676729196457013,0.876098704580508
"ENSMUSG00000103713",3.95147833666257e-05,-1.28437469997752,3.06913879378388,-0.418480487939758,0.675595849628591,0.876098704580508
"ENSMUSG00000103716",0.0986383360988006,-1.72502604588146,3.06715443518544,-0.5624190376893,0.573830551167177,0.876098704580508
"ENSMUSG00000103785",7.90295667332514e-05,-1.28357969332704,3.06913877993551,-0.418221457341208,0.675785208891514,0.876098704580508
"ENSMUSG00000103791",0.0774098601416201,-1.67784611285302,3.06756075417554,-0.546964264870432,0.584403283013636,0.876098704580508
"ENSMUSG00000103880",0.228399399337433,-1.72502604588146,3.06715443518544,-0.5624190376893,0.573830551167177,0.876098704580508
"ENSMUSG00000103884",0.15481972028324,-1.97647658497433,3.06404624092385,-0.645054424628525,0.518891917027491,0.876098704580508
"ENSMUSG00000103891",3.95147833666257e-05,-1.28437469997752,3.06913879378388,-0.418480487939758,0.675595849628591,0.876098704580508
"ENSMUSG00000103920",3.95147833666257e-05,-1.28437469997752,3.06913879378388,-0.418480487939758,0.675595849628591,0.876098704580508
"ENSMUSG00000103955",0.15440512640842,-1.72502604588146,3.06715443518544,-0.5624190376893,0.573830551167177,0.876098704580508
"ENSMUSG00000103972",0.15440512640842,-1.72502604588146,3.06715443518544,-0.5624190376893,0.573830551167177,0.876098704580508
"ENSMUSG00000104029",0.228399399337433,-1.72502604588146,3.06715443518544,-0.5624190376893,0.573830551167177,0.876098704580508
"ENSMUSG00000104148",0.000118544350099877,-1.28278556126495,3.06913876610999,-0.417962711699356,0.675974380323377,0.876098704580508
"ENSMUSG00000104153",3.95147833666257e-05,-1.28437469997752,3.06913879378388,-0.418480487939758,0.675595849628591,0.876098704580508
"ENSMUSG00000104161",0.617620505633681,-2.25679853636401,3.05984996089455,-0.737552025493509,0.460786717503522,0.876098704580508
"ENSMUSG00000104202",1.23524101126736,-3.63412723896647,3.02910877412275,-1.19973480979366,0.230242349311484,0.876098704580508
"ENSMUSG00000104226",0.15440512640842,-1.72502604588146,3.06715443518544,-0.5624190376893,0.573830551167177,0.876098704580508
"ENSMUSG00000104227",3.95147833666257e-05,-1.28437469997752,3.06913879378388,-0.418480487939758,0.675595849628591,0.876098704580508
"ENSMUSG00000104243",0.274642048583684,-1.72502604588146,3.06715443518544,-0.5624190376893,0.573830551167177,0.876098704580508
"ENSMUSG00000104328",0.228399399337433,-1.72502604588146,3.06715443518544,-0.5624190376893,0.573830551167177,0.876098704580508
"ENSMUSG00000104347",3.95147833666257e-05,-1.28437469997752,3.06913879378388,-0.418480487939758,0.675595849628591,0.876098704580508
"ENSMUSG00000104364",3.95147833666257e-05,-1.28437469997752,3.06913879378388,-0.418480487939758,0.675595849628591,0.876098704580508
"ENSMUSG00000104385",3.95147833666257e-05,-1.28437469997752,3.06913879378388,-0.418480487939758,0.675595849628591,0.876098704580508
"ENSMUSG00000104400",0.15440512640842,-1.72502604588146,3.06715443518544,-0.5624190376893,0.573830551167177,0.876098704580508
"ENSMUSG00000104416",3.95147833666257e-05,-1.28437469997752,3.06913879378388,-0.418480487939758,0.675595849628591,0.876098704580508
"ENSMUSG00000104461",0.228399399337433,-1.72502604588146,3.06715443518544,-0.5624190376893,0.573830551167177,0.876098704580508
"ENSMUSG00000104465",0.617620505633681,-2.25679853636401,3.05984996089455,-0.737552025493509,0.460786717503522,0.876098704580508
"ENSMUSG00000104470",0.197276672197601,-2.10120506970855,3.06209288870195,-0.686198997248339,0.49258763003571,0.876098704580508
"ENSMUSG00000104471",0.23222958042486,-2.21608993519735,3.06041680539324,-0.724113764926409,0.468995894596022,0.876098704580508
"ENSMUSG00000104481",0.15440512640842,-1.72502604588146,3.06715443518544,-0.5624190376893,0.573830551167177,0.876098704580508
"ENSMUSG00000104485",0.274642048583684,-1.72502604588146,3.06715443518544,-0.5624190376893,0.573830551167177,0.876098704580508
"ENSMUSG00000104512",0.549284097167367,-2.25679853636401,3.05984996089455,-0.737552025493509,0.460786717503522,0.876098704580508
"ENSMUSG00000104545",0.274642048583684,-1.72502604588146,3.06715443518544,-0.5624190376893,0.573830551167177,0.876098704580508
"ENSMUSG00000104586",3.95147833666257e-05,-1.28437469997752,3.06913879378388,-0.418480487939758,0.675595849628591,0.876098704580508
"ENSMUSG00000104612",0.197276672197601,-2.10120506970855,3.06209288870195,-0.686198997248339,0.49258763003571,0.876098704580508
"ENSMUSG00000104620",0.549284097167367,-2.25679853636401,3.05984996089455,-0.737552025493509,0.460786717503522,0.876098704580508
"ENSMUSG00000104639",0.30881025281684,-2.25679853636401,3.05984996089455,-0.737552025493509,0.460786717503522,0.876098704580508
"ENSMUSG00000104661",0.549284097167367,-2.25679853636401,3.05984996089455,-0.737552025493509,0.460786717503522,0.876098704580508
"ENSMUSG00000104668",0.274642048583684,-1.72502604588146,3.06715443518544,-0.5624190376893,0.573830551167177,0.876098704580508
"ENSMUSG00000104687",0.15440512640842,-1.72502604588146,3.06715443518544,-0.5624190376893,0.573830551167177,0.876098704580508
"ENSMUSG00000104698",0.15481972028324,-1.97647658497433,3.06404624092385,-0.645054424628525,0.518891917027491,0.876098704580508
"ENSMUSG00000104727",0.15440512640842,-1.72502604588146,3.06715443518544,-0.5624190376893,0.573830551167177,0.876098704580508
"ENSMUSG00000104766",0.617620505633681,-2.25679853636401,3.05984996089455,-0.737552025493509,0.460786717503522,0.876098704580508
"ENSMUSG00000104781",0.463215379225261,-2.67598741681572,3.05321667632186,-0.876448578827828,0.38078621906369,0.876098704580508
"ENSMUSG00000104801",3.95147833666257e-05,-1.28437469997752,3.06913879378388,-0.418480487939758,0.675595849628591,0.876098704580508
"ENSMUSG00000104803",0.0774098601416201,-1.67784611285302,3.06756075417554,-0.546964264870432,0.584403283013636,0.876098704580508
"ENSMUSG00000104831",0.0986383360988006,-1.72502604588146,3.06715443518544,-0.5624190376893,0.573830551167177,0.876098704580508
"ENSMUSG00000104843",0.30881025281684,-1.72502604588146,3.06715443518544,-0.5624190376893,0.573830551167177,0.876098704580508
"ENSMUSG00000104861",0.926430758450521,-2.88219348658732,3.04953088018298,-0.945126840759975,0.344594123762453,0.876098704580508
"ENSMUSG00000104886",0.30881025281684,-1.72502604588146,3.06715443518544,-0.5624190376893,0.573830551167177,0.876098704580508
"ENSMUSG00000104892",0.617620505633681,-2.25679853636401,3.05984996089455,-0.737552025493509,0.460786717503522,0.876098704580508
"ENSMUSG00000104893",0.15440512640842,-1.72502604588146,3.06715443518544,-0.5624190376893,0.573830551167177,0.876098704580508
"ENSMUSG00000104915",0.274642048583684,-1.72502604588146,3.06715443518544,-0.5624190376893,0.573830551167177,0.876098704580508
"ENSMUSG00000104966",0.0774098601416201,-1.67784611285302,3.06756075417554,-0.546964264870432,0.584403283013636,0.876098704580508
"ENSMUSG00000104984",0.0986383360988006,-1.72502604588146,3.06715443518544,-0.5624190376893,0.573830551167177,0.876098704580508
"ENSMUSG00000104990",0.0774098601416201,-1.67784611285302,3.06756075417554,-0.546964264870432,0.584403283013636,0.876098704580508
"ENSMUSG00000104994",0.0774098601416201,-1.67784611285302,3.06756075417554,-0.546964264870432,0.584403283013636,0.876098704580508
"ENSMUSG00000105039",7.90295667332514e-05,-1.28357969332704,3.06913877993551,-0.418221457341208,0.675785208891514,0.876098704580508
"ENSMUSG00000105059",3.95147833666257e-05,-1.28437469997752,3.06913879378388,-0.418480487939758,0.675595849628591,0.876098704580508
"ENSMUSG00000105061",1.23524101126736,-3.63412723896647,3.02910877412275,-1.19973480979366,0.230242349311484,0.876098704580508
"ENSMUSG00000105087",0.617620505633681,-2.25679853636401,3.05984996089455,-0.737552025493509,0.460786717503522,0.876098704580508
"ENSMUSG00000105093",0.274642048583684,-1.72502604588146,3.06715443518544,-0.5624190376893,0.573830551167177,0.876098704580508
"ENSMUSG00000105152",3.95147833666257e-05,-1.28437469997752,3.06913879378388,-0.418480487939758,0.675595849628591,0.876098704580508
"ENSMUSG00000105168",0.926430758450521,-2.88219348658732,3.04953088018298,-0.945126840759975,0.344594123762453,0.876098704580508
"ENSMUSG00000105194",1.23524101126736,-3.63412723896647,3.02910877412275,-1.19973480979366,0.230242349311484,0.876098704580508
"ENSMUSG00000105265",0.15440512640842,-1.72502604588146,3.06715443518544,-0.5624190376893,0.573830551167177,0.876098704580508
"ENSMUSG00000105271",3.95147833666257e-05,-1.28437469997752,3.06913879378388,-0.418480487939758,0.675595849628591,0.876098704580508
"ENSMUSG00000105280",0.274642048583684,-1.72502604588146,3.06715443518544,-0.5624190376893,0.573830551167177,0.876098704580508
"ENSMUSG00000105325",0.0986383360988006,-1.72502604588146,3.06715443518544,-0.5624190376893,0.573830551167177,0.876098704580508
"ENSMUSG00000105357",0.274642048583684,-1.72502604588146,3.06715443518544,-0.5624190376893,0.573830551167177,0.876098704580508
"ENSMUSG00000105380",3.95147833666257e-05,-1.28437469997752,3.06913879378388,-0.418480487939758,0.675595849628591,0.876098704580508
"ENSMUSG00000105390",0.274642048583684,-1.72502604588146,3.06715443518544,-0.5624190376893,0.573830551167177,0.876098704580508
"ENSMUSG00000105393",0.30881025281684,-1.72502604588146,3.06715443518544,-0.5624190376893,0.573830551167177,0.876098704580508
"ENSMUSG00000105422",0.0774098601416201,-1.67784611285302,3.06756075417554,-0.546964264870432,0.584403283013636,0.876098704580508
"ENSMUSG00000105423",0.197276672197601,-2.10120506970855,3.06209288870195,-0.686198997248339,0.49258763003571,0.876098704580508
"ENSMUSG00000105432",0.197276672197601,-2.10120506970855,3.06209288870195,-0.686198997248339,0.49258763003571,0.876098704580508
"ENSMUSG00000105443",0.0774098601416201,-1.67784611285302,3.06756075417554,-0.546964264870432,0.584403283013636,0.876098704580508
"ENSMUSG00000105444",1.5440512640842,-3.96773747015156,3.01726877725869,-1.3150096206399,0.188506669184869,0.876098704580508
"ENSMUSG00000105446",3.95147833666257e-05,-1.28437469997752,3.06913879378388,-0.418480487939758,0.675595849628591,0.876098704580508
"ENSMUSG00000105462",0.15440512640842,-1.72502604588146,3.06715443518544,-0.5624190376893,0.573830551167177,0.876098704580508
"ENSMUSG00000105481",0.15440512640842,-1.72502604588146,3.06715443518544,-0.5624190376893,0.573830551167177,0.876098704580508
"ENSMUSG00000105528",0.274642048583684,-1.72502604588146,3.06715443518544,-0.5624190376893,0.573830551167177,0.876098704580508
"ENSMUSG00000105532",0.30963944056648,-2.40819674058621,3.05785988987547,-0.787543192727605,0.430963954181161,0.876098704580508
"ENSMUSG00000105535",0.549284097167367,-2.25679853636401,3.05984996089455,-0.737552025493509,0.460786717503522,0.876098704580508
"ENSMUSG00000105555",0.228399399337433,-1.72502604588146,3.06715443518544,-0.5624190376893,0.573830551167177,0.876098704580508
"ENSMUSG00000105573",0.0986383360988006,-1.72502604588146,3.06715443518544,-0.5624190376893,0.573830551167177,0.876098704580508
"ENSMUSG00000105578",0.274642048583684,-1.72502604588146,3.06715443518544,-0.5624190376893,0.573830551167177,0.876098704580508
"ENSMUSG00000105579",3.95147833666257e-05,-1.28437469997752,3.06913879378388,-0.418480487939758,0.675595849628591,0.876098704580508
"ENSMUSG00000105584",3.95147833666257e-05,-1.28437469997752,3.06913879378388,-0.418480487939758,0.675595849628591,0.876098704580508
"ENSMUSG00000105590",7.90295667332514e-05,-1.28357969332704,3.06913877993551,-0.418221457341208,0.675785208891514,0.876098704580508
"ENSMUSG00000105609",7.90295667332514e-05,-1.28357969332704,3.06913877993551,-0.418221457341208,0.675785208891514,0.876098704580508
"ENSMUSG00000105611",0.456798798674866,-2.25679853636401,3.05984996089455,-0.737552025493509,0.460786717503522,0.876098704580508
"ENSMUSG00000105620",0.274642048583684,-1.72502604588146,3.06715443518544,-0.5624190376893,0.573830551167177,0.876098704580508
"ENSMUSG00000105629",0.30881025281684,-1.72502604588146,3.06715443518544,-0.5624190376893,0.573830551167177,0.876098704580508
"ENSMUSG00000105644",0.617620505633681,-2.25679853636401,3.05984996089455,-0.737552025493509,0.460786717503522,0.876098704580508
"ENSMUSG00000105652",3.95147833666257e-05,-1.28437469997752,3.06913879378388,-0.418480487939758,0.675595849628591,0.876098704580508
"ENSMUSG00000105653",0.0986383360988006,-1.72502604588146,3.06715443518544,-0.5624190376893,0.573830551167177,0.876098704580508
"ENSMUSG00000105656",0.274642048583684,-1.72502604588146,3.06715443518544,-0.5624190376893,0.573830551167177,0.876098704580508
"ENSMUSG00000105678",0.30881025281684,-2.25679853636401,3.05984996089455,-0.737552025493509,0.460786717503522,0.876098704580508
"ENSMUSG00000105686",0.228399399337433,-1.72502604588146,3.06715443518544,-0.5624190376893,0.573830551167177,0.876098704580508
"ENSMUSG00000105690",0.274642048583684,-1.72502604588146,3.06715443518544,-0.5624190376893,0.573830551167177,0.876098704580508
"ENSMUSG00000105715",3.95147833666257e-05,-1.28437469997752,3.06913879378388,-0.418480487939758,0.675595849628591,0.876098704580508
"ENSMUSG00000105750",0.228399399337433,-1.72502604588146,3.06715443518544,-0.5624190376893,0.573830551167177,0.876098704580508
"ENSMUSG00000105771",0.0774098601416201,-1.67784611285302,3.06756075417554,-0.546964264870432,0.584403283013636,0.876098704580508
"ENSMUSG00000105797",0.617620505633681,-2.25679853636401,3.05984996089455,-0.737552025493509,0.460786717503522,0.876098704580508
"ENSMUSG00000105822",3.95147833666257e-05,-1.28437469997752,3.06913879378388,-0.418480487939758,0.675595849628591,0.876098704580508
"ENSMUSG00000105855",0.0986383360988006,-1.72502604588146,3.06715443518544,-0.5624190376893,0.573830551167177,0.876098704580508
"ENSMUSG00000105870",3.95147833666257e-05,-1.28437469997752,3.06913879378388,-0.418480487939758,0.675595849628591,0.876098704580508
"ENSMUSG00000105900",0.456798798674866,-2.25679853636401,3.05984996089455,-0.737552025493509,0.460786717503522,0.876098704580508
"ENSMUSG00000105904",0.463215379225261,-2.67598741681572,3.05321667632186,-0.876448578827828,0.38078621906369,0.876098704580508
"ENSMUSG00000105905",0.30881025281684,-1.72502604588146,3.06715443518544,-0.5624190376893,0.573830551167177,0.876098704580508
"ENSMUSG00000105917",0.0986383360988006,-1.72502604588146,3.06715443518544,-0.5624190376893,0.573830551167177,0.876098704580508
"ENSMUSG00000105925",3.95147833666257e-05,-1.28437469997752,3.06913879378388,-0.418480487939758,0.675595849628591,0.876098704580508
"ENSMUSG00000105953",0.274642048583684,-1.72502604588146,3.06715443518544,-0.5624190376893,0.573830551167177,0.876098704580508
"ENSMUSG00000106020",0.274642048583684,-1.72502604588146,3.06715443518544,-0.5624190376893,0.573830551167177,0.876098704580508
"ENSMUSG00000106031",0.30881025281684,-1.72502604588146,3.06715443518544,-0.5624190376893,0.573830551167177,0.876098704580508
"ENSMUSG00000106036",0.0986383360988006,-1.72502604588146,3.06715443518544,-0.5624190376893,0.573830551167177,0.876098704580508
"ENSMUSG00000106049",3.95147833666257e-05,-1.28437469997752,3.06913879378388,-0.418480487939758,0.675595849628591,0.876098704580508
"ENSMUSG00000106053",3.95147833666257e-05,-1.28437469997752,3.06913879378388,-0.418480487939758,0.675595849628591,0.876098704580508
"ENSMUSG00000106082",7.90295667332514e-05,-1.28357969332704,3.06913877993551,-0.418221457341208,0.675785208891514,0.876098704580508
"ENSMUSG00000106107",0.456798798674866,-2.25679853636401,3.05984996089455,-0.737552025493509,0.460786717503522,0.876098704580508
"ENSMUSG00000106120",0.30881025281684,-1.72502604588146,3.06715443518544,-0.5624190376893,0.573830551167177,0.876098704580508
"ENSMUSG00000106136",0.274642048583684,-1.72502604588146,3.06715443518544,-0.5624190376893,0.573830551167177,0.876098704580508
"ENSMUSG00000106137",0.000118544350099877,-1.28278556126495,3.06913876610999,-0.417962711699356,0.675974380323377,0.876098704580508
"ENSMUSG00000106143",0.926430758450521,-2.88219348658732,3.04953088018298,-0.945126840759975,0.344594123762453,0.876098704580508
"ENSMUSG00000106204",3.95147833666257e-05,-1.28437469997752,3.06913879378388,-0.418480487939758,0.675595849628591,0.876098704580508
"ENSMUSG00000106239",7.90295667332514e-05,-1.28357969332704,3.06913877993551,-0.418221457341208,0.675785208891514,0.876098704580508
"ENSMUSG00000106245",0.30881025281684,-1.72502604588146,3.06715443518544,-0.5624190376893,0.573830551167177,0.876098704580508
"ENSMUSG00000106261",0.617620505633681,-2.25679853636401,3.05984996089455,-0.737552025493509,0.460786717503522,0.876098704580508
"ENSMUSG00000106292",0.0986383360988006,-1.72502604588146,3.06715443518544,-0.5624190376893,0.573830551167177,0.876098704580508
"ENSMUSG00000106296",0.617620505633681,-2.25679853636401,3.05984996089455,-0.737552025493509,0.460786717503522,0.876098704580508
"ENSMUSG00000106307",0.274642048583684,-1.72502604588146,3.06715443518544,-0.5624190376893,0.573830551167177,0.876098704580508
"ENSMUSG00000106321",7.90295667332514e-05,-1.28357969332704,3.06913877993551,-0.418221457341208,0.675785208891514,0.876098704580508
"ENSMUSG00000106338",0.274642048583684,-1.72502604588146,3.06715443518544,-0.5624190376893,0.573830551167177,0.876098704580508
"ENSMUSG00000106350",0.228399399337433,-1.72502604588146,3.06715443518544,-0.5624190376893,0.573830551167177,0.876098704580508
"ENSMUSG00000106361",0.15440512640842,-1.72502604588146,3.06715443518544,-0.5624190376893,0.573830551167177,0.876098704580508
"ENSMUSG00000106379",0.276815361668848,-1.68250041043383,3.06715370230845,-0.548554318998593,0.58331134237984,0.876098704580508
"ENSMUSG00000106384",0.15440512640842,-1.72502604588146,3.06715443518544,-0.5624190376893,0.573830551167177,0.876098704580508
"ENSMUSG00000106385",0.15440512640842,-1.72502604588146,3.06715443518544,-0.5624190376893,0.573830551167177,0.876098704580508
"ENSMUSG00000106392",0.197276672197601,-2.10120506970855,3.06209288870195,-0.686198997248339,0.49258763003571,0.876098704580508
"ENSMUSG00000106404",0.0774098601416201,-1.67784611285302,3.06756075417554,-0.546964264870432,0.584403283013636,0.876098704580508
"ENSMUSG00000106417",0.15440512640842,-1.72502604588146,3.06715443518544,-0.5624190376893,0.573830551167177,0.876098704580508
"ENSMUSG00000106422",0.197276672197601,-2.10120506970855,3.06209288870195,-0.686198997248339,0.49258763003571,0.876098704580508
"ENSMUSG00000106424",0.0986383360988006,-1.72502604588146,3.06715443518544,-0.5624190376893,0.573830551167177,0.876098704580508
"ENSMUSG00000106437",0.0986383360988006,-1.72502604588146,3.06715443518544,-0.5624190376893,0.573830551167177,0.876098704580508
"ENSMUSG00000106456",3.95147833666257e-05,-1.28437469997752,3.06913879378388,-0.418480487939758,0.675595849628591,0.876098704580508
"ENSMUSG00000106466",0.274642048583684,-1.72502604588146,3.06715443518544,-0.5624190376893,0.573830551167177,0.876098704580508
"ENSMUSG00000106469",0.0774098601416201,-1.67784611285302,3.06756075417554,-0.546964264870432,0.584403283013636,0.876098704580508
"ENSMUSG00000106508",7.90295667332514e-05,-1.28357969332704,3.06913877993551,-0.418221457341208,0.675785208891514,0.876098704580508
"ENSMUSG00000106534",0.0774098601416201,-1.67784611285302,3.06756075417554,-0.546964264870432,0.584403283013636,0.876098704580508
"ENSMUSG00000106536",0.197276672197601,-2.10120506970855,3.06209288870195,-0.686198997248339,0.49258763003571,0.876098704580508
"ENSMUSG00000106541",0.0774098601416201,-1.67784611285302,3.06756075417554,-0.546964264870432,0.584403283013636,0.876098704580508
"ENSMUSG00000106545",0.15440512640842,-1.72502604588146,3.06715443518544,-0.5624190376893,0.573830551167177,0.876098704580508
"ENSMUSG00000106562",3.95147833666257e-05,-1.28437469997752,3.06913879378388,-0.418480487939758,0.675595849628591,0.876098704580508
"ENSMUSG00000106574",0.0774098601416201,-1.67784611285302,3.06756075417554,-0.546964264870432,0.584403283013636,0.876098704580508
"ENSMUSG00000106576",0.15440512640842,-1.72502604588146,3.06715443518544,-0.5624190376893,0.573830551167177,0.876098704580508
"ENSMUSG00000106581",0.983560575917054,2.02647287220687,3.01898226886972,0.671243714513621,0.502065284623505,0.876098704580508
"ENSMUSG00000106583",0.617620505633681,-2.25679853636401,3.05984996089455,-0.737552025493509,0.460786717503522,0.876098704580508
"ENSMUSG00000106610",0.274642048583684,-1.72502604588146,3.06715443518544,-0.5624190376893,0.573830551167177,0.876098704580508
"ENSMUSG00000106612",0.228399399337433,-1.72502604588146,3.06715443518544,-0.5624190376893,0.573830551167177,0.876098704580508
"ENSMUSG00000106637",0.0986383360988006,-1.72502604588146,3.06715443518544,-0.5624190376893,0.573830551167177,0.876098704580508
"ENSMUSG00000106708",3.95147833666257e-05,-1.28437469997752,3.06913879378388,-0.418480487939758,0.675595849628591,0.876098704580508
"ENSMUSG00000106735",0.15440512640842,-1.72502604588146,3.06715443518544,-0.5624190376893,0.573830551167177,0.876098704580508
"ENSMUSG00000106741",0.0986383360988006,-1.72502604588146,3.06715443518544,-0.5624190376893,0.573830551167177,0.876098704580508
"ENSMUSG00000106746",0.30881025281684,-1.72502604588146,3.06715443518544,-0.5624190376893,0.573830551167177,0.876098704580508
"ENSMUSG00000106760",0.228399399337433,-1.72502604588146,3.06715443518544,-0.5624190376893,0.573830551167177,0.876098704580508
"ENSMUSG00000106773",0.228399399337433,-1.72502604588146,3.06715443518544,-0.5624190376893,0.573830551167177,0.876098704580508
"ENSMUSG00000106775",0.228399399337433,-1.72502604588146,3.06715443518544,-0.5624190376893,0.573830551167177,0.876098704580508
"ENSMUSG00000106799",0.0774098601416201,-1.67784611285302,3.06756075417554,-0.546964264870432,0.584403283013636,0.876098704580508
"ENSMUSG00000106824",0.000158059133466503,-1.281992301629,3.06913875230725,-0.417704250309718,0.676163364361256,0.876098704580508
"ENSMUSG00000106834",0.549284097167367,-2.25679853636401,3.05984996089455,-0.737552025493509,0.460786717503522,0.876098704580508
"ENSMUSG00000106883",0.0986383360988006,-1.72502604588146,3.06715443518544,-0.5624190376893,0.573830551167177,0.876098704580508
"ENSMUSG00000106884",0.913597597349733,-3.27870514164279,3.04183935423281,-1.07786926258297,0.281092104302613,0.876098704580508
"ENSMUSG00000106891",0.15481972028324,-1.97647658497433,3.06404624092385,-0.645054424628525,0.518891917027491,0.876098704580508
"ENSMUSG00000106894",0.228399399337433,-1.72502604588146,3.06715443518544,-0.5624190376893,0.573830551167177,0.876098704580508
"ENSMUSG00000106897",3.95147833666257e-05,-1.28437469997752,3.06913879378388,-0.418480487939758,0.675595849628591,0.876098704580508
"ENSMUSG00000106925",0.274642048583684,-1.72502604588146,3.06715443518544,-0.5624190376893,0.573830551167177,0.876098704580508
"ENSMUSG00000106957",0.15440512640842,-1.72502604588146,3.06715443518544,-0.5624190376893,0.573830551167177,0.876098704580508
"ENSMUSG00000106982",0.274642048583684,-1.72502604588146,3.06715443518544,-0.5624190376893,0.573830551167177,0.876098704580508
"ENSMUSG00000107012",0.463215379225261,-2.67598741681572,3.05321667632186,-0.876448578827828,0.38078621906369,0.876098704580508
"ENSMUSG00000107028",1.09856819433473,-3.48152640544173,3.03528348872783,-1.14701853002236,0.25137396265467,0.876098704580508
"ENSMUSG00000107045",0.274642048583684,-1.72502604588146,3.06715443518544,-0.5624190376893,0.573830551167177,0.876098704580508
"ENSMUSG00000107059",0.15440512640842,-1.72502604588146,3.06715443518544,-0.5624190376893,0.573830551167177,0.876098704580508
"ENSMUSG00000107082",0.0986383360988006,-1.72502604588146,3.06715443518544,-0.5624190376893,0.573830551167177,0.876098704580508
"ENSMUSG00000107112",0.0986383360988006,-1.72502604588146,3.06715443518544,-0.5624190376893,0.573830551167177,0.876098704580508
"ENSMUSG00000107125",0.0986383360988006,-1.72502604588146,3.06715443518544,-0.5624190376893,0.573830551167177,0.876098704580508
"ENSMUSG00000107177",0.274642048583684,-1.72502604588146,3.06715443518544,-0.5624190376893,0.573830551167177,0.876098704580508
"ENSMUSG00000107206",0.0986383360988006,-1.72502604588146,3.06715443518544,-0.5624190376893,0.573830551167177,0.876098704580508
"ENSMUSG00000107232",0.0986383360988006,-1.72502604588146,3.06715443518544,-0.5624190376893,0.573830551167177,0.876098704580508
"ENSMUSG00000107246",0.274642048583684,-1.72502604588146,3.06715443518544,-0.5624190376893,0.573830551167177,0.876098704580508
"ENSMUSG00000107259",0.0774098601416201,-1.67784611285302,3.06756075417554,-0.546964264870432,0.584403283013636,0.876098704580508
"ENSMUSG00000107262",0.0774098601416201,-1.67784611285302,3.06756075417554,-0.546964264870432,0.584403283013636,0.876098704580508
"ENSMUSG00000107266",0.15481972028324,-1.97647658497433,3.06404624092385,-0.645054424628525,0.518891917027491,0.876098704580508
"ENSMUSG00000107276",3.95147833666257e-05,-1.28437469997752,3.06913879378388,-0.418480487939758,0.675595849628591,0.876098704580508
"ENSMUSG00000107314",0.30963944056648,-2.40819674058621,3.05785988987547,-0.787543192727605,0.430963954181161,0.876098704580508
"ENSMUSG00000107350",0.30881025281684,-1.72502604588146,3.06715443518544,-0.5624190376893,0.573830551167177,0.876098704580508
"ENSMUSG00000107354",0.15440512640842,-1.72502604588146,3.06715443518544,-0.5624190376893,0.573830551167177,0.876098704580508
"ENSMUSG00000107359",0.30881025281684,-1.72502604588146,3.06715443518544,-0.5624190376893,0.573830551167177,0.876098704580508
"ENSMUSG00000107377",0.30881025281684,-2.25679853636401,3.05984996089455,-0.737552025493509,0.460786717503522,0.876098704580508
"ENSMUSG00000107397",0.0774098601416201,-1.67784611285302,3.06756075417554,-0.546964264870432,0.584403283013636,0.876098704580508
"ENSMUSG00000107417",0.15440512640842,-1.72502604588146,3.06715443518544,-0.5624190376893,0.573830551167177,0.876098704580508
"ENSMUSG00000107480",0.685198198012299,-2.88219348658732,3.04953088018298,-0.945126840759975,0.344594123762453,0.876098704580508
"ENSMUSG00000107498",3.95147833666257e-05,-1.28437469997752,3.06913879378388,-0.418480487939758,0.675595849628591,0.876098704580508
"ENSMUSG00000107501",3.95147833666257e-05,-1.28437469997752,3.06913879378388,-0.418480487939758,0.675595849628591,0.876098704580508
"ENSMUSG00000107503",0.274642048583684,-1.72502604588146,3.06715443518544,-0.5624190376893,0.573830551167177,0.876098704580508
"ENSMUSG00000107535",0.30881025281684,-1.72502604588146,3.06715443518544,-0.5624190376893,0.573830551167177,0.876098704580508
"ENSMUSG00000107558",0.295915008296402,-2.36313470922624,3.05843324320251,-0.772661857007471,0.439722525956278,0.876098704580508
"ENSMUSG00000107570",0.15440512640842,-1.72502604588146,3.06715443518544,-0.5624190376893,0.573830551167177,0.876098704580508
"ENSMUSG00000107573",0.823926145751051,-2.88219348658732,3.04953088018298,-0.945126840759975,0.344594123762453,0.876098704580508
"ENSMUSG00000107595",0.15440512640842,-1.72502604588146,3.06715443518544,-0.5624190376893,0.573830551167177,0.876098704580508
"ENSMUSG00000107623",0.30881025281684,-1.72502604588146,3.06715443518544,-0.5624190376893,0.573830551167177,0.876098704580508
"ENSMUSG00000107710",0.549284097167367,-2.25679853636401,3.05984996089455,-0.737552025493509,0.460786717503522,0.876098704580508
"ENSMUSG00000107714",3.95147833666257e-05,-1.28437469997752,3.06913879378388,-0.418480487939758,0.675595849628591,0.876098704580508
"ENSMUSG00000107730",3.95147833666257e-05,-1.28437469997752,3.06913879378388,-0.418480487939758,0.675595849628591,0.876098704580508
"ENSMUSG00000107733",0.15440512640842,-1.72502604588146,3.06715443518544,-0.5624190376893,0.573830551167177,0.876098704580508
"ENSMUSG00000107773",0.15440512640842,-1.72502604588146,3.06715443518544,-0.5624190376893,0.573830551167177,0.876098704580508
"ENSMUSG00000107780",0.228399399337433,-1.72502604588146,3.06715443518544,-0.5624190376893,0.573830551167177,0.876098704580508
"ENSMUSG00000107795",0.15440512640842,-1.72502604588146,3.06715443518544,-0.5624190376893,0.573830551167177,0.876098704580508
"ENSMUSG00000107802",0.30881025281684,-1.72502604588146,3.06715443518544,-0.5624190376893,0.573830551167177,0.876098704580508
"ENSMUSG00000107806",0.274642048583684,-1.72502604588146,3.06715443518544,-0.5624190376893,0.573830551167177,0.876098704580508
"ENSMUSG00000107825",0.15440512640842,-1.72502604588146,3.06715443518544,-0.5624190376893,0.573830551167177,0.876098704580508
"ENSMUSG00000107850",0.0774098601416201,-1.67784611285302,3.06756075417554,-0.546964264870432,0.584403283013636,0.876098704580508
"ENSMUSG00000107854",0.0986383360988006,-1.72502604588146,3.06715443518544,-0.5624190376893,0.573830551167177,0.876098704580508
"ENSMUSG00000107855",0.274642048583684,-1.72502604588146,3.06715443518544,-0.5624190376893,0.573830551167177,0.876098704580508
"ENSMUSG00000107864",0.0986383360988006,-1.72502604588146,3.06715443518544,-0.5624190376893,0.573830551167177,0.876098704580508
"ENSMUSG00000107902",0.456798798674866,-2.25679853636401,3.05984996089455,-0.737552025493509,0.460786717503522,0.876098704580508
"ENSMUSG00000107915",0.274642048583684,-1.72502604588146,3.06715443518544,-0.5624190376893,0.573830551167177,0.876098704580508
"ENSMUSG00000107945",0.549284097167367,-2.25679853636401,3.05984996089455,-0.737552025493509,0.460786717503522,0.876098704580508
"ENSMUSG00000107952",0.274642048583684,-1.72502604588146,3.06715443518544,-0.5624190376893,0.573830551167177,0.876098704580508
"ENSMUSG00000107955",0.0774098601416201,-1.67784611285302,3.06756075417554,-0.546964264870432,0.584403283013636,0.876098704580508
"ENSMUSG00000107956",0.000395147833666257,-1.27725094473747,3.06913866996552,-0.416159412162312,0.677293357584023,0.876098704580508
"ENSMUSG00000107962",0.0986383360988006,-1.72502604588146,3.06715443518544,-0.5624190376893,0.573830551167177,0.876098704580508
"ENSMUSG00000107968",0.000158059133466503,-1.281992301629,3.06913875230725,-0.417704250309718,0.676163364361256,0.876098704580508
"ENSMUSG00000107990",3.95147833666257e-05,-1.28437469997752,3.06913879378388,-0.418480487939758,0.675595849628591,0.876098704580508
"ENSMUSG00000107999",3.95147833666257e-05,-1.28437469997752,3.06913879378388,-0.418480487939758,0.675595849628591,0.876098704580508
"ENSMUSG00000108005",0.15440512640842,-1.72502604588146,3.06715443518544,-0.5624190376893,0.573830551167177,0.876098704580508
"ENSMUSG00000108021",0.15440512640842,-1.72502604588146,3.06715443518544,-0.5624190376893,0.573830551167177,0.876098704580508
"ENSMUSG00000108025",3.95147833666257e-05,-1.28437469997752,3.06913879378388,-0.418480487939758,0.675595849628591,0.876098704580508
"ENSMUSG00000108077",0.228399399337433,-1.72502604588146,3.06715443518544,-0.5624190376893,0.573830551167177,0.876098704580508
"ENSMUSG00000108078",0.30881025281684,-1.72502604588146,3.06715443518544,-0.5624190376893,0.573830551167177,0.876098704580508
"ENSMUSG00000108081",3.95147833666257e-05,-1.28437469997752,3.06913879378388,-0.418480487939758,0.675595849628591,0.876098704580508
"ENSMUSG00000108102",0.456798798674866,-2.25679853636401,3.05984996089455,-0.737552025493509,0.460786717503522,0.876098704580508
"ENSMUSG00000108161",0.0774098601416201,-1.67784611285302,3.06756075417554,-0.546964264870432,0.584403283013636,0.876098704580508
"ENSMUSG00000108183",3.95147833666257e-05,-1.28437469997752,3.06913879378388,-0.418480487939758,0.675595849628591,0.876098704580508
"ENSMUSG00000108185",0.30963944056648,-2.40819674058621,3.05785988987547,-0.787543192727605,0.430963954181161,0.876098704580508
"ENSMUSG00000108228",0.30881025281684,-1.72502604588146,3.06715443518544,-0.5624190376893,0.573830551167177,0.876098704580508
"ENSMUSG00000108255",0.000158059133466503,-1.281992301629,3.06913875230725,-0.417704250309718,0.676163364361256,0.876098704580508
"ENSMUSG00000108276",0.30881025281684,-1.72502604588146,3.06715443518544,-0.5624190376893,0.573830551167177,0.876098704580508
"ENSMUSG00000108278",0.0986383360988006,-1.72502604588146,3.06715443518544,-0.5624190376893,0.573830551167177,0.876098704580508
"ENSMUSG00000108279",3.95147833666257e-05,-1.28437469997752,3.06913879378388,-0.418480487939758,0.675595849628591,0.876098704580508
"ENSMUSG00000108285",3.95147833666257e-05,-1.28437469997752,3.06913879378388,-0.418480487939758,0.675595849628591,0.876098704580508
"ENSMUSG00000108292",0.228399399337433,-1.72502604588146,3.06715443518544,-0.5624190376893,0.573830551167177,0.876098704580508
"ENSMUSG00000108318",0.15440512640842,-1.72502604588146,3.06715443518544,-0.5624190376893,0.573830551167177,0.876098704580508
"ENSMUSG00000108320",0.274642048583684,-1.72502604588146,3.06715443518544,-0.5624190376893,0.573830551167177,0.876098704580508
"ENSMUSG00000108326",0.274642048583684,-1.72502604588146,3.06715443518544,-0.5624190376893,0.573830551167177,0.876098704580508
"ENSMUSG00000108332",0.228399399337433,-1.72502604588146,3.06715443518544,-0.5624190376893,0.573830551167177,0.876098704580508
"ENSMUSG00000108338",3.95147833666257e-05,-1.28437469997752,3.06913879378388,-0.418480487939758,0.675595849628591,0.876098704580508
"ENSMUSG00000108341",0.000118544350099877,-1.28278556126495,3.06913876610999,-0.417962711699356,0.675974380323377,0.876098704580508
"ENSMUSG00000108344",0.549284097167367,-2.25679853636401,3.05984996089455,-0.737552025493509,0.460786717503522,0.876098704580508
"ENSMUSG00000108356",0.23222958042486,-2.21608993519735,3.06041680539324,-0.724113764926409,0.468995894596022,0.876098704580508
"ENSMUSG00000108401",0.456798798674866,-2.25679853636401,3.05984996089455,-0.737552025493509,0.460786717503522,0.876098704580508
"ENSMUSG00000108441",3.95147833666257e-05,-1.28437469997752,3.06913879378388,-0.418480487939758,0.675595849628591,0.876098704580508
"ENSMUSG00000108442",0.3870493007081,-2.57552507686479,3.05518949999086,-0.843000107480239,0.399228383683329,0.876098704580508
"ENSMUSG00000108467",0.274642048583684,-1.72502604588146,3.06715443518544,-0.5624190376893,0.573830551167177,0.876098704580508
"ENSMUSG00000108470",3.95147833666257e-05,-1.28437469997752,3.06913879378388,-0.418480487939758,0.675595849628591,0.876098704580508
"ENSMUSG00000108474",0.228399399337433,-1.72502604588146,3.06715443518544,-0.5624190376893,0.573830551167177,0.876098704580508
"ENSMUSG00000108480",0.617620505633681,-2.25679853636401,3.05984996089455,-0.737552025493509,0.460786717503522,0.876098704580508
"ENSMUSG00000108484",0.0012249582843654,-1.2608965472403,3.06913838801047,-0.410830789568163,0.681196614639366,0.876098704580508
"ENSMUSG00000108503",0.197276672197601,-2.10120506970855,3.06209288870195,-0.686198997248339,0.49258763003571,0.876098704580508
"ENSMUSG00000108512",0.228399399337433,-1.72502604588146,3.06715443518544,-0.5624190376893,0.573830551167177,0.876098704580508
"ENSMUSG00000108529",0.000118544350099877,-1.28278556126495,3.06913876610999,-0.417962711699356,0.675974380323377,0.876098704580508
"ENSMUSG00000108552",3.95147833666257e-05,-1.28437469997752,3.06913879378388,-0.418480487939758,0.675595849628591,0.876098704580508
"ENSMUSG00000108563",0.228399399337433,-1.72502604588146,3.06715443518544,-0.5624190376893,0.573830551167177,0.876098704580508
"ENSMUSG00000108574",0.15440512640842,-1.72502604588146,3.06715443518544,-0.5624190376893,0.573830551167177,0.876098704580508
"ENSMUSG00000108610",0.30881025281684,-2.25679853636401,3.05984996089455,-0.737552025493509,0.460786717503522,0.876098704580508
"ENSMUSG00000108616",0.926430758450521,-3.33082939569172,3.04076096736763,-1.09539336746196,0.27334433858215,0.876098704580508
"ENSMUSG00000108683",0.549284097167367,-2.25679853636401,3.05984996089455,-0.737552025493509,0.460786717503522,0.876098704580508
"ENSMUSG00000108693",0.0986383360988006,-1.72502604588146,3.06715443518544,-0.5624190376893,0.573830551167177,0.876098704580508
"ENSMUSG00000108694",0.617620505633681,-2.25679853636401,3.05984996089455,-0.737552025493509,0.460786717503522,0.876098704580508
"ENSMUSG00000108696",1.23524101126736,-3.63412723896647,3.02910877412275,-1.19973480979366,0.230242349311484,0.876098704580508
"ENSMUSG00000108717",0.228399399337433,-1.72502604588146,3.06715443518544,-0.5624190376893,0.573830551167177,0.876098704580508
"ENSMUSG00000108726",0.617620505633681,-2.25679853636401,3.05984996089455,-0.737552025493509,0.460786717503522,0.876098704580508
"ENSMUSG00000108756",0.0986383360988006,-1.72502604588146,3.06715443518544,-0.5624190376893,0.573830551167177,0.876098704580508
"ENSMUSG00000108811",3.95147833666257e-05,-1.28437469997752,3.06913879378388,-0.418480487939758,0.675595849628591,0.876098704580508
"ENSMUSG00000108848",0.15440512640842,-1.72502604588146,3.06715443518544,-0.5624190376893,0.573830551167177,0.876098704580508
"ENSMUSG00000108849",0.274642048583684,-1.72502604588146,3.06715443518544,-0.5624190376893,0.573830551167177,0.876098704580508
"ENSMUSG00000108854",1.23524101126736,-3.63412723896647,3.02910877412275,-1.19973480979366,0.230242349311484,0.876098704580508
"ENSMUSG00000108858",0.0774098601416201,-1.67784611285302,3.06756075417554,-0.546964264870432,0.584403283013636,0.876098704580508
"ENSMUSG00000108874",0.228399399337433,-1.72502604588146,3.06715443518544,-0.5624190376893,0.573830551167177,0.876098704580508
"ENSMUSG00000108905",0.0774098601416201,-1.67784611285302,3.06756075417554,-0.546964264870432,0.584403283013636,0.876098704580508
"ENSMUSG00000108908",0.15440512640842,-1.72502604588146,3.06715443518544,-0.5624190376893,0.573830551167177,0.876098704580508
"ENSMUSG00000108915",0.274642048583684,-1.72502604588146,3.06715443518544,-0.5624190376893,0.573830551167177,0.876098704580508
"ENSMUSG00000108920",0.0774098601416201,-1.67784611285302,3.06756075417554,-0.546964264870432,0.584403283013636,0.876098704580508
"ENSMUSG00000108935",0.274642048583684,-1.72502604588146,3.06715443518544,-0.5624190376893,0.573830551167177,0.876098704580508
"ENSMUSG00000108942",0.274642048583684,-1.72502604588146,3.06715443518544,-0.5624190376893,0.573830551167177,0.876098704580508
"ENSMUSG00000108948",0.15440512640842,-1.72502604588146,3.06715443518544,-0.5624190376893,0.573830551167177,0.876098704580508
"ENSMUSG00000108953",7.90295667332514e-05,-1.28357969332704,3.06913877993551,-0.418221457341208,0.675785208891514,0.876098704580508
"ENSMUSG00000108956",0.0774098601416201,-1.67784611285302,3.06756075417554,-0.546964264870432,0.584403283013636,0.876098704580508
"ENSMUSG00000108972",0.228399399337433,-1.72502604588146,3.06715443518544,-0.5624190376893,0.573830551167177,0.876098704580508
"ENSMUSG00000108973",0.549284097167367,-2.25679853636401,3.05984996089455,-0.737552025493509,0.460786717503522,0.876098704580508
"ENSMUSG00000108977",0.274642048583684,-1.72502604588146,3.06715443518544,-0.5624190376893,0.573830551167177,0.876098704580508
"ENSMUSG00000108986",0.30881025281684,-1.72502604588146,3.06715443518544,-0.5624190376893,0.573830551167177,0.876098704580508
"ENSMUSG00000109002",7.90295667332514e-05,-1.28357969332704,3.06913877993551,-0.418221457341208,0.675785208891514,0.876098704580508
"ENSMUSG00000109007",0.30881025281684,-2.25679853636401,3.05984996089455,-0.737552025493509,0.460786717503522,0.876098704580508
"ENSMUSG00000109009",0.30881025281684,-1.72502604588146,3.06715443518544,-0.5624190376893,0.573830551167177,0.876098704580508
"ENSMUSG00000109031",0.549284097167367,-2.25679853636401,3.05984996089455,-0.737552025493509,0.460786717503522,0.876098704580508
"ENSMUSG00000109055",0.000197573916833128,-1.28119991226544,3.06913873852723,-0.417446072470561,0.676352161440574,0.876098704580508
"ENSMUSG00000109082",0.823926145751051,-2.88219348658732,3.04953088018298,-0.945126840759975,0.344594123762453,0.876098704580508
"ENSMUSG00000109084",0.0986383360988006,-1.72502604588146,3.06715443518544,-0.5624190376893,0.573830551167177,0.876098704580508
"ENSMUSG00000109123",0.30881025281684,-1.72502604588146,3.06715443518544,-0.5624190376893,0.573830551167177,0.876098704580508
"ENSMUSG00000109149",0.0986383360988006,-1.72502604588146,3.06715443518544,-0.5624190376893,0.573830551167177,0.876098704580508
"ENSMUSG00000109156",3.95147833666257e-05,-1.28437469997752,3.06913879378388,-0.418480487939758,0.675595849628591,0.876098704580508
"ENSMUSG00000109161",0.30881025281684,-1.72502604588146,3.06715443518544,-0.5624190376893,0.573830551167177,0.876098704580508
"ENSMUSG00000109166",0.30881025281684,-2.25679853636401,3.05984996089455,-0.737552025493509,0.460786717503522,0.876098704580508
"ENSMUSG00000109174",3.95147833666257e-05,-1.28437469997752,3.06913879378388,-0.418480487939758,0.675595849628591,0.876098704580508
"ENSMUSG00000109175",0.15440512640842,-1.72502604588146,3.06715443518544,-0.5624190376893,0.573830551167177,0.876098704580508
"ENSMUSG00000109186",0.274642048583684,-1.72502604588146,3.06715443518544,-0.5624190376893,0.573830551167177,0.876098704580508
"ENSMUSG00000109191",7.90295667332514e-05,-1.28357969332704,3.06913877993551,-0.418221457341208,0.675785208891514,0.876098704580508
"ENSMUSG00000109225",0.0986383360988006,-1.72502604588146,3.06715443518544,-0.5624190376893,0.573830551167177,0.876098704580508
"ENSMUSG00000109255",3.95147833666257e-05,-1.28437469997752,3.06913879378388,-0.418480487939758,0.675595849628591,0.876098704580508
"ENSMUSG00000109277",0.0986383360988006,-1.72502604588146,3.06715443518544,-0.5624190376893,0.573830551167177,0.876098704580508
"ENSMUSG00000109284",1.5440512640842,-3.96773747015156,3.01726877725869,-1.3150096206399,0.188506669184869,0.876098704580508
"ENSMUSG00000109328",0.228399399337433,-1.72502604588146,3.06715443518544,-0.5624190376893,0.573830551167177,0.876098704580508
"ENSMUSG00000109363",0.274642048583684,-1.72502604588146,3.06715443518544,-0.5624190376893,0.573830551167177,0.876098704580508
"ENSMUSG00000109364",0.0774098601416201,-1.67784611285302,3.06756075417554,-0.546964264870432,0.584403283013636,0.876098704580508
"ENSMUSG00000109385",0.549284097167367,-2.25679853636401,3.05984996089455,-0.737552025493509,0.460786717503522,0.876098704580508
"ENSMUSG00000109392",0.295915008296402,-2.36313470922624,3.05843324320251,-0.772661857007471,0.439722525956278,0.876098704580508
"ENSMUSG00000109419",0.30881025281684,-1.72502604588146,3.06715443518544,-0.5624190376893,0.573830551167177,0.876098704580508
"ENSMUSG00000109434",0.197276672197601,-2.10120506970855,3.06209288870195,-0.686198997248339,0.49258763003571,0.876098704580508
"ENSMUSG00000109464",3.95147833666257e-05,-1.28437469997752,3.06913879378388,-0.418480487939758,0.675595849628591,0.876098704580508
"ENSMUSG00000109501",0.000197573916833128,-1.28119991226544,3.06913873852723,-0.417446072470561,0.676352161440574,0.876098704580508
"ENSMUSG00000109506",0.274642048583684,-1.72502604588146,3.06715443518544,-0.5624190376893,0.573830551167177,0.876098704580508
"ENSMUSG00000109550",0.15440512640842,-1.72502604588146,3.06715443518544,-0.5624190376893,0.573830551167177,0.876098704580508
"ENSMUSG00000109574",0.000118544350099877,-1.28278556126495,3.06913876610999,-0.417962711699356,0.675974380323377,0.876098704580508
"ENSMUSG00000109584",0.0986383360988006,-1.72502604588146,3.06715443518544,-0.5624190376893,0.573830551167177,0.876098704580508
"ENSMUSG00000109598",7.90295667332514e-05,-1.28357969332704,3.06913877993551,-0.418221457341208,0.675785208891514,0.876098704580508
"ENSMUSG00000109635",1.23524101126736,-3.63412723896647,3.02910877412275,-1.19973480979366,0.230242349311484,0.876098704580508
"ENSMUSG00000109654",7.90295667332514e-05,-1.28357969332704,3.06913877993551,-0.418221457341208,0.675785208891514,0.876098704580508
"ENSMUSG00000109662",0.456798798674866,-2.25679853636401,3.05984996089455,-0.737552025493509,0.460786717503522,0.876098704580508
"ENSMUSG00000109699",0.15440512640842,-1.72502604588146,3.06715443518544,-0.5624190376893,0.573830551167177,0.876098704580508
"ENSMUSG00000109707",0.274642048583684,-1.72502604588146,3.06715443518544,-0.5624190376893,0.573830551167177,0.876098704580508
"ENSMUSG00000109735",0.30881025281684,-1.72502604588146,3.06715443518544,-0.5624190376893,0.573830551167177,0.876098704580508
"ENSMUSG00000109737",0.274642048583684,-1.72502604588146,3.06715443518544,-0.5624190376893,0.573830551167177,0.876098704580508
"ENSMUSG00000109757",0.274642048583684,-1.72502604588146,3.06715443518544,-0.5624190376893,0.573830551167177,0.876098704580508
"ENSMUSG00000109768",0.274642048583684,-1.72502604588146,3.06715443518544,-0.5624190376893,0.573830551167177,0.876098704580508
"ENSMUSG00000109770",0.000434662617032883,-1.2764637322467,3.06913865632041,-0.415902921042041,0.677481041964446,0.876098704580508
"ENSMUSG00000109785",3.95147833666257e-05,-1.28437469997752,3.06913879378388,-0.418480487939758,0.675595849628591,0.876098704580508
"ENSMUSG00000109814",3.95147833666257e-05,-1.28437469997752,3.06913879378388,-0.418480487939758,0.675595849628591,0.876098704580508
"ENSMUSG00000109823",0.15440512640842,-1.72502604588146,3.06715443518544,-0.5624190376893,0.573830551167177,0.876098704580508
"ENSMUSG00000109827",0.000118544350099877,-1.28278556126495,3.06913876610999,-0.417962711699356,0.675974380323377,0.876098704580508
"ENSMUSG00000109839",0.0986383360988006,-1.72502604588146,3.06715443518544,-0.5624190376893,0.573830551167177,0.876098704580508
"ENSMUSG00000109844",0.000158059133466503,-1.281992301629,3.06913875230725,-0.417704250309718,0.676163364361256,0.876098704580508
"ENSMUSG00000109875",0.15440512640842,-1.72502604588146,3.06715443518544,-0.5624190376893,0.573830551167177,0.876098704580508
"ENSMUSG00000109882",0.30881025281684,-1.72502604588146,3.06715443518544,-0.5624190376893,0.573830551167177,0.876098704580508
"ENSMUSG00000109890",0.0774098601416201,-1.67784611285302,3.06756075417554,-0.546964264870432,0.584403283013636,0.876098704580508
"ENSMUSG00000109893",3.95147833666257e-05,-1.28437469997752,3.06913879378388,-0.418480487939758,0.675595849628591,0.876098704580508
"ENSMUSG00000109915",0.197276672197601,-2.10120506970855,3.06209288870195,-0.686198997248339,0.49258763003571,0.876098704580508
"ENSMUSG00000109960",0.274642048583684,-1.72502604588146,3.06715443518544,-0.5624190376893,0.573830551167177,0.876098704580508
"ENSMUSG00000109963",3.95147833666257e-05,-1.28437469997752,3.06913879378388,-0.418480487939758,0.675595849628591,0.876098704580508
"ENSMUSG00000109973",1.85286151690104,-4.23865132440863,3.00941678228771,-1.40846271256136,0.158994100677853,0.876098704580508
"ENSMUSG00000109980",0.274642048583684,-1.72502604588146,3.06715443518544,-0.5624190376893,0.573830551167177,0.876098704580508
"ENSMUSG00000109992",0.15440512640842,-1.72502604588146,3.06715443518544,-0.5624190376893,0.573830551167177,0.876098704580508
"ENSMUSG00000109996",0.228399399337433,-1.72502604588146,3.06715443518544,-0.5624190376893,0.573830551167177,0.876098704580508
"ENSMUSG00000109998",0.15440512640842,-1.72502604588146,3.06715443518544,-0.5624190376893,0.573830551167177,0.876098704580508
"ENSMUSG00000110004",0.0986383360988006,-1.72502604588146,3.06715443518544,-0.5624190376893,0.573830551167177,0.876098704580508
"ENSMUSG00000110032",3.95147833666257e-05,-1.28437469997752,3.06913879378388,-0.418480487939758,0.675595849628591,0.876098704580508
"ENSMUSG00000110045",0.197276672197601,-2.10120506970855,3.06209288870195,-0.686198997248339,0.49258763003571,0.876098704580508
"ENSMUSG00000110047",0.15440512640842,-1.72502604588146,3.06715443518544,-0.5624190376893,0.573830551167177,0.876098704580508
"ENSMUSG00000110052",0.274642048583684,-1.72502604588146,3.06715443518544,-0.5624190376893,0.573830551167177,0.876098704580508
"ENSMUSG00000110062",0.15440512640842,-1.72502604588146,3.06715443518544,-0.5624190376893,0.573830551167177,0.876098704580508
"ENSMUSG00000110063",1.23524101126736,-3.63412723896647,3.02910877412275,-1.19973480979366,0.230242349311484,0.876098704580508
"ENSMUSG00000110067",0.274642048583684,-1.72502604588146,3.06715443518544,-0.5624190376893,0.573830551167177,0.876098704580508
"ENSMUSG00000110071",0.617620505633681,-2.25679853636401,3.05984996089455,-0.737552025493509,0.460786717503522,0.876098704580508
"ENSMUSG00000110097",0.30881025281684,-2.25679853636401,3.05984996089455,-0.737552025493509,0.460786717503522,0.876098704580508
"ENSMUSG00000110126",0.549284097167367,-2.25679853636401,3.05984996089455,-0.737552025493509,0.460786717503522,0.876098704580508
"ENSMUSG00000110138",1.23524101126736,-3.63412723896647,3.02910877412275,-1.19973480979366,0.230242349311484,0.876098704580508
"ENSMUSG00000110140",0.228399399337433,-1.72502604588146,3.06715443518544,-0.5624190376893,0.573830551167177,0.876098704580508
"ENSMUSG00000110154",0.30881025281684,-1.72502604588146,3.06715443518544,-0.5624190376893,0.573830551167177,0.876098704580508
"ENSMUSG00000110162",0.15440512640842,-1.72502604588146,3.06715443518544,-0.5624190376893,0.573830551167177,0.876098704580508
"ENSMUSG00000110163",0.617620505633681,-2.25679853636401,3.05984996089455,-0.737552025493509,0.460786717503522,0.876098704580508
"ENSMUSG00000110177",3.95147833666257e-05,-1.28437469997752,3.06913879378388,-0.418480487939758,0.675595849628591,0.876098704580508
"ENSMUSG00000110208",0.15440512640842,-1.72502604588146,3.06715443518544,-0.5624190376893,0.573830551167177,0.876098704580508
"ENSMUSG00000110264",0.15440512640842,-1.72502604588146,3.06715443518544,-0.5624190376893,0.573830551167177,0.876098704580508
"ENSMUSG00000110345",3.95147833666257e-05,-1.28437469997752,3.06913879378388,-0.418480487939758,0.675595849628591,0.876098704580508
"ENSMUSG00000110370",0.30881025281684,-1.72502604588146,3.06715443518544,-0.5624190376893,0.573830551167177,0.876098704580508
"ENSMUSG00000110373",3.95147833666257e-05,-1.28437469997752,3.06913879378388,-0.418480487939758,0.675595849628591,0.876098704580508
"ENSMUSG00000110390",0.617620505633681,-2.25679853636401,3.05984996089455,-0.737552025493509,0.460786717503522,0.876098704580508
"ENSMUSG00000110426",0.274642048583684,-1.72502604588146,3.06715443518544,-0.5624190376893,0.573830551167177,0.876098704580508
"ENSMUSG00000110430",3.95147833666257e-05,-1.28437469997752,3.06913879378388,-0.418480487939758,0.675595849628591,0.876098704580508
"ENSMUSG00000110441",3.95147833666257e-05,-1.28437469997752,3.06913879378388,-0.418480487939758,0.675595849628591,0.876098704580508
"ENSMUSG00000110448",2.47048202253472,-4.66364020938154,2.99964979750409,-1.55472822636229,0.120010809178471,0.876098704580508
"ENSMUSG00000110461",0.30881025281684,-1.72502604588146,3.06715443518544,-0.5624190376893,0.573830551167177,0.876098704580508
"ENSMUSG00000110473",0.0986383360988006,-1.72502604588146,3.06715443518544,-0.5624190376893,0.573830551167177,0.876098704580508
"ENSMUSG00000110491",0.228399399337433,-1.72502604588146,3.06715443518544,-0.5624190376893,0.573830551167177,0.876098704580508
"ENSMUSG00000110506",0.0986383360988006,-1.72502604588146,3.06715443518544,-0.5624190376893,0.573830551167177,0.876098704580508
"ENSMUSG00000110511",0.274642048583684,-1.72502604588146,3.06715443518544,-0.5624190376893,0.573830551167177,0.876098704580508
"ENSMUSG00000110514",0.617620505633681,-2.25679853636401,3.05984996089455,-0.737552025493509,0.460786717503522,0.876098704580508
"ENSMUSG00000110533",0.15440512640842,-1.72502604588146,3.06715443518544,-0.5624190376893,0.573830551167177,0.876098704580508
"ENSMUSG00000110543",0.0986383360988006,-1.72502604588146,3.06715443518544,-0.5624190376893,0.573830551167177,0.876098704580508
"ENSMUSG00000110568",0.0774098601416201,-1.67784611285302,3.06756075417554,-0.546964264870432,0.584403283013636,0.876098704580508
"ENSMUSG00000110598",0.15440512640842,-1.72502604588146,3.06715443518544,-0.5624190376893,0.573830551167177,0.876098704580508
"ENSMUSG00000110602",0.15440512640842,-1.72502604588146,3.06715443518544,-0.5624190376893,0.573830551167177,0.876098704580508
"ENSMUSG00000110616",0.15440512640842,-1.72502604588146,3.06715443518544,-0.5624190376893,0.573830551167177,0.876098704580508
"ENSMUSG00000110619",0.685198198012299,1.57034154167332,3.03059088999643,0.518163486486019,0.604344208189296,0.876098704580508
"ENSMUSG00000110662",3.95147833666257e-05,-1.28437469997752,3.06913879378388,-0.418480487939758,0.675595849628591,0.876098704580508
"ENSMUSG00000110676",0.000355633050299631,-1.27803901475298,3.06913868363296,-0.416416182679681,0.677105488823372,0.876098704580508
"ENSMUSG00000110679",1.08502169708681,-3.56744404062561,3.03180653111085,-1.17667272103887,0.239326159864908,0.876098704580508
"ENSMUSG00000110680",0.15440512640842,-1.72502604588146,3.06715443518544,-0.5624190376893,0.573830551167177,0.876098704580508
"ENSMUSG00000110692",0.456798798674866,1.05811850835487,3.04299414405773,0.347722821097482,0.728048356193429,0.876098704580508
"ENSMUSG00000110696",0.274642048583684,-1.72502604588146,3.06715443518544,-0.5624190376893,0.573830551167177,0.876098704580508
"ENSMUSG00000110706",0.15440512640842,-1.72502604588146,3.06715443518544,-0.5624190376893,0.573830551167177,0.876098704580508
"ENSMUSG00000110716",0.30881025281684,-1.72502604588146,3.06715443518544,-0.5624190376893,0.573830551167177,0.876098704580508
"ENSMUSG00000110747",0.30881025281684,-1.72502604588146,3.06715443518544,-0.5624190376893,0.573830551167177,0.876098704580508
"ENSMUSG00000110749",0.23222958042486,-2.21608993519735,3.06041680539324,-0.724113764926409,0.468995894596022,0.876098704580508
"ENSMUSG00000110754",0.228399399337433,-1.72502604588146,3.06715443518544,-0.5624190376893,0.573830551167177,0.876098704580508
"ENSMUSG00000110816",0.15440512640842,-1.72502604588146,3.06715443518544,-0.5624190376893,0.573830551167177,0.876098704580508
"ENSMUSG00000110829",0.0986383360988006,-1.72502604588146,3.06715443518544,-0.5624190376893,0.573830551167177,0.876098704580508
"ENSMUSG00000110862",0.274642048583684,-1.72502604588146,3.06715443518544,-0.5624190376893,0.573830551167177,0.876098704580508
"ENSMUSG00000110879",7.90295667332514e-05,-1.28357969332704,3.06913877993551,-0.418221457341208,0.675785208891514,0.876098704580508
"ENSMUSG00000110895",0.549284097167367,-2.25679853636401,3.05984996089455,-0.737552025493509,0.460786717503522,0.876098704580508
"ENSMUSG00000110905",0.463215379225261,-2.67598741681572,3.05321667632186,-0.876448578827828,0.38078621906369,0.876098704580508
"ENSMUSG00000110932",0.30881025281684,-1.72502604588146,3.06715443518544,-0.5624190376893,0.573830551167177,0.876098704580508
"ENSMUSG00000110959",1.09856819433473,-3.48152640544173,3.03528348872783,-1.14701853002236,0.25137396265467,0.876098704580508
"ENSMUSG00000111000",0.926430758450521,-2.88219348658732,3.04953088018298,-0.945126840759975,0.344594123762453,0.876098704580508
"ENSMUSG00000111006",0.274642048583684,-1.72502604588146,3.06715443518544,-0.5624190376893,0.573830551167177,0.876098704580508
"ENSMUSG00000111008",0.30881025281684,-1.72502604588146,3.06715443518544,-0.5624190376893,0.573830551167177,0.876098704580508
"ENSMUSG00000111027",0.000592721750499385,-1.27332364726349,3.06913860196586,-0.414879812351223,0.678229888915514,0.876098704580508
"ENSMUSG00000111032",0.30881025281684,-2.25679853636401,3.05984996089455,-0.737552025493509,0.460786717503522,0.876098704580508
"ENSMUSG00000111085",0.30881025281684,-1.72502604588146,3.06715443518544,-0.5624190376893,0.573830551167177,0.876098704580508
"ENSMUSG00000111103",0.15481972028324,-1.97647658497433,3.06404624092385,-0.645054424628525,0.518891917027491,0.876098704580508
"ENSMUSG00000111141",0.15440512640842,-1.72502604588146,3.06715443518544,-0.5624190376893,0.573830551167177,0.876098704580508
"ENSMUSG00000111148",0.274642048583684,-1.72502604588146,3.06715443518544,-0.5624190376893,0.573830551167177,0.876098704580508
"ENSMUSG00000111160",0.274642048583684,-1.72502604588146,3.06715443518544,-0.5624190376893,0.573830551167177,0.876098704580508
"ENSMUSG00000111209",0.30881025281684,-1.72502604588146,3.06715443518544,-0.5624190376893,0.573830551167177,0.876098704580508
"ENSMUSG00000111224",0.274642048583684,-1.72502604588146,3.06715443518544,-0.5624190376893,0.573830551167177,0.876098704580508
"ENSMUSG00000111231",0.228399399337433,-1.72502604588146,3.06715443518544,-0.5624190376893,0.573830551167177,0.876098704580508
"ENSMUSG00000111256",0.274642048583684,-1.72502604588146,3.06715443518544,-0.5624190376893,0.573830551167177,0.876098704580508
"ENSMUSG00000111258",0.23222958042486,-2.21608993519735,3.06041680539324,-0.724113764926409,0.468995894596022,0.876098704580508
"ENSMUSG00000111260",0.274642048583684,-1.72502604588146,3.06715443518544,-0.5624190376893,0.573830551167177,0.876098704580508
"ENSMUSG00000111266",0.15481972028324,-1.97647658497433,3.06404624092385,-0.645054424628525,0.518891917027491,0.876098704580508
"ENSMUSG00000111267",0.0774098601416201,-1.67784611285302,3.06756075417554,-0.546964264870432,0.584403283013636,0.876098704580508
"ENSMUSG00000111271",3.95147833666257e-05,-1.28437469997752,3.06913879378388,-0.418480487939758,0.675595849628591,0.876098704580508
"ENSMUSG00000111353",3.95147833666257e-05,-1.28437469997752,3.06913879378388,-0.418480487939758,0.675595849628591,0.876098704580508
"ENSMUSG00000111355",0.30881025281684,-2.25679853636401,3.05984996089455,-0.737552025493509,0.460786717503522,0.876098704580508
"ENSMUSG00000111399",0.617620505633681,-2.25679853636401,3.05984996089455,-0.737552025493509,0.460786717503522,0.876098704580508
"ENSMUSG00000111409",0.23222958042486,-2.21608993519735,3.06041680539324,-0.724113764926409,0.468995894596022,0.876098704580508
"ENSMUSG00000111422",0.0774098601416201,-1.67784611285302,3.06756075417554,-0.546964264870432,0.584403283013636,0.876098704580508
"ENSMUSG00000111427",0.926430758450521,-2.88219348658732,3.04953088018298,-0.945126840759975,0.344594123762453,0.876098704580508
"ENSMUSG00000111448",0.456798798674866,-2.25679853636401,3.05984996089455,-0.737552025493509,0.460786717503522,0.876098704580508
"ENSMUSG00000111451",3.95147833666257e-05,-1.28437469997752,3.06913879378388,-0.418480487939758,0.675595849628591,0.876098704580508
"ENSMUSG00000111457",0.456798798674866,-2.25679853636401,3.05984996089455,-0.737552025493509,0.460786717503522,0.876098704580508
"ENSMUSG00000111462",1.5440512640842,-3.96773747015156,3.01726877725869,-1.3150096206399,0.188506669184869,0.876098704580508
"ENSMUSG00000111474",3.95147833666257e-05,-1.28437469997752,3.06913879378388,-0.418480487939758,0.675595849628591,0.876098704580508
"ENSMUSG00000111488",7.90295667332514e-05,-1.28357969332704,3.06913877993551,-0.418221457341208,0.675785208891514,0.876098704580508
"ENSMUSG00000111498",3.95147833666257e-05,-1.28437469997752,3.06913879378388,-0.418480487939758,0.675595849628591,0.876098704580508
"ENSMUSG00000111509",3.95147833666257e-05,-1.28437469997752,3.06913879378388,-0.418480487939758,0.675595849628591,0.876098704580508
"ENSMUSG00000111533",0.228399399337433,-1.72502604588146,3.06715443518544,-0.5624190376893,0.573830551167177,0.876098704580508
"ENSMUSG00000111540",0.30881025281684,-1.72502604588146,3.06715443518544,-0.5624190376893,0.573830551167177,0.876098704580508
"ENSMUSG00000111556",3.95147833666257e-05,-1.28437469997752,3.06913879378388,-0.418480487939758,0.675595849628591,0.876098704580508
"ENSMUSG00000111577",0.000158059133466503,-1.281992301629,3.06913875230725,-0.417704250309718,0.676163364361256,0.876098704580508
"ENSMUSG00000111582",0.228399399337433,-1.72502604588146,3.06715443518544,-0.5624190376893,0.573830551167177,0.876098704580508
"ENSMUSG00000111600",7.90295667332514e-05,-1.28357969332704,3.06913877993551,-0.418221457341208,0.675785208891514,0.876098704580508
"ENSMUSG00000111618",0.228399399337433,-1.72502604588146,3.06715443518544,-0.5624190376893,0.573830551167177,0.876098704580508
"ENSMUSG00000111620",0.0986383360988006,-1.72502604588146,3.06715443518544,-0.5624190376893,0.573830551167177,0.876098704580508
"ENSMUSG00000111641",0.30881025281684,-1.72502604588146,3.06715443518544,-0.5624190376893,0.573830551167177,0.876098704580508
"ENSMUSG00000111725",0.549284097167367,-2.25679853636401,3.05984996089455,-0.737552025493509,0.460786717503522,0.876098704580508
"ENSMUSG00000111726",0.30881025281684,-2.25679853636401,3.05984996089455,-0.737552025493509,0.460786717503522,0.876098704580508
"ENSMUSG00000111789",3.95147833666257e-05,-1.28437469997752,3.06913879378388,-0.418480487939758,0.675595849628591,0.876098704580508
"ENSMUSG00000111810",0.0774098601416201,-1.67784611285302,3.06756075417554,-0.546964264870432,0.584403283013636,0.876098704580508
"ENSMUSG00000111811",0.228399399337433,-1.72502604588146,3.06715443518544,-0.5624190376893,0.573830551167177,0.876098704580508
"ENSMUSG00000111827",0.000118544350099877,-1.28278556126495,3.06913876610999,-0.417962711699356,0.675974380323377,0.876098704580508
"ENSMUSG00000111831",3.95147833666257e-05,-1.28437469997752,3.06913879378388,-0.418480487939758,0.675595849628591,0.876098704580508
"ENSMUSG00000111845",0.0774098601416201,-1.67784611285302,3.06756075417554,-0.546964264870432,0.584403283013636,0.876098704580508
"ENSMUSG00000111853",3.95147833666257e-05,-1.28437469997752,3.06913879378388,-0.418480487939758,0.675595849628591,0.876098704580508
"ENSMUSG00000111862",0.0986383360988006,-1.72502604588146,3.06715443518544,-0.5624190376893,0.573830551167177,0.876098704580508
"ENSMUSG00000111873",0.617620505633681,-2.25679853636401,3.05984996089455,-0.737552025493509,0.460786717503522,0.876098704580508
"ENSMUSG00000111874",3.95147833666257e-05,-1.28437469997752,3.06913879378388,-0.418480487939758,0.675595849628591,0.876098704580508
"ENSMUSG00000111883",0.0986383360988006,-1.72502604588146,3.06715443518544,-0.5624190376893,0.573830551167177,0.876098704580508
"ENSMUSG00000111960",1.6478522915021,-4.0790158007424,3.0138702353234,-1.35341454085687,0.175923234670213,0.876098704580508
"ENSMUSG00000111974",0.0986383360988006,-1.72502604588146,3.06715443518544,-0.5624190376893,0.573830551167177,0.876098704580508
"ENSMUSG00000111992",0.30881025281684,-1.72502604588146,3.06715443518544,-0.5624190376893,0.573830551167177,0.876098704580508
"ENSMUSG00000112003",0.15440512640842,-1.72502604588146,3.06715443518544,-0.5624190376893,0.573830551167177,0.876098704580508
"ENSMUSG00000112043",0.15481972028324,-1.97647658497433,3.06404624092385,-0.645054424628525,0.518891917027491,0.876098704580508
"ENSMUSG00000112056",0.0986383360988006,-1.72502604588146,3.06715443518544,-0.5624190376893,0.573830551167177,0.876098704580508
"ENSMUSG00000112061",1.16654859004116,2.30198313897755,3.01347976404549,0.763895336694488,0.444929616641888,0.876098704580508
"ENSMUSG00000112080",7.90295667332514e-05,-1.28357969332704,3.06913877993551,-0.418221457341208,0.675785208891514,0.876098704580508
"ENSMUSG00000112081",0.228399399337433,-1.72502604588146,3.06715443518544,-0.5624190376893,0.573830551167177,0.876098704580508
"ENSMUSG00000112084",0.0774098601416201,-1.67784611285302,3.06756075417554,-0.546964264870432,0.584403283013636,0.876098704580508
"ENSMUSG00000112093",0.549284097167367,-2.25679853636401,3.05984996089455,-0.737552025493509,0.460786717503522,0.876098704580508
"ENSMUSG00000112106",1.09856819433473,-3.48152640544173,3.03528348872783,-1.14701853002236,0.25137396265467,0.876098704580508
"ENSMUSG00000112121",0.15440512640842,-1.72502604588146,3.06715443518544,-0.5624190376893,0.573830551167177,0.876098704580508
"ENSMUSG00000112138",0.823926145751051,-2.88219348658732,3.04953088018298,-0.945126840759975,0.344594123762453,0.876098704580508
"ENSMUSG00000112143",0.30881025281684,-1.72502604588146,3.06715443518544,-0.5624190376893,0.573830551167177,0.876098704580508
"ENSMUSG00000112166",0.30881025281684,-1.72502604588146,3.06715443518544,-0.5624190376893,0.573830551167177,0.876098704580508
"ENSMUSG00000112168",0.0986383360988006,-1.72502604588146,3.06715443518544,-0.5624190376893,0.573830551167177,0.876098704580508
"ENSMUSG00000112174",0.15440512640842,-1.72502604588146,3.06715443518544,-0.5624190376893,0.573830551167177,0.876098704580508
"ENSMUSG00000112191",0.0774098601416201,-1.67784611285302,3.06756075417554,-0.546964264870432,0.584403283013636,0.876098704580508
"ENSMUSG00000112203",0.0774098601416201,-1.67784611285302,3.06756075417554,-0.546964264870432,0.584403283013636,0.876098704580508
"ENSMUSG00000112234",0.0986383360988006,-1.72502604588146,3.06715443518544,-0.5624190376893,0.573830551167177,0.876098704580508
"ENSMUSG00000112247",0.000118544350099877,-1.28278556126495,3.06913876610999,-0.417962711699356,0.675974380323377,0.876098704580508
"ENSMUSG00000112284",0.15481972028324,-1.97647658497433,3.06404624092385,-0.645054424628525,0.518891917027491,0.876098704580508
"ENSMUSG00000112291",0.0986383360988006,-1.72502604588146,3.06715443518544,-0.5624190376893,0.573830551167177,0.876098704580508
"ENSMUSG00000112323",0.274642048583684,-1.72502604588146,3.06715443518544,-0.5624190376893,0.573830551167177,0.876098704580508
"ENSMUSG00000112326",0.274642048583684,-1.72502604588146,3.06715443518544,-0.5624190376893,0.573830551167177,0.876098704580508
"ENSMUSG00000112349",0.30963944056648,-2.40819674058621,3.05785988987547,-0.787543192727605,0.430963954181161,0.876098704580508
"ENSMUSG00000112350",0.000118544350099877,-1.28278556126495,3.06913876610999,-0.417962711699356,0.675974380323377,0.876098704580508
"ENSMUSG00000112351",0.15481972028324,-1.97647658497433,3.06404624092385,-0.645054424628525,0.518891917027491,0.876098704580508
"ENSMUSG00000112354",3.95147833666257e-05,-1.28437469997752,3.06913879378388,-0.418480487939758,0.675595849628591,0.876098704580508
"ENSMUSG00000112367",0.228399399337433,-1.72502604588146,3.06715443518544,-0.5624190376893,0.573830551167177,0.876098704580508
"ENSMUSG00000112390",3.95147833666257e-05,-1.28437469997752,3.06913879378388,-0.418480487939758,0.675595849628591,0.876098704580508
"ENSMUSG00000112398",0.456798798674866,-2.25679853636401,3.05984996089455,-0.737552025493509,0.460786717503522,0.876098704580508
"ENSMUSG00000112427",7.90295667332514e-05,-1.28357969332704,3.06913877993551,-0.418221457341208,0.675785208891514,0.876098704580508
"ENSMUSG00000112429",0.0986383360988006,-1.72502604588146,3.06715443518544,-0.5624190376893,0.573830551167177,0.876098704580508
"ENSMUSG00000112430",3.95147833666257e-05,-1.28437469997752,3.06913879378388,-0.418480487939758,0.675595849628591,0.876098704580508
"ENSMUSG00000112439",0.30881025281684,-1.72502604588146,3.06715443518544,-0.5624190376893,0.573830551167177,0.876098704580508
"ENSMUSG00000112454",0.15440512640842,-1.72502604588146,3.06715443518544,-0.5624190376893,0.573830551167177,0.876098704580508
"ENSMUSG00000112466",0.15440512640842,-1.72502604588146,3.06715443518544,-0.5624190376893,0.573830551167177,0.876098704580508
"ENSMUSG00000112481",0.274642048583684,-1.72502604588146,3.06715443518544,-0.5624190376893,0.573830551167177,0.876098704580508
"ENSMUSG00000112485",0.15440512640842,-1.72502604588146,3.06715443518544,-0.5624190376893,0.573830551167177,0.876098704580508
"ENSMUSG00000112523",0.274642048583684,-1.72502604588146,3.06715443518544,-0.5624190376893,0.573830551167177,0.876098704580508
"ENSMUSG00000112548",0.0986383360988006,-1.72502604588146,3.06715443518544,-0.5624190376893,0.573830551167177,0.876098704580508
"ENSMUSG00000112553",0.228399399337433,-1.72502604588146,3.06715443518544,-0.5624190376893,0.573830551167177,0.876098704580508
"ENSMUSG00000112563",0.0986383360988006,-1.72502604588146,3.06715443518544,-0.5624190376893,0.573830551167177,0.876098704580508
"ENSMUSG00000112576",0.0986383360988006,-1.72502604588146,3.06715443518544,-0.5624190376893,0.573830551167177,0.876098704580508
"ENSMUSG00000112578",0.549284097167367,-2.25679853636401,3.05984996089455,-0.737552025493509,0.460786717503522,0.876098704580508
"ENSMUSG00000112582",0.30881025281684,-1.72502604588146,3.06715443518544,-0.5624190376893,0.573830551167177,0.876098704580508
"ENSMUSG00000112636",0.463215379225261,-2.67598741681572,3.05321667632186,-0.876448578827828,0.38078621906369,0.876098704580508
"ENSMUSG00000112646",0.0986383360988006,-1.72502604588146,3.06715443518544,-0.5624190376893,0.573830551167177,0.876098704580508
"ENSMUSG00000112655",0.15440512640842,-1.72502604588146,3.06715443518544,-0.5624190376893,0.573830551167177,0.876098704580508
"ENSMUSG00000112686",0.000118544350099877,-1.28278556126495,3.06913876610999,-0.417962711699356,0.675974380323377,0.876098704580508
"ENSMUSG00000112698",0.274642048583684,-1.72502604588146,3.06715443518544,-0.5624190376893,0.573830551167177,0.876098704580508
"ENSMUSG00000112710",0.30881025281684,-1.72502604588146,3.06715443518544,-0.5624190376893,0.573830551167177,0.876098704580508
"ENSMUSG00000112712",0.000118544350099877,-1.28278556126495,3.06913876610999,-0.417962711699356,0.675974380323377,0.876098704580508
"ENSMUSG00000112721",0.30881025281684,-1.72502604588146,3.06715443518544,-0.5624190376893,0.573830551167177,0.876098704580508
"ENSMUSG00000112746",0.0986383360988006,-1.72502604588146,3.06715443518544,-0.5624190376893,0.573830551167177,0.876098704580508
"ENSMUSG00000112748",0.274642048583684,-1.72502604588146,3.06715443518544,-0.5624190376893,0.573830551167177,0.876098704580508
"ENSMUSG00000112753",0.15440512640842,-1.72502604588146,3.06715443518544,-0.5624190376893,0.573830551167177,0.876098704580508
"ENSMUSG00000112763",0.926430758450521,-2.88219348658732,3.04953088018298,-0.945126840759975,0.344594123762453,0.876098704580508
"ENSMUSG00000112765",0.30881025281684,-1.72502604588146,3.06715443518544,-0.5624190376893,0.573830551167177,0.876098704580508
"ENSMUSG00000112811",0.30881025281684,-1.72502604588146,3.06715443518544,-0.5624190376893,0.573830551167177,0.876098704580508
"ENSMUSG00000112819",0.274642048583684,-1.72502604588146,3.06715443518544,-0.5624190376893,0.573830551167177,0.876098704580508
"ENSMUSG00000112833",0.000118544350099877,-1.28278556126495,3.06913876610999,-0.417962711699356,0.675974380323377,0.876098704580508
"ENSMUSG00000112838",3.95147833666257e-05,-1.28437469997752,3.06913879378388,-0.418480487939758,0.675595849628591,0.876098704580508
"ENSMUSG00000112848",0.926430758450521,-2.88219348658732,3.04953088018298,-0.945126840759975,0.344594123762453,0.876098704580508
"ENSMUSG00000112851",0.549284097167367,-2.25679853636401,3.05984996089455,-0.737552025493509,0.460786717503522,0.876098704580508
"ENSMUSG00000112852",3.95147833666257e-05,-1.28437469997752,3.06913879378388,-0.418480487939758,0.675595849628591,0.876098704580508
"ENSMUSG00000112859",0.274642048583684,-1.72502604588146,3.06715443518544,-0.5624190376893,0.573830551167177,0.876098704580508
"ENSMUSG00000112877",0.30881025281684,-1.72502604588146,3.06715443518544,-0.5624190376893,0.573830551167177,0.876098704580508
"ENSMUSG00000112892",0.0986383360988006,-1.72502604588146,3.06715443518544,-0.5624190376893,0.573830551167177,0.876098704580508
"ENSMUSG00000112910",0.000118544350099877,-1.28278556126495,3.06913876610999,-0.417962711699356,0.675974380323377,0.876098704580508
"ENSMUSG00000112916",0.15440512640842,-1.72502604588146,3.06715443518544,-0.5624190376893,0.573830551167177,0.876098704580508
"ENSMUSG00000112959",0.0986383360988006,-1.72502604588146,3.06715443518544,-0.5624190376893,0.573830551167177,0.876098704580508
"ENSMUSG00000112962",0.15440512640842,-1.72502604588146,3.06715443518544,-0.5624190376893,0.573830551167177,0.876098704580508
"ENSMUSG00000112971",0.0986383360988006,-1.72502604588146,3.06715443518544,-0.5624190376893,0.573830551167177,0.876098704580508
"ENSMUSG00000112983",0.000118544350099877,-1.28278556126495,3.06913876610999,-0.417962711699356,0.675974380323377,0.876098704580508
"ENSMUSG00000112998",0.0986383360988006,-1.72502604588146,3.06715443518544,-0.5624190376893,0.573830551167177,0.876098704580508
"ENSMUSG00000112999",0.30881025281684,-1.72502604588146,3.06715443518544,-0.5624190376893,0.573830551167177,0.876098704580508
"ENSMUSG00000113066",0.549284097167367,-2.25679853636401,3.05984996089455,-0.737552025493509,0.460786717503522,0.876098704580508
"ENSMUSG00000113071",0.30881025281684,-1.72502604588146,3.06715443518544,-0.5624190376893,0.573830551167177,0.876098704580508
"ENSMUSG00000113072",0.549284097167367,-2.25679853636401,3.05984996089455,-0.737552025493509,0.460786717503522,0.876098704580508
"ENSMUSG00000113081",0.617620505633681,-2.25679853636401,3.05984996089455,-0.737552025493509,0.460786717503522,0.876098704580508
"ENSMUSG00000113083",3.95147833666257e-05,-1.28437469997752,3.06913879378388,-0.418480487939758,0.675595849628591,0.876098704580508
"ENSMUSG00000113087",0.30881025281684,-1.72502604588146,3.06715443518544,-0.5624190376893,0.573830551167177,0.876098704580508
"ENSMUSG00000113091",0.274642048583684,-1.72502604588146,3.06715443518544,-0.5624190376893,0.573830551167177,0.876098704580508
"ENSMUSG00000113119",0.0986383360988006,-1.72502604588146,3.06715443518544,-0.5624190376893,0.573830551167177,0.876098704580508
"ENSMUSG00000113156",0.30881025281684,-2.25679853636401,3.05984996089455,-0.737552025493509,0.460786717503522,0.876098704580508
"ENSMUSG00000113189",3.95147833666257e-05,-1.28437469997752,3.06913879378388,-0.418480487939758,0.675595849628591,0.876098704580508
"ENSMUSG00000113190",0.274642048583684,-1.72502604588146,3.06715443518544,-0.5624190376893,0.573830551167177,0.876098704580508
"ENSMUSG00000113219",0.000118544350099877,-1.28278556126495,3.06913876610999,-0.417962711699356,0.675974380323377,0.876098704580508
"ENSMUSG00000113237",0.549284097167367,-2.25679853636401,3.05984996089455,-0.737552025493509,0.460786717503522,0.876098704580508
"ENSMUSG00000113257",0.228399399337433,-1.72502604588146,3.06715443518544,-0.5624190376893,0.573830551167177,0.876098704580508
"ENSMUSG00000113303",0.617620505633681,-2.25679853636401,3.05984996089455,-0.737552025493509,0.460786717503522,0.876098704580508
"ENSMUSG00000113310",0.30881025281684,-2.25679853636401,3.05984996089455,-0.737552025493509,0.460786717503522,0.876098704580508
"ENSMUSG00000113342",0.30881025281684,-1.72502604588146,3.06715443518544,-0.5624190376893,0.573830551167177,0.876098704580508
"ENSMUSG00000113352",0.456798798674866,-2.25679853636401,3.05984996089455,-0.737552025493509,0.460786717503522,0.876098704580508
"ENSMUSG00000113366",0.228399399337433,-1.72502604588146,3.06715443518544,-0.5624190376893,0.573830551167177,0.876098704580508
"ENSMUSG00000113380",0.549284097167367,-2.25679853636401,3.05984996089455,-0.737552025493509,0.460786717503522,0.876098704580508
"ENSMUSG00000113388",0.0986383360988006,-1.72502604588146,3.06715443518544,-0.5624190376893,0.573830551167177,0.876098704580508
"ENSMUSG00000113393",0.549284097167367,-2.25679853636401,3.05984996089455,-0.737552025493509,0.460786717503522,0.876098704580508
"ENSMUSG00000113402",0.463215379225261,-2.67598741681572,3.05321667632186,-0.876448578827828,0.38078621906369,0.876098704580508
"ENSMUSG00000113411",0.0986383360988006,-1.72502604588146,3.06715443518544,-0.5624190376893,0.573830551167177,0.876098704580508
"ENSMUSG00000113434",0.15440512640842,-1.72502604588146,3.06715443518544,-0.5624190376893,0.573830551167177,0.876098704580508
"ENSMUSG00000113486",1.37321024291842,-3.80994266964429,3.02254233689052,-1.26050928158836,0.207485701758826,0.876098704580508
"ENSMUSG00000113492",0.0774098601416201,-1.67784611285302,3.06756075417554,-0.546964264870432,0.584403283013636,0.876098704580508
"ENSMUSG00000113504",0.69668874127458,1.49632728064361,3.0328205173751,0.493378118510844,0.621745440469826,0.876098704580508
"ENSMUSG00000113521",0.0774098601416201,-1.67784611285302,3.06756075417554,-0.546964264870432,0.584403283013636,0.876098704580508
"ENSMUSG00000113552",7.90295667332514e-05,-1.28357969332704,3.06913877993551,-0.418221457341208,0.675785208891514,0.876098704580508
"ENSMUSG00000113568",0.15440512640842,-1.72502604588146,3.06715443518544,-0.5624190376893,0.573830551167177,0.876098704580508
"ENSMUSG00000113574",0.0774098601416201,-1.67784611285302,3.06756075417554,-0.546964264870432,0.584403283013636,0.876098704580508
"ENSMUSG00000113586",3.95147833666257e-05,-1.28437469997752,3.06913879378388,-0.418480487939758,0.675595849628591,0.876098704580508
"ENSMUSG00000113591",0.274642048583684,-1.72502604588146,3.06715443518544,-0.5624190376893,0.573830551167177,0.876098704580508
"ENSMUSG00000113597",0.15440512640842,-1.72502604588146,3.06715443518544,-0.5624190376893,0.573830551167177,0.876098704580508
"ENSMUSG00000113621",3.95147833666257e-05,-1.28437469997752,3.06913879378388,-0.418480487939758,0.675595849628591,0.876098704580508
"ENSMUSG00000113636",0.000118544350099877,-1.28278556126495,3.06913876610999,-0.417962711699356,0.675974380323377,0.876098704580508
"ENSMUSG00000113643",0.274642048583684,-1.72502604588146,3.06715443518544,-0.5624190376893,0.573830551167177,0.876098704580508
"ENSMUSG00000113664",0.295915008296402,-2.36313470922624,3.05843324320251,-0.772661857007471,0.439722525956278,0.876098704580508
"ENSMUSG00000113707",0.197276672197601,-2.10120506970855,3.06209288870195,-0.686198997248339,0.49258763003571,0.876098704580508
"ENSMUSG00000113715",0.15440512640842,-1.72502604588146,3.06715443518544,-0.5624190376893,0.573830551167177,0.876098704580508
"ENSMUSG00000113728",7.90295667332514e-05,-1.28357969332704,3.06913877993551,-0.418221457341208,0.675785208891514,0.876098704580508
"ENSMUSG00000113738",0.295915008296402,-2.36313470922624,3.05843324320251,-0.772661857007471,0.439722525956278,0.876098704580508
"ENSMUSG00000113740",0.274642048583684,-1.72502604588146,3.06715443518544,-0.5624190376893,0.573830551167177,0.876098704580508
"ENSMUSG00000113757",0.617620505633681,-2.25679853636401,3.05984996089455,-0.737552025493509,0.460786717503522,0.876098704580508
"ENSMUSG00000113796",0.15440512640842,-1.72502604588146,3.06715443518544,-0.5624190376893,0.573830551167177,0.876098704580508
"ENSMUSG00000113805",0.30881025281684,-1.72502604588146,3.06715443518544,-0.5624190376893,0.573830551167177,0.876098704580508
"ENSMUSG00000113847",0.549284097167367,-2.25679853636401,3.05984996089455,-0.737552025493509,0.460786717503522,0.876098704580508
"ENSMUSG00000113848",0.274642048583684,-1.72502604588146,3.06715443518544,-0.5624190376893,0.573830551167177,0.876098704580508
"ENSMUSG00000113866",0.274642048583684,-1.72502604588146,3.06715443518544,-0.5624190376893,0.573830551167177,0.876098704580508
"ENSMUSG00000113875",0.15440512640842,-1.72502604588146,3.06715443518544,-0.5624190376893,0.573830551167177,0.876098704580508
"ENSMUSG00000113892",3.95147833666257e-05,-1.28437469997752,3.06913879378388,-0.418480487939758,0.675595849628591,0.876098704580508
"ENSMUSG00000113923",0.0774098601416201,-1.67784611285302,3.06756075417554,-0.546964264870432,0.584403283013636,0.876098704580508
"ENSMUSG00000113926",0.0774098601416201,-1.67784611285302,3.06756075417554,-0.546964264870432,0.584403283013636,0.876098704580508
"ENSMUSG00000113940",4.01453328661892,-5.37570134372468,2.98844852799455,-1.79882681376886,0.0720460803941289,0.876098704580508
"ENSMUSG00000113960",0.228399399337433,-1.72502604588146,3.06715443518544,-0.5624190376893,0.573830551167177,0.876098704580508
"ENSMUSG00000113964",3.95147833666257e-05,-1.28437469997752,3.06913879378388,-0.418480487939758,0.675595849628591,0.876098704580508
"ENSMUSG00000114034",0.30881025281684,-1.72502604588146,3.06715443518544,-0.5624190376893,0.573830551167177,0.876098704580508
"ENSMUSG00000114035",0.617620505633681,-2.25679853636401,3.05984996089455,-0.737552025493509,0.460786717503522,0.876098704580508
"ENSMUSG00000114041",7.90295667332514e-05,-1.28357969332704,3.06913877993551,-0.418221457341208,0.675785208891514,0.876098704580508
"ENSMUSG00000114066",3.95147833666257e-05,-1.28437469997752,3.06913879378388,-0.418480487939758,0.675595849628591,0.876098704580508
"ENSMUSG00000114099",0.228399399337433,-1.72502604588146,3.06715443518544,-0.5624190376893,0.573830551167177,0.876098704580508
"ENSMUSG00000114113",0.0774098601416201,-1.67784611285302,3.06756075417554,-0.546964264870432,0.584403283013636,0.876098704580508
"ENSMUSG00000114213",0.15440512640842,-1.72502604588146,3.06715443518544,-0.5624190376893,0.573830551167177,0.876098704580508
"ENSMUSG00000114226",0.197276672197601,-2.10120506970855,3.06209288870195,-0.686198997248339,0.49258763003571,0.876098704580508
"ENSMUSG00000114234",3.95147833666257e-05,-1.28437469997752,3.06913879378388,-0.418480487939758,0.675595849628591,0.876098704580508
"ENSMUSG00000114246",0.0986383360988006,-1.72502604588146,3.06715443518544,-0.5624190376893,0.573830551167177,0.876098704580508
"ENSMUSG00000114283",0.0986383360988006,-1.72502604588146,3.06715443518544,-0.5624190376893,0.573830551167177,0.876098704580508
"ENSMUSG00000114286",3.95147833666257e-05,-1.28437469997752,3.06913879378388,-0.418480487939758,0.675595849628591,0.876098704580508
"ENSMUSG00000114295",0.274642048583684,-1.72502604588146,3.06715443518544,-0.5624190376893,0.573830551167177,0.876098704580508
"ENSMUSG00000114305",0.15440512640842,-1.72502604588146,3.06715443518544,-0.5624190376893,0.573830551167177,0.876098704580508
"ENSMUSG00000114309",0.617620505633681,-2.25679853636401,3.05984996089455,-0.737552025493509,0.460786717503522,0.876098704580508
"ENSMUSG00000114325",7.90295667332514e-05,-1.28357969332704,3.06913877993551,-0.418221457341208,0.675785208891514,0.876098704580508
"ENSMUSG00000114356",3.95147833666257e-05,-1.28437469997752,3.06913879378388,-0.418480487939758,0.675595849628591,0.876098704580508
"ENSMUSG00000114366",0.617620505633681,-2.25679853636401,3.05984996089455,-0.737552025493509,0.460786717503522,0.876098704580508
"ENSMUSG00000114374",0.000118544350099877,-1.28278556126495,3.06913876610999,-0.417962711699356,0.675974380323377,0.876098704580508
"ENSMUSG00000114382",0.15440512640842,-1.72502604588146,3.06715443518544,-0.5624190376893,0.573830551167177,0.876098704580508
"ENSMUSG00000114393",0.30881025281684,-1.72502604588146,3.06715443518544,-0.5624190376893,0.573830551167177,0.876098704580508
"ENSMUSG00000114401",0.274642048583684,-1.72502604588146,3.06715443518544,-0.5624190376893,0.573830551167177,0.876098704580508
"ENSMUSG00000114403",0.228399399337433,-1.72502604588146,3.06715443518544,-0.5624190376893,0.573830551167177,0.876098704580508
"ENSMUSG00000114434",0.15440512640842,-1.72502604588146,3.06715443518544,-0.5624190376893,0.573830551167177,0.876098704580508
"ENSMUSG00000114465",0.274642048583684,-1.72502604588146,3.06715443518544,-0.5624190376893,0.573830551167177,0.876098704580508
"ENSMUSG00000114467",0.15440512640842,-1.72502604588146,3.06715443518544,-0.5624190376893,0.573830551167177,0.876098704580508
"ENSMUSG00000114479",0.30881025281684,-2.25679853636401,3.05984996089455,-0.737552025493509,0.460786717503522,0.876098704580508
"ENSMUSG00000114494",0.274642048583684,-1.72502604588146,3.06715443518544,-0.5624190376893,0.573830551167177,0.876098704580508
"ENSMUSG00000114498",0.228399399337433,-1.72502604588146,3.06715443518544,-0.5624190376893,0.573830551167177,0.876098704580508
"ENSMUSG00000114504",3.95147833666257e-05,-1.28437469997752,3.06913879378388,-0.418480487939758,0.675595849628591,0.876098704580508
"ENSMUSG00000114507",3.95147833666257e-05,-1.28437469997752,3.06913879378388,-0.418480487939758,0.675595849628591,0.876098704580508
"ENSMUSG00000114536",0.394553344395202,-2.57706962205662,3.05515824203595,-0.843514285642783,0.398940879583754,0.876098704580508
"ENSMUSG00000114537",0.30881025281684,-1.72502604588146,3.06715443518544,-0.5624190376893,0.573830551167177,0.876098704580508
"ENSMUSG00000114546",0.274642048583684,-1.72502604588146,3.06715443518544,-0.5624190376893,0.573830551167177,0.876098704580508
"ENSMUSG00000114577",0.15440512640842,-1.72502604588146,3.06715443518544,-0.5624190376893,0.573830551167177,0.876098704580508
"ENSMUSG00000114581",0.274642048583684,-1.72502604588146,3.06715443518544,-0.5624190376893,0.573830551167177,0.876098704580508
"ENSMUSG00000114618",0.926430758450521,-2.88219348658732,3.04953088018298,-0.945126840759975,0.344594123762453,0.876098704580508
"ENSMUSG00000114701",0.15440512640842,-1.72502604588146,3.06715443518544,-0.5624190376893,0.573830551167177,0.876098704580508
"ENSMUSG00000114744",3.95147833666257e-05,-1.28437469997752,3.06913879378388,-0.418480487939758,0.675595849628591,0.876098704580508
"ENSMUSG00000114772",0.23222958042486,-2.21608993519735,3.06041680539324,-0.724113764926409,0.468995894596022,0.876098704580508
"ENSMUSG00000114789",0.228399399337433,-1.72502604588146,3.06715443518544,-0.5624190376893,0.573830551167177,0.876098704580508
"ENSMUSG00000114794",0.0774098601416201,-1.67784611285302,3.06756075417554,-0.546964264870432,0.584403283013636,0.876098704580508
"ENSMUSG00000114810",0.15440512640842,-1.72502604588146,3.06715443518544,-0.5624190376893,0.573830551167177,0.876098704580508
"ENSMUSG00000114820",0.0774098601416201,-1.67784611285302,3.06756075417554,-0.546964264870432,0.584403283013636,0.876098704580508
"ENSMUSG00000114822",1.5440512640842,-3.96773747015156,3.01726877725869,-1.3150096206399,0.188506669184869,0.876098704580508
"ENSMUSG00000114826",0.30881025281684,-1.72502604588146,3.06715443518544,-0.5624190376893,0.573830551167177,0.876098704580508
"ENSMUSG00000114833",0.15440512640842,-1.72502604588146,3.06715443518544,-0.5624190376893,0.573830551167177,0.876098704580508
"ENSMUSG00000114834",0.0986383360988006,-1.72502604588146,3.06715443518544,-0.5624190376893,0.573830551167177,0.876098704580508
"ENSMUSG00000114838",0.30881025281684,-1.72502604588146,3.06715443518544,-0.5624190376893,0.573830551167177,0.876098704580508
"ENSMUSG00000114846",0.228399399337433,-1.72502604588146,3.06715443518544,-0.5624190376893,0.573830551167177,0.876098704580508
"ENSMUSG00000114870",0.274642048583684,-1.72502604588146,3.06715443518544,-0.5624190376893,0.573830551167177,0.876098704580508
"ENSMUSG00000114871",3.95147833666257e-05,-1.28437469997752,3.06913879378388,-0.418480487939758,0.675595849628591,0.876098704580508
"ENSMUSG00000114946",0.30881025281684,-2.25679853636401,3.05984996089455,-0.737552025493509,0.460786717503522,0.876098704580508
"ENSMUSG00000114965",0.15481972028324,-1.97647658497433,3.06404624092385,-0.645054424628525,0.518891917027491,0.876098704580508
"ENSMUSG00000114989",0.274642048583684,-1.72502604588146,3.06715443518544,-0.5624190376893,0.573830551167177,0.876098704580508
"ENSMUSG00000114994",0.30881025281684,-1.72502604588146,3.06715443518544,-0.5624190376893,0.573830551167177,0.876098704580508
"ENSMUSG00000115090",7.90295667332514e-05,-1.28357969332704,3.06913877993551,-0.418221457341208,0.675785208891514,0.876098704580508
"ENSMUSG00000115092",0.274642048583684,-1.72502604588146,3.06715443518544,-0.5624190376893,0.573830551167177,0.876098704580508
"ENSMUSG00000115151",0.15440512640842,-1.72502604588146,3.06715443518544,-0.5624190376893,0.573830551167177,0.876098704580508
"ENSMUSG00000115157",3.95147833666257e-05,-1.28437469997752,3.06913879378388,-0.418480487939758,0.675595849628591,0.876098704580508
"ENSMUSG00000115160",0.789106688790404,-3.19553910377405,3.04363524430496,-1.04990869380729,0.293760094090186,0.876098704580508
"ENSMUSG00000115164",0.30881025281684,-2.25679853636401,3.05984996089455,-0.737552025493509,0.460786717503522,0.876098704580508
"ENSMUSG00000115170",0.617620505633681,-2.25679853636401,3.05984996089455,-0.737552025493509,0.460786717503522,0.876098704580508
"ENSMUSG00000115181",0.30881025281684,-1.72502604588146,3.06715443518544,-0.5624190376893,0.573830551167177,0.876098704580508
"ENSMUSG00000115204",0.274642048583684,-1.72502604588146,3.06715443518544,-0.5624190376893,0.573830551167177,0.876098704580508
"ENSMUSG00000115230",0.15440512640842,-1.72502604588146,3.06715443518544,-0.5624190376893,0.573830551167177,0.876098704580508
"ENSMUSG00000115318",0.30881025281684,-2.25679853636401,3.05984996089455,-0.737552025493509,0.460786717503522,0.876098704580508
"ENSMUSG00000115339",0.274642048583684,-1.72502604588146,3.06715443518544,-0.5624190376893,0.573830551167177,0.876098704580508
"ENSMUSG00000115356",0.30881025281684,-1.72502604588146,3.06715443518544,-0.5624190376893,0.573830551167177,0.876098704580508
"ENSMUSG00000115405",0.228399399337433,-1.72502604588146,3.06715443518544,-0.5624190376893,0.573830551167177,0.876098704580508
"ENSMUSG00000115413",0.0986383360988006,-1.72502604588146,3.06715443518544,-0.5624190376893,0.573830551167177,0.876098704580508
"ENSMUSG00000115424",0.15440512640842,-1.72502604588146,3.06715443518544,-0.5624190376893,0.573830551167177,0.876098704580508
"ENSMUSG00000115426",3.95147833666257e-05,-1.28437469997752,3.06913879378388,-0.418480487939758,0.675595849628591,0.876098704580508
"ENSMUSG00000115428",3.95147833666257e-05,-1.28437469997752,3.06913879378388,-0.418480487939758,0.675595849628591,0.876098704580508
"ENSMUSG00000115432",0.274642048583684,-1.72502604588146,3.06715443518544,-0.5624190376893,0.573830551167177,0.876098704580508
"ENSMUSG00000115443",0.0774098601416201,-1.67784611285302,3.06756075417554,-0.546964264870432,0.584403283013636,0.876098704580508
"ENSMUSG00000115448",0.617620505633681,-2.25679853636401,3.05984996089455,-0.737552025493509,0.460786717503522,0.876098704580508
"ENSMUSG00000115478",0.456798798674866,-2.25679853636401,3.05984996089455,-0.737552025493509,0.460786717503522,0.876098704580508
"ENSMUSG00000115504",0.15440512640842,-1.72502604588146,3.06715443518544,-0.5624190376893,0.573830551167177,0.876098704580508
"ENSMUSG00000115527",0.228399399337433,-1.72502604588146,3.06715443518544,-0.5624190376893,0.573830551167177,0.876098704580508
"ENSMUSG00000115564",0.0774098601416201,-1.67784611285302,3.06756075417554,-0.546964264870432,0.584403283013636,0.876098704580508
"ENSMUSG00000115585",0.15440512640842,-1.72502604588146,3.06715443518544,-0.5624190376893,0.573830551167177,0.876098704580508
"ENSMUSG00000115596",0.274642048583684,-1.72502604588146,3.06715443518544,-0.5624190376893,0.573830551167177,0.876098704580508
"ENSMUSG00000115598",0.0774098601416201,-1.67784611285302,3.06756075417554,-0.546964264870432,0.584403283013636,0.876098704580508
"ENSMUSG00000115622",0.228399399337433,-1.72502604588146,3.06715443518544,-0.5624190376893,0.573830551167177,0.876098704580508
"ENSMUSG00000115661",0.549284097167367,-2.25679853636401,3.05984996089455,-0.737552025493509,0.460786717503522,0.876098704580508
"ENSMUSG00000115691",0.617620505633681,-2.25679853636401,3.05984996089455,-0.737552025493509,0.460786717503522,0.876098704580508
"ENSMUSG00000115692",0.15481972028324,-1.97647658497433,3.06404624092385,-0.645054424628525,0.518891917027491,0.876098704580508
"ENSMUSG00000115734",0.274642048583684,-1.72502604588146,3.06715443518544,-0.5624190376893,0.573830551167177,0.876098704580508
"ENSMUSG00000115744",0.15440512640842,-1.72502604588146,3.06715443518544,-0.5624190376893,0.573830551167177,0.876098704580508
"ENSMUSG00000115745",3.95147833666257e-05,-1.28437469997752,3.06913879378388,-0.418480487939758,0.675595849628591,0.876098704580508
"ENSMUSG00000115791",0.0774098601416201,-1.67784611285302,3.06756075417554,-0.546964264870432,0.584403283013636,0.876098704580508
"ENSMUSG00000115802",0.0986383360988006,-1.72502604588146,3.06715443518544,-0.5624190376893,0.573830551167177,0.876098704580508
"ENSMUSG00000115814",0.0986383360988006,-1.72502604588146,3.06715443518544,-0.5624190376893,0.573830551167177,0.876098704580508
"ENSMUSG00000115819",0.30881025281684,-1.72502604588146,3.06715443518544,-0.5624190376893,0.573830551167177,0.876098704580508
"ENSMUSG00000115850",0.30881025281684,-1.72502604588146,3.06715443518544,-0.5624190376893,0.573830551167177,0.876098704580508
"ENSMUSG00000115877",0.549284097167367,-2.25679853636401,3.05984996089455,-0.737552025493509,0.460786717503522,0.876098704580508
"ENSMUSG00000115896",0.15440512640842,-1.72502604588146,3.06715443518544,-0.5624190376893,0.573830551167177,0.876098704580508
"ENSMUSG00000115912",0.228399399337433,-1.72502604588146,3.06715443518544,-0.5624190376893,0.573830551167177,0.876098704580508
"ENSMUSG00000115916",0.0774098601416201,-1.67784611285302,3.06756075417554,-0.546964264870432,0.584403283013636,0.876098704580508
"ENSMUSG00000115924",0.30881025281684,-1.72502604588146,3.06715443518544,-0.5624190376893,0.573830551167177,0.876098704580508
"ENSMUSG00000115980",0.0986383360988006,-1.72502604588146,3.06715443518544,-0.5624190376893,0.573830551167177,0.876098704580508
"ENSMUSG00000116044",0.0774098601416201,-1.67784611285302,3.06756075417554,-0.546964264870432,0.584403283013636,0.876098704580508
"ENSMUSG00000116093",2.16167176971788,-4.46671642559448,3.00382902268338,-1.487007546656,0.137012817783412,0.876098704580508
"ENSMUSG00000116095",0.274642048583684,-1.72502604588146,3.06715443518544,-0.5624190376893,0.573830551167177,0.876098704580508
"ENSMUSG00000116127",0.0986383360988006,-1.72502604588146,3.06715443518544,-0.5624190376893,0.573830551167177,0.876098704580508
"ENSMUSG00000116182",0.0774098601416201,-1.67784611285302,3.06756075417554,-0.546964264870432,0.584403283013636,0.876098704580508
"ENSMUSG00000116192",0.228399399337433,-1.72502604588146,3.06715443518544,-0.5624190376893,0.573830551167177,0.876098704580508
"ENSMUSG00000116242",3.95147833666257e-05,-1.28437469997752,3.06913879378388,-0.418480487939758,0.675595849628591,0.876098704580508
"ENSMUSG00000116343",0.30881025281684,-1.72502604588146,3.06715443518544,-0.5624190376893,0.573830551167177,0.876098704580508
"ENSMUSG00000116383",0.549284097167367,-2.25679853636401,3.05984996089455,-0.737552025493509,0.460786717503522,0.876098704580508
"ENSMUSG00000116402",0.617620505633681,-2.25679853636401,3.05984996089455,-0.737552025493509,0.460786717503522,0.876098704580508
"ENSMUSG00000116416",0.228399399337433,-1.72502604588146,3.06715443518544,-0.5624190376893,0.573830551167177,0.876098704580508
"ENSMUSG00000116428",0.456798798674866,-2.25679853636401,3.05984996089455,-0.737552025493509,0.460786717503522,0.876098704580508
"ENSMUSG00000116445",0.15440512640842,-1.72502604588146,3.06715443518544,-0.5624190376893,0.573830551167177,0.876098704580508
"ENSMUSG00000116499",0.274642048583684,-1.72502604588146,3.06715443518544,-0.5624190376893,0.573830551167177,0.876098704580508
"ENSMUSG00000116534",0.617620505633681,-2.25679853636401,3.05984996089455,-0.737552025493509,0.460786717503522,0.876098704580508
"ENSMUSG00000116548",0.295915008296402,-2.36313470922624,3.05843324320251,-0.772661857007471,0.439722525956278,0.876098704580508
"ENSMUSG00000116569",0.0986383360988006,-1.72502604588146,3.06715443518544,-0.5624190376893,0.573830551167177,0.876098704580508
"ENSMUSG00000116597",0.456798798674866,-2.25679853636401,3.05984996089455,-0.737552025493509,0.460786717503522,0.876098704580508
"ENSMUSG00000116631",3.95147833666257e-05,-1.28437469997752,3.06913879378388,-0.418480487939758,0.675595849628591,0.876098704580508
"ENSMUSG00000116635",0.295915008296402,-2.36313470922624,3.05843324320251,-0.772661857007471,0.439722525956278,0.876098704580508
"ENSMUSG00000116641",0.274642048583684,-1.72502604588146,3.06715443518544,-0.5624190376893,0.573830551167177,0.876098704580508
"ENSMUSG00000116645",0.0986383360988006,-1.72502604588146,3.06715443518544,-0.5624190376893,0.573830551167177,0.876098704580508
"ENSMUSG00000116714",0.274642048583684,-1.72502604588146,3.06715443518544,-0.5624190376893,0.573830551167177,0.876098704580508
"ENSMUSG00000116720",0.456798798674866,-2.25679853636401,3.05984996089455,-0.737552025493509,0.460786717503522,0.876098704580508
"ENSMUSG00000116741",0.274642048583684,-1.72502604588146,3.06715443518544,-0.5624190376893,0.573830551167177,0.876098704580508
"ENSMUSG00000116759",0.0986383360988006,-1.72502604588146,3.06715443518544,-0.5624190376893,0.573830551167177,0.876098704580508
"ENSMUSG00000116763",0.0774098601416201,-1.67784611285302,3.06756075417554,-0.546964264870432,0.584403283013636,0.876098704580508
"ENSMUSG00000116766",0.274642048583684,-1.72502604588146,3.06715443518544,-0.5624190376893,0.573830551167177,0.876098704580508
"ENSMUSG00000116793",3.95147833666257e-05,-1.28437469997752,3.06913879378388,-0.418480487939758,0.675595849628591,0.876098704580508
"ENSMUSG00000116798",0.15440512640842,-1.72502604588146,3.06715443518544,-0.5624190376893,0.573830551167177,0.876098704580508
"ENSMUSG00000116812",0.463215379225261,-2.67598741681572,3.05321667632186,-0.876448578827828,0.38078621906369,0.876098704580508
"ENSMUSG00000116813",3.95147833666257e-05,-1.28437469997752,3.06913879378388,-0.418480487939758,0.675595849628591,0.876098704580508
"ENSMUSG00000116814",3.95147833666257e-05,-1.28437469997752,3.06913879378388,-0.418480487939758,0.675595849628591,0.876098704580508
"ENSMUSG00000116820",0.228399399337433,-1.72502604588146,3.06715443518544,-0.5624190376893,0.573830551167177,0.876098704580508
"ENSMUSG00000116823",7.90295667332514e-05,-1.28357969332704,3.06913877993551,-0.418221457341208,0.675785208891514,0.876098704580508
"ENSMUSG00000116826",3.95147833666257e-05,-1.28437469997752,3.06913879378388,-0.418480487939758,0.675595849628591,0.876098704580508
"ENSMUSG00000116843",0.0986383360988006,-1.72502604588146,3.06715443518544,-0.5624190376893,0.573830551167177,0.876098704580508
"ENSMUSG00000116872",0.30881025281684,-1.72502604588146,3.06715443518544,-0.5624190376893,0.573830551167177,0.876098704580508
"ENSMUSG00000116888",0.15440512640842,-1.72502604588146,3.06715443518544,-0.5624190376893,0.573830551167177,0.876098704580508
"ENSMUSG00000116900",0.295915008296402,-2.36313470922624,3.05843324320251,-0.772661857007471,0.439722525956278,0.876098704580508
"ENSMUSG00000116940",0.30881025281684,-2.25679853636401,3.05984996089455,-0.737552025493509,0.460786717503522,0.876098704580508
"ENSMUSG00000116942",0.617620505633681,-2.25679853636401,3.05984996089455,-0.737552025493509,0.460786717503522,0.876098704580508
"ENSMUSG00000116962",3.95147833666257e-05,-1.28437469997752,3.06913879378388,-0.418480487939758,0.675595849628591,0.876098704580508
"ENSMUSG00000116975",0.456798798674866,-2.25679853636401,3.05984996089455,-0.737552025493509,0.460786717503522,0.876098704580508
"ENSMUSG00000116991",0.30881025281684,-1.72502604588146,3.06715443518544,-0.5624190376893,0.573830551167177,0.876098704580508
"ENSMUSG00000116996",0.0774098601416201,-1.67784611285302,3.06756075417554,-0.546964264870432,0.584403283013636,0.876098704580508
"ENSMUSG00000117031",0.0774098601416201,-1.67784611285302,3.06756075417554,-0.546964264870432,0.584403283013636,0.876098704580508
"ENSMUSG00000117059",0.0774098601416201,-1.67784611285302,3.06756075417554,-0.546964264870432,0.584403283013636,0.876098704580508
"ENSMUSG00000117102",0.30881025281684,-1.72502604588146,3.06715443518544,-0.5624190376893,0.573830551167177,0.876098704580508
"ENSMUSG00000117120",0.0986383360988006,-1.72502604588146,3.06715443518544,-0.5624190376893,0.573830551167177,0.876098704580508
"ENSMUSG00000117159",0.197276672197601,-2.10120506970855,3.06209288870195,-0.686198997248339,0.49258763003571,0.876098704580508
"ENSMUSG00000117163",0.617620505633681,-2.25679853636401,3.05984996089455,-0.737552025493509,0.460786717503522,0.876098704580508
"ENSMUSG00000117164",0.823926145751051,-2.88219348658732,3.04953088018298,-0.945126840759975,0.344594123762453,0.876098704580508
"ENSMUSG00000117172",3.95147833666257e-05,-1.28437469997752,3.06913879378388,-0.418480487939758,0.675595849628591,0.876098704580508
"ENSMUSG00000117176",3.95147833666257e-05,-1.28437469997752,3.06913879378388,-0.418480487939758,0.675595849628591,0.876098704580508
"ENSMUSG00000117181",7.90295667332514e-05,-1.28357969332704,3.06913877993551,-0.418221457341208,0.675785208891514,0.876098704580508
"ENSMUSG00000117185",0.23222958042486,-2.21608993519735,3.06041680539324,-0.724113764926409,0.468995894596022,0.876098704580508
"ENSMUSG00000117197",0.274642048583684,-1.72502604588146,3.06715443518544,-0.5624190376893,0.573830551167177,0.876098704580508
"ENSMUSG00000117219",0.0774098601416201,-1.67784611285302,3.06756075417554,-0.546964264870432,0.584403283013636,0.876098704580508
"ENSMUSG00000117251",1.23524101126736,-3.63412723896647,3.02910877412275,-1.19973480979366,0.230242349311484,0.876098704580508
"ENSMUSG00000117269",3.95147833666257e-05,-1.28437469997752,3.06913879378388,-0.418480487939758,0.675595849628591,0.876098704580508
"ENSMUSG00000117291",3.95147833666257e-05,-1.28437469997752,3.06913879378388,-0.418480487939758,0.675595849628591,0.876098704580508
"ENSMUSG00000117321",0.274642048583684,-1.72502604588146,3.06715443518544,-0.5624190376893,0.573830551167177,0.876098704580508
"ENSMUSG00000117377",0.0986383360988006,-1.72502604588146,3.06715443518544,-0.5624190376893,0.573830551167177,0.876098704580508
"ENSMUSG00000117391",0.197276672197601,-2.10120506970855,3.06209288870195,-0.686198997248339,0.49258763003571,0.876098704580508
"ENSMUSG00000117407",0.15481972028324,-1.97647658497433,3.06404624092385,-0.645054424628525,0.518891917027491,0.876098704580508
"ENSMUSG00000117412",0.0774098601416201,-1.67784611285302,3.06756075417554,-0.546964264870432,0.584403283013636,0.876098704580508
"ENSMUSG00000117414",3.95147833666257e-05,-1.28437469997752,3.06913879378388,-0.418480487939758,0.675595849628591,0.876098704580508
"ENSMUSG00000117425",0.549284097167367,-2.25679853636401,3.05984996089455,-0.737552025493509,0.460786717503522,0.876098704580508
"ENSMUSG00000117426",3.95147833666257e-05,-1.28437469997752,3.06913879378388,-0.418480487939758,0.675595849628591,0.876098704580508
"ENSMUSG00000117447",0.456798798674866,-2.25679853636401,3.05984996089455,-0.737552025493509,0.460786717503522,0.876098704580508
"ENSMUSG00000117463",0.274642048583684,-1.72502604588146,3.06715443518544,-0.5624190376893,0.573830551167177,0.876098704580508
"ENSMUSG00000117572",3.95147833666257e-05,-1.28437469997752,3.06913879378388,-0.418480487939758,0.675595849628591,0.876098704580508
"ENSMUSG00000117588",0.0774098601416201,-1.67784611285302,3.06756075417554,-0.546964264870432,0.584403283013636,0.876098704580508
"ENSMUSG00000117592",0.30881025281684,-1.72502604588146,3.06715443518544,-0.5624190376893,0.573830551167177,0.876098704580508
"ENSMUSG00000117596",0.30881025281684,-1.72502604588146,3.06715443518544,-0.5624190376893,0.573830551167177,0.876098704580508
"ENSMUSG00000117601",0.228399399337433,-1.72502604588146,3.06715443518544,-0.5624190376893,0.573830551167177,0.876098704580508
"ENSMUSG00000117608",3.95147833666257e-05,-1.28437469997752,3.06913879378388,-0.418480487939758,0.675595849628591,0.876098704580508
"ENSMUSG00000117611",0.0774098601416201,-1.67784611285302,3.06756075417554,-0.546964264870432,0.584403283013636,0.876098704580508
"ENSMUSG00000117692",0.549284097167367,-2.25679853636401,3.05984996089455,-0.737552025493509,0.460786717503522,0.876098704580508
"ENSMUSG00000117711",0.0986383360988006,-1.72502604588146,3.06715443518544,-0.5624190376893,0.573830551167177,0.876098704580508
"ENSMUSG00000117713",0.617620505633681,-2.25679853636401,3.05984996089455,-0.737552025493509,0.460786717503522,0.876098704580508
"ENSMUSG00000117720",0.0774098601416201,-1.67784611285302,3.06756075417554,-0.546964264870432,0.584403283013636,0.876098704580508
"ENSMUSG00000117739",0.274642048583684,-1.72502604588146,3.06715443518544,-0.5624190376893,0.573830551167177,0.876098704580508
"ENSMUSG00000117743",0.000118544350099877,-1.28278556126495,3.06913876610999,-0.417962711699356,0.675974380323377,0.876098704580508
"ENSMUSG00000117753",0.274642048583684,-1.72502604588146,3.06715443518544,-0.5624190376893,0.573830551167177,0.876098704580508
"ENSMUSG00000117764",0.197276672197601,-2.10120506970855,3.06209288870195,-0.686198997248339,0.49258763003571,0.876098704580508
"ENSMUSG00000117779",0.30881025281684,-2.25679853636401,3.05984996089455,-0.737552025493509,0.460786717503522,0.876098704580508
"ENSMUSG00000117785",0.274642048583684,-1.72502604588146,3.06715443518544,-0.5624190376893,0.573830551167177,0.876098704580508
"ENSMUSG00000117800",0.15440512640842,-1.72502604588146,3.06715443518544,-0.5624190376893,0.573830551167177,0.876098704580508
"ENSMUSG00000117811",7.90295667332514e-05,-1.28357969332704,3.06913877993551,-0.418221457341208,0.675785208891514,0.876098704580508
"ENSMUSG00000117831",0.274642048583684,-1.72502604588146,3.06715443518544,-0.5624190376893,0.573830551167177,0.876098704580508
"ENSMUSG00000117841",0.000118544350099877,-1.28278556126495,3.06913876610999,-0.417962711699356,0.675974380323377,0.876098704580508
"ENSMUSG00000117891",3.95147833666257e-05,-1.28437469997752,3.06913879378388,-0.418480487939758,0.675595849628591,0.876098704580508
"ENSMUSG00000117896",0.0986383360988006,-1.72502604588146,3.06715443518544,-0.5624190376893,0.573830551167177,0.876098704580508
"ENSMUSG00000117915",0.0774098601416201,-1.67784611285302,3.06756075417554,-0.546964264870432,0.584403283013636,0.876098704580508
"ENSMUSG00000117955",0.0986383360988006,-1.72502604588146,3.06715443518544,-0.5624190376893,0.573830551167177,0.876098704580508
"ENSMUSG00000117957",7.90295667332514e-05,-1.28357969332704,3.06913877993551,-0.418221457341208,0.675785208891514,0.876098704580508
"ENSMUSG00000117961",0.228399399337433,-1.72502604588146,3.06715443518544,-0.5624190376893,0.573830551167177,0.876098704580508
"ENSMUSG00000117966",0.30881025281684,-1.72502604588146,3.06715443518544,-0.5624190376893,0.573830551167177,0.876098704580508
"ENSMUSG00000118020",0.0774098601416201,-1.67784611285302,3.06756075417554,-0.546964264870432,0.584403283013636,0.876098704580508
"ENSMUSG00000118047",0.617620505633681,-2.25679853636401,3.05984996089455,-0.737552025493509,0.460786717503522,0.876098704580508
"ENSMUSG00000118098",0.228399399337433,-1.72502604588146,3.06715443518544,-0.5624190376893,0.573830551167177,0.876098704580508
"ENSMUSG00000118105",0.228399399337433,-1.72502604588146,3.06715443518544,-0.5624190376893,0.573830551167177,0.876098704580508
"ENSMUSG00000118116",0.15481972028324,-1.97647658497433,3.06404624092385,-0.645054424628525,0.518891917027491,0.876098704580508
"ENSMUSG00000118144",0.617620505633681,-2.25679853636401,3.05984996089455,-0.737552025493509,0.460786717503522,0.876098704580508
"ENSMUSG00000118146",3.95147833666257e-05,-1.28437469997752,3.06913879378388,-0.418480487939758,0.675595849628591,0.876098704580508
"ENSMUSG00000118156",0.0774098601416201,-1.67784611285302,3.06756075417554,-0.546964264870432,0.584403283013636,0.876098704580508
"ENSMUSG00000118157",0.30881025281684,-2.25679853636401,3.05984996089455,-0.737552025493509,0.460786717503522,0.876098704580508
"ENSMUSG00000118166",0.30881025281684,-1.72502604588146,3.06715443518544,-0.5624190376893,0.573830551167177,0.876098704580508
"ENSMUSG00000118167",0.15440512640842,-1.72502604588146,3.06715443518544,-0.5624190376893,0.573830551167177,0.876098704580508
"ENSMUSG00000118179",0.549284097167367,-2.25679853636401,3.05984996089455,-0.737552025493509,0.460786717503522,0.876098704580508
"ENSMUSG00000118180",0.30881025281684,-1.72502604588146,3.06715443518544,-0.5624190376893,0.573830551167177,0.876098704580508
"ENSMUSG00000118184",0.228399399337433,-1.72502604588146,3.06715443518544,-0.5624190376893,0.573830551167177,0.876098704580508
"ENSMUSG00000118207",0.65570705061137,1.41464991925683,3.03540752180686,0.466049421401823,0.641180125648095,0.876098704580508
"ENSMUSG00000118216",3.95147833666257e-05,-1.28437469997752,3.06913879378388,-0.418480487939758,0.675595849628591,0.876098704580508
"ENSMUSG00000118217",0.30881025281684,-1.72502604588146,3.06715443518544,-0.5624190376893,0.573830551167177,0.876098704580508
"ENSMUSG00000118229",0.000197573916833128,-1.28119991226544,3.06913873852723,-0.417446072470561,0.676352161440574,0.876098704580508
"ENSMUSG00000118238",0.30881025281684,-1.72502604588146,3.06715443518544,-0.5624190376893,0.573830551167177,0.876098704580508
"ENSMUSG00000118247",0.0774098601416201,-1.67784611285302,3.06756075417554,-0.546964264870432,0.584403283013636,0.876098704580508
"ENSMUSG00000118256",3.95147833666257e-05,-1.28437469997752,3.06913879378388,-0.418480487939758,0.675595849628591,0.876098704580508
"ENSMUSG00000118261",0.617620505633681,-2.25679853636401,3.05984996089455,-0.737552025493509,0.460786717503522,0.876098704580508
"ENSMUSG00000118275",0.0986383360988006,-1.72502604588146,3.06715443518544,-0.5624190376893,0.573830551167177,0.876098704580508
"ENSMUSG00000118291",0.15440512640842,-1.72502604588146,3.06715443518544,-0.5624190376893,0.573830551167177,0.876098704580508
"ENSMUSG00000118307",3.95147833666257e-05,-1.28437469997752,3.06913879378388,-0.418480487939758,0.675595849628591,0.876098704580508
"ENSMUSG00000118328",0.274642048583684,-1.72502604588146,3.06715443518544,-0.5624190376893,0.573830551167177,0.876098704580508
"ENSMUSG00000118342",0.609065064899822,1.40142581418934,3.03583928718312,0.461627142156686,0.644348726952073,0.876098704580508
"ENSMUSG00000118351",0.274642048583684,-1.72502604588146,3.06715443518544,-0.5624190376893,0.573830551167177,0.876098704580508
"ENSMUSG00000118378",0.0986383360988006,-1.72502604588146,3.06715443518544,-0.5624190376893,0.573830551167177,0.876098704580508
"ENSMUSG00000118389",0.15440512640842,-1.72502604588146,3.06715443518544,-0.5624190376893,0.573830551167177,0.876098704580508
"ENSMUSG00000118421",3.95147833666257e-05,-1.28437469997752,3.06913879378388,-0.418480487939758,0.675595849628591,0.876098704580508
"ENSMUSG00000118427",0.549284097167367,-2.25679853636401,3.05984996089455,-0.737552025493509,0.460786717503522,0.876098704580508
"ENSMUSG00000118435",0.197276672197601,-2.10120506970855,3.06209288870195,-0.686198997248339,0.49258763003571,0.876098704580508
"ENSMUSG00000118443",1.85286151690104,-4.23865132440863,3.00941678228771,-1.40846271256136,0.158994100677853,0.876098704580508
"ENSMUSG00000118469",0.197276672197601,-2.10120506970855,3.06209288870195,-0.686198997248339,0.49258763003571,0.876098704580508
"ENSMUSG00000118477",0.549284097167367,-2.25679853636401,3.05984996089455,-0.737552025493509,0.460786717503522,0.876098704580508
"ENSMUSG00000118513",0.823926145751051,-2.88219348658732,3.04953088018298,-0.945126840759975,0.344594123762453,0.876098704580508
"ENSMUSG00000118514",0.197276672197601,-2.10120506970855,3.06209288870195,-0.686198997248339,0.49258763003571,0.876098704580508
"ENSMUSG00000118523",0.0986383360988006,-1.72502604588146,3.06715443518544,-0.5624190376893,0.573830551167177,0.876098704580508
"ENSMUSG00000118526",0.0774098601416201,-1.67784611285302,3.06756075417554,-0.546964264870432,0.584403283013636,0.876098704580508
"ENSMUSG00000118546",0.274642048583684,-1.72502604588146,3.06715443518544,-0.5624190376893,0.573830551167177,0.876098704580508
"ENSMUSG00000118547",0.617620505633681,-2.25679853636401,3.05984996089455,-0.737552025493509,0.460786717503522,0.876098704580508
"ENSMUSG00000118551",3.95147833666257e-05,-1.28437469997752,3.06913879378388,-0.418480487939758,0.675595849628591,0.876098704580508
"ENSMUSG00000118563",7.90295667332514e-05,-1.28357969332704,3.06913877993551,-0.418221457341208,0.675785208891514,0.876098704580508
"ENSMUSG00000118591",1.85286151690104,-4.23865132440863,3.00941678228771,-1.40846271256136,0.158994100677853,0.876098704580508
"ENSMUSG00000118627",0.456798798674866,-2.25679853636401,3.05984996089455,-0.737552025493509,0.460786717503522,0.876098704580508
"ENSMUSG00000118640",0.463215379225261,-2.67598741681572,3.05321667632186,-0.876448578827828,0.38078621906369,0.876098704580508
"ENSMUSG00000118804",0.15481972028324,-1.97647658497433,3.06404624092385,-0.645054424628525,0.518891917027491,0.876098704580508
"ENSMUSG00000119049",0.228399399337433,-1.72502604588146,3.06715443518544,-0.5624190376893,0.573830551167177,0.876098704580508
"ENSMUSG00000119058",0.274642048583684,-1.72502604588146,3.06715443518544,-0.5624190376893,0.573830551167177,0.876098704580508
"ENSMUSG00000119577",0.518466040018293,1.14969661775828,3.04119525714764,0.378041039968143,0.705400106824679,0.876098704580508
"ENSMUSG00000119643",0.274642048583684,-1.72502604588146,3.06715443518544,-0.5624190376893,0.573830551167177,0.876098704580508
"ENSMUSG00000119765",0.0986383360988006,-1.72502604588146,3.06715443518544,-0.5624190376893,0.573830551167177,0.876098704580508
"ENSMUSG00000119782",0.274642048583684,-1.72502604588146,3.06715443518544,-0.5624190376893,0.573830551167177,0.876098704580508
"ENSMUSG00000119826",0.274642048583684,-1.72502604588146,3.06715443518544,-0.5624190376893,0.573830551167177,0.876098704580508
"ENSMUSG00000119906",0.15440512640842,-1.72502604588146,3.06715443518544,-0.5624190376893,0.573830551167177,0.876098704580508
"ENSMUSG00000119938",0.274642048583684,-1.72502604588146,3.06715443518544,-0.5624190376893,0.573830551167177,0.876098704580508
"ENSMUSG00000119940",3.95147833666257e-05,-1.28437469997752,3.06913879378388,-0.418480487939758,0.675595849628591,0.876098704580508
"ENSMUSG00000119958",0.30881025281684,-1.72502604588146,3.06715443518544,-0.5624190376893,0.573830551167177,0.876098704580508
"ENSMUSG00000119976",7.90295667332514e-05,-1.28357969332704,3.06913877993551,-0.418221457341208,0.675785208891514,0.876098704580508
"ENSMUSG00000119993",3.95147833666257e-05,-1.28437469997752,3.06913879378388,-0.418480487939758,0.675595849628591,0.876098704580508
"ENSMUSG00000120015",0.0986383360988006,-1.72502604588146,3.06715443518544,-0.5624190376893,0.573830551167177,0.876098704580508
"ENSMUSG00000120023",3.95147833666257e-05,-1.28437469997752,3.06913879378388,-0.418480487939758,0.675595849628591,0.876098704580508
"ENSMUSG00000120083",0.30881025281684,-1.72502604588146,3.06715443518544,-0.5624190376893,0.573830551167177,0.876098704580508
"ENSMUSG00000120096",0.15440512640842,-1.72502604588146,3.06715443518544,-0.5624190376893,0.573830551167177,0.876098704580508
"ENSMUSG00000120124",0.0986383360988006,-1.72502604588146,3.06715443518544,-0.5624190376893,0.573830551167177,0.876098704580508
"ENSMUSG00000120137",0.30881025281684,-1.72502604588146,3.06715443518544,-0.5624190376893,0.573830551167177,0.876098704580508
"ENSMUSG00000120155",0.000237088700199754,-1.28040839102891,3.06913872476985,-0.417188177482894,0.676540771995111,0.876098704580508
"ENSMUSG00000120165",0.15440512640842,-1.72502604588146,3.06715443518544,-0.5624190376893,0.573830551167177,0.876098704580508
"ENSMUSG00000120217",0.0986383360988006,-1.72502604588146,3.06715443518544,-0.5624190376893,0.573830551167177,0.876098704580508
"ENSMUSG00000120218",0.30881025281684,-2.25679853636401,3.05984996089455,-0.737552025493509,0.460786717503522,0.876098704580508
"ENSMUSG00000120256",0.0986383360988006,-1.72502604588146,3.06715443518544,-0.5624190376893,0.573830551167177,0.876098704580508
"ENSMUSG00000120259",0.617620505633681,-2.25679853636401,3.05984996089455,-0.737552025493509,0.460786717503522,0.876098704580508
"ENSMUSG00000120273",3.95147833666257e-05,-1.28437469997752,3.06913879378388,-0.418480487939758,0.675595849628591,0.876098704580508
"ENSMUSG00000120283",0.0986383360988006,-1.72502604588146,3.06715443518544,-0.5624190376893,0.573830551167177,0.876098704580508
"ENSMUSG00000120305",0.913597597349733,-3.27870514164279,3.04183935423281,-1.07786926258297,0.281092104302613,0.876098704580508
"ENSMUSG00000120306",0.274642048583684,-1.72502604588146,3.06715443518544,-0.5624190376893,0.573830551167177,0.876098704580508
"ENSMUSG00000120313",0.30881025281684,-1.72502604588146,3.06715443518544,-0.5624190376893,0.573830551167177,0.876098704580508
"ENSMUSG00000120320",0.0774098601416201,-1.67784611285302,3.06756075417554,-0.546964264870432,0.584403283013636,0.876098704580508
"ENSMUSG00000120334",0.274642048583684,-1.72502604588146,3.06715443518544,-0.5624190376893,0.573830551167177,0.876098704580508
"ENSMUSG00000120345",0.000118544350099877,-1.28278556126495,3.06913876610999,-0.417962711699356,0.675974380323377,0.876098704580508
"ENSMUSG00000120354",3.95147833666257e-05,-1.28437469997752,3.06913879378388,-0.418480487939758,0.675595849628591,0.876098704580508
"ENSMUSG00000120366",0.913597597349733,-3.27870514164279,3.04183935423281,-1.07786926258297,0.281092104302613,0.876098704580508
"ENSMUSG00000120395",3.95147833666257e-05,-1.28437469997752,3.06913879378388,-0.418480487939758,0.675595849628591,0.876098704580508
"ENSMUSG00000120405",0.274642048583684,-1.72502604588146,3.06715443518544,-0.5624190376893,0.573830551167177,0.876098704580508
"ENSMUSG00000120446",0.228399399337433,-1.72502604588146,3.06715443518544,-0.5624190376893,0.573830551167177,0.876098704580508
"ENSMUSG00000120463",0.30881025281684,-1.72502604588146,3.06715443518544,-0.5624190376893,0.573830551167177,0.876098704580508
"ENSMUSG00000120478",0.0774098601416201,-1.67784611285302,3.06756075417554,-0.546964264870432,0.584403283013636,0.876098704580508
"ENSMUSG00000120480",0.0986383360988006,-1.72502604588146,3.06715443518544,-0.5624190376893,0.573830551167177,0.876098704580508
"ENSMUSG00000120496",0.0774098601416201,-1.67784611285302,3.06756075417554,-0.546964264870432,0.584403283013636,0.876098704580508
"ENSMUSG00000120500",7.90295667332514e-05,-1.28357969332704,3.06913877993551,-0.418221457341208,0.675785208891514,0.876098704580508
"ENSMUSG00000120506",0.0774098601416201,-1.67784611285302,3.06756075417554,-0.546964264870432,0.584403283013636,0.876098704580508
"ENSMUSG00000120531",0.000355633050299631,-1.27803901475298,3.06913868363296,-0.416416182679681,0.677105488823372,0.876098704580508
"ENSMUSG00000120548",0.0986383360988006,-1.72502604588146,3.06715443518544,-0.5624190376893,0.573830551167177,0.876098704580508
"ENSMUSG00000120560",0.274642048583684,-1.72502604588146,3.06715443518544,-0.5624190376893,0.573830551167177,0.876098704580508
"ENSMUSG00000120571",0.295915008296402,-2.36313470922624,3.05843324320251,-0.772661857007471,0.439722525956278,0.876098704580508
"ENSMUSG00000120580",0.15440512640842,-1.72502604588146,3.06715443518544,-0.5624190376893,0.573830551167177,0.876098704580508
"ENSMUSG00000120581",0.15481972028324,-1.97647658497433,3.06404624092385,-0.645054424628525,0.518891917027491,0.876098704580508
"ENSMUSG00000120587",0.456798798674866,-2.25679853636401,3.05984996089455,-0.737552025493509,0.460786717503522,0.876098704580508
"ENSMUSG00000120595",0.197276672197601,-2.10120506970855,3.06209288870195,-0.686198997248339,0.49258763003571,0.876098704580508
"ENSMUSG00000120621",3.95147833666257e-05,-1.28437469997752,3.06913879378388,-0.418480487939758,0.675595849628591,0.876098704580508
"ENSMUSG00000120645",3.95147833666257e-05,-1.28437469997752,3.06913879378388,-0.418480487939758,0.675595849628591,0.876098704580508
"ENSMUSG00000120651",0.30881025281684,-2.25679853636401,3.05984996089455,-0.737552025493509,0.460786717503522,0.876098704580508
"ENSMUSG00000120676",0.0986383360988006,-1.72502604588146,3.06715443518544,-0.5624190376893,0.573830551167177,0.876098704580508
"ENSMUSG00000120695",0.274642048583684,-1.72502604588146,3.06715443518544,-0.5624190376893,0.573830551167177,0.876098704580508
"ENSMUSG00000120701",0.000118544350099877,-1.28278556126495,3.06913876610999,-0.417962711699356,0.675974380323377,0.876098704580508
"ENSMUSG00000120703",0.15440512640842,-1.72502604588146,3.06715443518544,-0.5624190376893,0.573830551167177,0.876098704580508
"ENSMUSG00000120723",3.95147833666257e-05,-1.28437469997752,3.06913879378388,-0.418480487939758,0.675595849628591,0.876098704580508
"ENSMUSG00000120731",0.0986383360988006,-1.72502604588146,3.06715443518544,-0.5624190376893,0.573830551167177,0.876098704580508
"ENSMUSG00000120733",0.15440512640842,-1.72502604588146,3.06715443518544,-0.5624190376893,0.573830551167177,0.876098704580508
"ENSMUSG00000120771",3.95147833666257e-05,-1.28437469997752,3.06913879378388,-0.418480487939758,0.675595849628591,0.876098704580508
"ENSMUSG00000120773",0.30881025281684,-1.72502604588146,3.06715443518544,-0.5624190376893,0.573830551167177,0.876098704580508
"ENSMUSG00000120778",0.274642048583684,-1.72502604588146,3.06715443518544,-0.5624190376893,0.573830551167177,0.876098704580508
"ENSMUSG00000120783",0.274642048583684,-1.72502604588146,3.06715443518544,-0.5624190376893,0.573830551167177,0.876098704580508
"ENSMUSG00000120824",0.617620505633681,-2.25679853636401,3.05984996089455,-0.737552025493509,0.460786717503522,0.876098704580508
"ENSMUSG00000120838",0.30881025281684,-1.72502604588146,3.06715443518544,-0.5624190376893,0.573830551167177,0.876098704580508
"ENSMUSG00000120862",0.228399399337433,-1.72502604588146,3.06715443518544,-0.5624190376893,0.573830551167177,0.876098704580508
"ENSMUSG00000120867",0.0774098601416201,-1.67784611285302,3.06756075417554,-0.546964264870432,0.584403283013636,0.876098704580508
"ENSMUSG00000120871",0.274642048583684,-1.72502604588146,3.06715443518544,-0.5624190376893,0.573830551167177,0.876098704580508
"ENSMUSG00000120888",0.0774098601416201,-1.67784611285302,3.06756075417554,-0.546964264870432,0.584403283013636,0.876098704580508
"ENSMUSG00000120889",0.228399399337433,-1.72502604588146,3.06715443518544,-0.5624190376893,0.573830551167177,0.876098704580508
"ENSMUSG00000120909",0.0986383360988006,-1.72502604588146,3.06715443518544,-0.5624190376893,0.573830551167177,0.876098704580508
"ENSMUSG00000120938",0.000158059133466503,-1.281992301629,3.06913875230725,-0.417704250309718,0.676163364361256,0.876098704580508
"ENSMUSG00000120955",0.926430758450521,-2.88219348658732,3.04953088018298,-0.945126840759975,0.344594123762453,0.876098704580508
"ENSMUSG00000120974",0.274642048583684,-1.72502604588146,3.06715443518544,-0.5624190376893,0.573830551167177,0.876098704580508
"ENSMUSG00000120979",7.90295667332514e-05,-1.28357969332704,3.06913877993551,-0.418221457341208,0.675785208891514,0.876098704580508
"ENSMUSG00000121001",0.0774098601416201,-1.67784611285302,3.06756075417554,-0.546964264870432,0.584403283013636,0.876098704580508
"ENSMUSG00000121011",3.95147833666257e-05,-1.28437469997752,3.06913879378388,-0.418480487939758,0.675595849628591,0.876098704580508
"ENSMUSG00000121013",0.274642048583684,-1.72502604588146,3.06715443518544,-0.5624190376893,0.573830551167177,0.876098704580508
"ENSMUSG00000121038",0.30881025281684,-1.72502604588146,3.06715443518544,-0.5624190376893,0.573830551167177,0.876098704580508
"ENSMUSG00000121065",0.463215379225261,-2.67598741681572,3.05321667632186,-0.876448578827828,0.38078621906369,0.876098704580508
"ENSMUSG00000121077",0.0774098601416201,-1.67784611285302,3.06756075417554,-0.546964264870432,0.584403283013636,0.876098704580508
"ENSMUSG00000121108",0.0986383360988006,-1.72502604588146,3.06715443518544,-0.5624190376893,0.573830551167177,0.876098704580508
"ENSMUSG00000121132",0.228399399337433,-1.72502604588146,3.06715443518544,-0.5624190376893,0.573830551167177,0.876098704580508
"ENSMUSG00000121138",1.85286151690104,-4.23865132440863,3.00941678228771,-1.40846271256136,0.158994100677853,0.876098704580508
"ENSMUSG00000121145",0.617620505633681,-2.25679853636401,3.05984996089455,-0.737552025493509,0.460786717503522,0.876098704580508
"ENSMUSG00000121159",0.15440512640842,-1.72502604588146,3.06715443518544,-0.5624190376893,0.573830551167177,0.876098704580508
"ENSMUSG00000121175",0.274642048583684,-1.72502604588146,3.06715443518544,-0.5624190376893,0.573830551167177,0.876098704580508
"ENSMUSG00000121207",0.15440512640842,-1.72502604588146,3.06715443518544,-0.5624190376893,0.573830551167177,0.876098704580508
"ENSMUSG00000121219",0.15440512640842,-1.72502604588146,3.06715443518544,-0.5624190376893,0.573830551167177,0.876098704580508
"ENSMUSG00000121221",3.95147833666257e-05,-1.28437469997752,3.06913879378388,-0.418480487939758,0.675595849628591,0.876098704580508
"ENSMUSG00000121245",0.15440512640842,-1.72502604588146,3.06715443518544,-0.5624190376893,0.573830551167177,0.876098704580508
"ENSMUSG00000121272",0.274642048583684,-1.72502604588146,3.06715443518544,-0.5624190376893,0.573830551167177,0.876098704580508
"ENSMUSG00000121294",0.30881025281684,-1.72502604588146,3.06715443518544,-0.5624190376893,0.573830551167177,0.876098704580508
"ENSMUSG00000121316",0.274642048583684,-1.72502604588146,3.06715443518544,-0.5624190376893,0.573830551167177,0.876098704580508
"ENSMUSG00000121392",0.30881025281684,-2.25679853636401,3.05984996089455,-0.737552025493509,0.460786717503522,0.876098704580508
"ENSMUSG00000121411",0.0986383360988006,-1.72502604588146,3.06715443518544,-0.5624190376893,0.573830551167177,0.876098704580508
"ENSMUSG00000121480",0.0774098601416201,-1.67784611285302,3.06756075417554,-0.546964264870432,0.584403283013636,0.876098704580508
"ENSMUSG00000121498",0.15440512640842,-1.72502604588146,3.06715443518544,-0.5624190376893,0.573830551167177,0.876098704580508
"ENSMUSG00000121566",0.0986383360988006,-1.72502604588146,3.06715443518544,-0.5624190376893,0.573830551167177,0.876098704580508
"ENSMUSG00000121579",0.0986383360988006,-1.72502604588146,3.06715443518544,-0.5624190376893,0.573830551167177,0.876098704580508
"ENSMUSG00000121599",3.95147833666257e-05,-1.28437469997752,3.06913879378388,-0.418480487939758,0.675595849628591,0.876098704580508
"ENSMUSG00000121654",0.197276672197601,-2.10120506970855,3.06209288870195,-0.686198997248339,0.49258763003571,0.876098704580508
"ENSMUSG00000121662",0.0774098601416201,-1.67784611285302,3.06756075417554,-0.546964264870432,0.584403283013636,0.876098704580508
"ENSMUSG00000121679",0.0774098601416201,-1.67784611285302,3.06756075417554,-0.546964264870432,0.584403283013636,0.876098704580508
"ENSMUSG00000121683",0.15440512640842,-1.72502604588146,3.06715443518544,-0.5624190376893,0.573830551167177,0.876098704580508
"ENSMUSG00000121691",0.274642048583684,-1.72502604588146,3.06715443518544,-0.5624190376893,0.573830551167177,0.876098704580508
"ENSMUSG00000121713",0.228399399337433,-1.72502604588146,3.06715443518544,-0.5624190376893,0.573830551167177,0.876098704580508
"ENSMUSG00000121723",3.95147833666257e-05,-1.28437469997752,3.06913879378388,-0.418480487939758,0.675595849628591,0.876098704580508
"ENSMUSG00000121726",0.0774098601416201,-1.67784611285302,3.06756075417554,-0.546964264870432,0.584403283013636,0.876098704580508
"ENSMUSG00000121732",0.30881025281684,-2.25679853636401,3.05984996089455,-0.737552025493509,0.460786717503522,0.876098704580508
"ENSMUSG00000121733",0.000513692183766134,-1.27489211485564,3.06913862910109,-0.415390853566311,0.677855801235412,0.876098704580508
"ENSMUSG00000121736",0.228399399337433,-1.72502604588146,3.06715443518544,-0.5624190376893,0.573830551167177,0.876098704580508
"ENSMUSG00000121738",0.823926145751051,-2.88219348658732,3.04953088018298,-0.945126840759975,0.344594123762453,0.876098704580508
"ENSMUSG00000121739",0.456798798674866,-2.25679853636401,3.05984996089455,-0.737552025493509,0.460786717503522,0.876098704580508
"ENSMUSG00000121752",0.274642048583684,-1.72502604588146,3.06715443518544,-0.5624190376893,0.573830551167177,0.876098704580508
"ENSMUSG00000121757",0.15481972028324,-1.97647658497433,3.06404624092385,-0.645054424628525,0.518891917027491,0.876098704580508
"ENSMUSG00000121775",0.228399399337433,-1.72502604588146,3.06715443518544,-0.5624190376893,0.573830551167177,0.876098704580508
"ENSMUSG00000121792",0.23222958042486,-2.21608993519735,3.06041680539324,-0.724113764926409,0.468995894596022,0.876098704580508
"ENSMUSG00000121826",0.456798798674866,-2.25679853636401,3.05984996089455,-0.737552025493509,0.460786717503522,0.876098704580508
"ENSMUSG00000121856",3.95147833666257e-05,-1.28437469997752,3.06913879378388,-0.418480487939758,0.675595849628591,0.876098704580508
"ENSMUSG00000121864",0.000197573916833128,-1.28119991226544,3.06913873852723,-0.417446072470561,0.676352161440574,0.876098704580508
"ENSMUSG00000121877",0.00055320696713276,-1.27410745639621,3.06913861552244,-0.415135194595742,0.678042936438296,0.876098704580508
"ENSMUSG00000121909",0.228399399337433,-1.72502604588146,3.06715443518544,-0.5624190376893,0.573830551167177,0.876098704580508
"ENSMUSG00002074853",0.456798798674866,-2.25679853636401,3.05984996089455,-0.737552025493509,0.460786717503522,0.876098704580508
"ENSMUSG00002074928",0.274642048583684,-1.72502604588146,3.06715443518544,-0.5624190376893,0.573830551167177,0.876098704580508
"ENSMUSG00002074933",0.926430758450521,-2.88219348658732,3.04953088018298,-0.945126840759975,0.344594123762453,0.876098704580508
"ENSMUSG00002075004",0.456798798674866,-2.25679853636401,3.05984996089455,-0.737552025493509,0.460786717503522,0.876098704580508
"ENSMUSG00002075008",0.197276672197601,-2.10120506970855,3.06209288870195,-0.686198997248339,0.49258763003571,0.876098704580508
"ENSMUSG00002075041",0.0986383360988006,-1.72502604588146,3.06715443518544,-0.5624190376893,0.573830551167177,0.876098704580508
"ENSMUSG00002075060",3.95147833666257e-05,-1.28437469997752,3.06913879378388,-0.418480487939758,0.675595849628591,0.876098704580508
"ENSMUSG00002075075",0.274642048583684,-1.72502604588146,3.06715443518544,-0.5624190376893,0.573830551167177,0.876098704580508
"ENSMUSG00002075102",0.0774098601416201,-1.67784611285302,3.06756075417554,-0.546964264870432,0.584403283013636,0.876098704580508
"ENSMUSG00002075132",0.30881025281684,-1.72502604588146,3.06715443518544,-0.5624190376893,0.573830551167177,0.876098704580508
"ENSMUSG00002075175",0.0774098601416201,-1.67784611285302,3.06756075417554,-0.546964264870432,0.584403283013636,0.876098704580508
"ENSMUSG00002075185",7.90295667332514e-05,-1.28357969332704,3.06913877993551,-0.418221457341208,0.675785208891514,0.876098704580508
"ENSMUSG00002075199",0.15440512640842,-1.72502604588146,3.06715443518544,-0.5624190376893,0.573830551167177,0.876098704580508
"ENSMUSG00002075214",0.617620505633681,-2.25679853636401,3.05984996089455,-0.737552025493509,0.460786717503522,0.876098704580508
"ENSMUSG00002075229",0.228399399337433,-1.72502604588146,3.06715443518544,-0.5624190376893,0.573830551167177,0.876098704580508
"ENSMUSG00002075269",0.274642048583684,-1.72502604588146,3.06715443518544,-0.5624190376893,0.573830551167177,0.876098704580508
"ENSMUSG00002075295",0.274642048583684,-1.72502604588146,3.06715443518544,-0.5624190376893,0.573830551167177,0.876098704580508
"ENSMUSG00002075381",0.228399399337433,-1.72502604588146,3.06715443518544,-0.5624190376893,0.573830551167177,0.876098704580508
"ENSMUSG00002075382",0.274642048583684,-1.72502604588146,3.06715443518544,-0.5624190376893,0.573830551167177,0.876098704580508
"ENSMUSG00002075516",0.274642048583684,-1.72502604588146,3.06715443518544,-0.5624190376893,0.573830551167177,0.876098704580508
"ENSMUSG00002075624",0.648082550022866,1.43407606286565,3.03477986696275,0.472546980582448,0.636536416321681,0.876098704580508
"ENSMUSG00002075655",0.274642048583684,-1.72502604588146,3.06715443518544,-0.5624190376893,0.573830551167177,0.876098704580508
"ENSMUSG00002075666",0.228399399337433,-1.72502604588146,3.06715443518544,-0.5624190376893,0.573830551167177,0.876098704580508
"ENSMUSG00002075679",0.274642048583684,-1.72502604588146,3.06715443518544,-0.5624190376893,0.573830551167177,0.876098704580508
"ENSMUSG00002075699",0.30881025281684,-1.72502604588146,3.06715443518544,-0.5624190376893,0.573830551167177,0.876098704580508
"ENSMUSG00002075760",3.95147833666257e-05,-1.28437469997752,3.06913879378388,-0.418480487939758,0.675595849628591,0.876098704580508
"ENSMUSG00002075779",0.0986383360988006,-1.72502604588146,3.06715443518544,-0.5624190376893,0.573830551167177,0.876098704580508
"ENSMUSG00002075787",0.197276672197601,-2.10120506970855,3.06209288870195,-0.686198997248339,0.49258763003571,0.876098704580508
"ENSMUSG00002075889",0.0774098601416201,-1.67784611285302,3.06756075417554,-0.546964264870432,0.584403283013636,0.876098704580508
"ENSMUSG00002075895",0.000118544350099877,-1.28278556126495,3.06913876610999,-0.417962711699356,0.675974380323377,0.876098704580508
"ENSMUSG00002075981",0.0986383360988006,-1.72502604588146,3.06715443518544,-0.5624190376893,0.573830551167177,0.876098704580508
"ENSMUSG00002075991",0.228399399337433,-1.72502604588146,3.06715443518544,-0.5624190376893,0.573830551167177,0.876098704580508
"ENSMUSG00002076052",0.913597597349733,-3.27870514164279,3.04183935423281,-1.07786926258297,0.281092104302613,0.876098704580508
"ENSMUSG00002076058",0.0774098601416201,-1.67784611285302,3.06756075417554,-0.546964264870432,0.584403283013636,0.876098704580508
"ENSMUSG00002076112",0.274642048583684,-1.72502604588146,3.06715443518544,-0.5624190376893,0.573830551167177,0.876098704580508
"ENSMUSG00002076121",0.30881025281684,-1.72502604588146,3.06715443518544,-0.5624190376893,0.573830551167177,0.876098704580508
"ENSMUSG00002076224",0.0774098601416201,-1.67784611285302,3.06756075417554,-0.546964264870432,0.584403283013636,0.876098704580508
"ENSMUSG00002076243",0.0774098601416201,-1.67784611285302,3.06756075417554,-0.546964264870432,0.584403283013636,0.876098704580508
"ENSMUSG00002076295",0.274642048583684,-1.72502604588146,3.06715443518544,-0.5624190376893,0.573830551167177,0.876098704580508
"ENSMUSG00002076323",0.15440512640842,-1.72502604588146,3.06715443518544,-0.5624190376893,0.573830551167177,0.876098704580508
"ENSMUSG00002076382",0.274642048583684,-1.72502604588146,3.06715443518544,-0.5624190376893,0.573830551167177,0.876098704580508
"ENSMUSG00002076427",0.30963944056648,-2.40819674058621,3.05785988987547,-0.787543192727605,0.430963954181161,0.876098704580508
"ENSMUSG00002076529",0.0774098601416201,-1.67784611285302,3.06756075417554,-0.546964264870432,0.584403283013636,0.876098704580508
"ENSMUSG00002076647",0.274642048583684,-1.72502604588146,3.06715443518544,-0.5624190376893,0.573830551167177,0.876098704580508
"ENSMUSG00002076665",7.90295667332514e-05,-1.28357969332704,3.06913877993551,-0.418221457341208,0.675785208891514,0.876098704580508
"ENSMUSG00002076677",0.0986383360988006,-1.72502604588146,3.06715443518544,-0.5624190376893,0.573830551167177,0.876098704580508
"ENSMUSG00002076683",0.30881025281684,-1.72502604588146,3.06715443518544,-0.5624190376893,0.573830551167177,0.876098704580508
"ENSMUSG00002076721",0.228399399337433,-1.72502604588146,3.06715443518544,-0.5624190376893,0.573830551167177,0.876098704580508
"ENSMUSG00002076743",0.823926145751051,-2.88219348658732,3.04953088018298,-0.945126840759975,0.344594123762453,0.876098704580508
"ENSMUSG00002076777",0.274642048583684,-1.72502604588146,3.06715443518544,-0.5624190376893,0.573830551167177,0.876098704580508
"ENSMUSG00002076780",0.0774098601416201,-1.67784611285302,3.06756075417554,-0.546964264870432,0.584403283013636,0.876098704580508
"ENSMUSG00002076791",0.228399399337433,-1.72502604588146,3.06715443518544,-0.5624190376893,0.573830551167177,0.876098704580508
"ENSMUSG00002076811",0.228399399337433,-1.72502604588146,3.06715443518544,-0.5624190376893,0.573830551167177,0.876098704580508
"ENSMUSG00002076813",0.456798798674866,-2.25679853636401,3.05984996089455,-0.737552025493509,0.460786717503522,0.876098704580508
"ENSMUSG00002076827",0.274642048583684,-1.72502604588146,3.06715443518544,-0.5624190376893,0.573830551167177,0.876098704580508
"ENSMUSG00002076877",0.15481972028324,-1.97647658497433,3.06404624092385,-0.645054424628525,0.518891917027491,0.876098704580508
"ENSMUSG00002076903",0.228399399337433,-1.72502604588146,3.06715443518544,-0.5624190376893,0.573830551167177,0.876098704580508
"ENSMUSG00002076930",0.274642048583684,-1.72502604588146,3.06715443518544,-0.5624190376893,0.573830551167177,0.876098704580508
"ENSMUSG00002076954",0.0986383360988006,-1.72502604588146,3.06715443518544,-0.5624190376893,0.573830551167177,0.876098704580508
